2026-06-01 17:16:12,098 INFO  cn.edu.tsinghua.iot.benchmark.App:41 - Initial Heap Size: 536870912 bytes, Max Heap Size: 8392802304 bytes.  
2026-06-01 17:16:12,116 INFO  cn.edu.tsinghua.iot.benchmark.conf.ConfigDescriptor:661 - Benchmark not delete data before writing. 
2026-06-01 17:16:12,117 INFO  cn.edu.tsinghua.iot.benchmark.conf.ConfigDescriptor:965 - Init SensorTypes: BOOLEAN:INT32:INT64:FLOAT:DOUBLE:TEXT:STRING:BLOB:TIMESTAMP:DATE:OBJECT= 0:0:0:0:0:0:8:0:3:0:1 
2026-06-01 17:16:12,439 INFO  cn.edu.tsinghua.iot.benchmark.tsdb.DBWrapper:568 - Registering schema... 
2026-06-01 17:16:13,624 INFO  cn.edu.tsinghua.iot.benchmark.mode.BaseMode:244 - Registering schema successful! 
2026-06-01 17:16:13,624 INFO  cn.edu.tsinghua.iot.benchmark.schema.MetaDataSchema:66 - SCHEMA_CLIENT_DATA_SCHEMA has been cleared! 
2026-06-01 17:16:13,629 INFO  cn.edu.tsinghua.iot.benchmark.workload.GenerateDataWorkLoad:143 - Start Generating WorkLoad 
2026-06-01 17:16:13,676 INFO  cn.edu.tsinghua.iot.benchmark.workload.GenerateDataWorkLoad:199 - Finish 0.0 % WorkLoad Buffer 
2026-06-01 17:16:14,028 INFO  cn.edu.tsinghua.iot.benchmark.workload.GenerateDataWorkLoad:206 - Finish Generating WorkLoad 
2026-06-01 17:16:15,595 INFO  cn.edu.tsinghua.iot.benchmark.mode.BaseMode:102 - DataClientService-thread-1 0.00% workload is done. 
2026-06-01 17:16:15,596 INFO  cn.edu.tsinghua.iot.benchmark.mode.BaseMode:102 - DataClientService-thread-2 0.00% workload is done. 
2026-06-01 17:16:15,597 INFO  cn.edu.tsinghua.iot.benchmark.mode.BaseMode:102 - DataClientService-thread-3 0.00% workload is done. 
2026-06-01 17:16:15,597 INFO  cn.edu.tsinghua.iot.benchmark.mode.BaseMode:102 - DataClientService-thread-4 0.00% workload is done. 
2026-06-01 17:16:15,597 INFO  cn.edu.tsinghua.iot.benchmark.mode.BaseMode:102 - DataClientService-thread-5 0.00% workload is done. 
2026-06-01 17:16:15,597 INFO  cn.edu.tsinghua.iot.benchmark.mode.BaseMode:102 - DataClientService-thread-6 0.00% workload is done. 
2026-06-01 17:16:15,598 INFO  cn.edu.tsinghua.iot.benchmark.mode.BaseMode:102 - DataClientService-thread-7 0.00% workload is done. 
2026-06-01 17:16:15,598 INFO  cn.edu.tsinghua.iot.benchmark.mode.BaseMode:102 - DataClientService-thread-8 0.00% workload is done. 
2026-06-01 17:16:15,598 INFO  cn.edu.tsinghua.iot.benchmark.mode.BaseMode:102 - DataClientService-thread-9 0.00% workload is done. 
2026-06-01 17:16:15,598 INFO  cn.edu.tsinghua.iot.benchmark.mode.BaseMode:102 - DataClientService-thread-10 0.00% workload is done. 
2026-06-01 17:16:20,594 INFO  cn.edu.tsinghua.iot.benchmark.mode.BaseMode:102 - DataClientService-thread-1 0.20% workload is done. 
2026-06-01 17:16:20,594 INFO  cn.edu.tsinghua.iot.benchmark.mode.BaseMode:102 - DataClientService-thread-2 0.20% workload is done. 
2026-06-01 17:16:20,594 INFO  cn.edu.tsinghua.iot.benchmark.mode.BaseMode:102 - DataClientService-thread-3 0.20% workload is done. 
2026-06-01 17:16:20,595 INFO  cn.edu.tsinghua.iot.benchmark.mode.BaseMode:102 - DataClientService-thread-4 0.20% workload is done. 
2026-06-01 17:16:20,595 INFO  cn.edu.tsinghua.iot.benchmark.mode.BaseMode:102 - DataClientService-thread-5 0.30% workload is done. 
2026-06-01 17:16:20,595 INFO  cn.edu.tsinghua.iot.benchmark.mode.BaseMode:102 - DataClientService-thread-6 0.20% workload is done. 
2026-06-01 17:16:20,595 INFO  cn.edu.tsinghua.iot.benchmark.mode.BaseMode:102 - DataClientService-thread-7 0.20% workload is done. 
2026-06-01 17:16:20,595 INFO  cn.edu.tsinghua.iot.benchmark.mode.BaseMode:102 - DataClientService-thread-8 0.20% workload is done. 
2026-06-01 17:16:20,595 INFO  cn.edu.tsinghua.iot.benchmark.mode.BaseMode:102 - DataClientService-thread-9 0.20% workload is done. 
2026-06-01 17:16:20,595 INFO  cn.edu.tsinghua.iot.benchmark.mode.BaseMode:102 - DataClientService-thread-10 0.20% workload is done. 
2026-06-01 17:16:25,594 INFO  cn.edu.tsinghua.iot.benchmark.mode.BaseMode:102 - DataClientService-thread-1 0.40% workload is done. 
2026-06-01 17:16:25,594 INFO  cn.edu.tsinghua.iot.benchmark.mode.BaseMode:102 - DataClientService-thread-2 0.50% workload is done. 
2026-06-01 17:16:25,594 INFO  cn.edu.tsinghua.iot.benchmark.mode.BaseMode:102 - DataClientService-thread-3 0.60% workload is done. 
2026-06-01 17:16:25,595 INFO  cn.edu.tsinghua.iot.benchmark.mode.BaseMode:102 - DataClientService-thread-4 0.40% workload is done. 
2026-06-01 17:16:25,595 INFO  cn.edu.tsinghua.iot.benchmark.mode.BaseMode:102 - DataClientService-thread-5 0.60% workload is done. 
2026-06-01 17:16:25,595 INFO  cn.edu.tsinghua.iot.benchmark.mode.BaseMode:102 - DataClientService-thread-6 0.40% workload is done. 
2026-06-01 17:16:25,595 INFO  cn.edu.tsinghua.iot.benchmark.mode.BaseMode:102 - DataClientService-thread-7 0.40% workload is done. 
2026-06-01 17:16:25,595 INFO  cn.edu.tsinghua.iot.benchmark.mode.BaseMode:102 - DataClientService-thread-8 0.40% workload is done. 
2026-06-01 17:16:25,595 INFO  cn.edu.tsinghua.iot.benchmark.mode.BaseMode:102 - DataClientService-thread-9 0.40% workload is done. 
2026-06-01 17:16:25,595 INFO  cn.edu.tsinghua.iot.benchmark.mode.BaseMode:102 - DataClientService-thread-10 0.50% workload is done. 
2026-06-01 17:16:30,594 INFO  cn.edu.tsinghua.iot.benchmark.mode.BaseMode:102 - DataClientService-thread-1 0.80% workload is done. 
2026-06-01 17:16:30,594 INFO  cn.edu.tsinghua.iot.benchmark.mode.BaseMode:102 - DataClientService-thread-2 1.10% workload is done. 
2026-06-01 17:16:30,594 INFO  cn.edu.tsinghua.iot.benchmark.mode.BaseMode:102 - DataClientService-thread-3 0.80% workload is done. 
2026-06-01 17:16:30,594 INFO  cn.edu.tsinghua.iot.benchmark.mode.BaseMode:102 - DataClientService-thread-4 0.70% workload is done. 
2026-06-01 17:16:30,595 INFO  cn.edu.tsinghua.iot.benchmark.mode.BaseMode:102 - DataClientService-thread-5 0.80% workload is done. 
2026-06-01 17:16:30,595 INFO  cn.edu.tsinghua.iot.benchmark.mode.BaseMode:102 - DataClientService-thread-6 0.70% workload is done. 
2026-06-01 17:16:30,595 INFO  cn.edu.tsinghua.iot.benchmark.mode.BaseMode:102 - DataClientService-thread-7 0.60% workload is done. 
2026-06-01 17:16:30,595 INFO  cn.edu.tsinghua.iot.benchmark.mode.BaseMode:102 - DataClientService-thread-8 0.70% workload is done. 
2026-06-01 17:16:30,595 INFO  cn.edu.tsinghua.iot.benchmark.mode.BaseMode:102 - DataClientService-thread-9 0.60% workload is done. 
2026-06-01 17:16:30,595 INFO  cn.edu.tsinghua.iot.benchmark.mode.BaseMode:102 - DataClientService-thread-10 0.80% workload is done. 
2026-06-01 17:16:35,594 INFO  cn.edu.tsinghua.iot.benchmark.mode.BaseMode:102 - DataClientService-thread-1 1.10% workload is done. 
2026-06-01 17:16:35,594 INFO  cn.edu.tsinghua.iot.benchmark.mode.BaseMode:102 - DataClientService-thread-2 1.40% workload is done. 
2026-06-01 17:16:35,594 INFO  cn.edu.tsinghua.iot.benchmark.mode.BaseMode:102 - DataClientService-thread-3 1.20% workload is done. 
2026-06-01 17:16:35,595 INFO  cn.edu.tsinghua.iot.benchmark.mode.BaseMode:102 - DataClientService-thread-4 1.00% workload is done. 
2026-06-01 17:16:35,595 INFO  cn.edu.tsinghua.iot.benchmark.mode.BaseMode:102 - DataClientService-thread-5 1.20% workload is done. 
2026-06-01 17:16:35,595 INFO  cn.edu.tsinghua.iot.benchmark.mode.BaseMode:102 - DataClientService-thread-6 1.00% workload is done. 
2026-06-01 17:16:35,595 INFO  cn.edu.tsinghua.iot.benchmark.mode.BaseMode:102 - DataClientService-thread-7 1.00% workload is done. 
2026-06-01 17:16:35,595 INFO  cn.edu.tsinghua.iot.benchmark.mode.BaseMode:102 - DataClientService-thread-8 1.00% workload is done. 
2026-06-01 17:16:35,595 INFO  cn.edu.tsinghua.iot.benchmark.mode.BaseMode:102 - DataClientService-thread-9 0.90% workload is done. 
2026-06-01 17:16:35,595 INFO  cn.edu.tsinghua.iot.benchmark.mode.BaseMode:102 - DataClientService-thread-10 1.00% workload is done. 
2026-06-01 17:16:40,594 INFO  cn.edu.tsinghua.iot.benchmark.mode.BaseMode:102 - DataClientService-thread-1 1.40% workload is done. 
2026-06-01 17:16:40,594 INFO  cn.edu.tsinghua.iot.benchmark.mode.BaseMode:102 - DataClientService-thread-2 1.60% workload is done. 
2026-06-01 17:16:40,596 INFO  cn.edu.tsinghua.iot.benchmark.mode.BaseMode:102 - DataClientService-thread-3 1.40% workload is done. 
2026-06-01 17:16:40,596 INFO  cn.edu.tsinghua.iot.benchmark.mode.BaseMode:102 - DataClientService-thread-4 1.60% workload is done. 
2026-06-01 17:16:40,596 INFO  cn.edu.tsinghua.iot.benchmark.mode.BaseMode:102 - DataClientService-thread-5 1.50% workload is done. 
2026-06-01 17:16:40,596 INFO  cn.edu.tsinghua.iot.benchmark.mode.BaseMode:102 - DataClientService-thread-6 1.30% workload is done. 
2026-06-01 17:16:40,596 INFO  cn.edu.tsinghua.iot.benchmark.mode.BaseMode:102 - DataClientService-thread-7 1.20% workload is done. 
2026-06-01 17:16:40,596 INFO  cn.edu.tsinghua.iot.benchmark.mode.BaseMode:102 - DataClientService-thread-8 1.30% workload is done. 
2026-06-01 17:16:40,597 INFO  cn.edu.tsinghua.iot.benchmark.mode.BaseMode:102 - DataClientService-thread-9 1.10% workload is done. 
2026-06-01 17:16:40,597 INFO  cn.edu.tsinghua.iot.benchmark.mode.BaseMode:102 - DataClientService-thread-10 1.30% workload is done. 
2026-06-01 17:16:45,594 INFO  cn.edu.tsinghua.iot.benchmark.mode.BaseMode:102 - DataClientService-thread-1 1.70% workload is done. 
2026-06-01 17:16:45,594 INFO  cn.edu.tsinghua.iot.benchmark.mode.BaseMode:102 - DataClientService-thread-2 1.90% workload is done. 
2026-06-01 17:16:45,596 INFO  cn.edu.tsinghua.iot.benchmark.mode.BaseMode:102 - DataClientService-thread-3 1.80% workload is done. 
2026-06-01 17:16:45,596 INFO  cn.edu.tsinghua.iot.benchmark.mode.BaseMode:102 - DataClientService-thread-4 1.80% workload is done. 
2026-06-01 17:16:45,597 INFO  cn.edu.tsinghua.iot.benchmark.mode.BaseMode:102 - DataClientService-thread-5 1.70% workload is done. 
2026-06-01 17:16:45,597 INFO  cn.edu.tsinghua.iot.benchmark.mode.BaseMode:102 - DataClientService-thread-6 1.60% workload is done. 
2026-06-01 17:16:45,597 INFO  cn.edu.tsinghua.iot.benchmark.mode.BaseMode:102 - DataClientService-thread-7 1.60% workload is done. 
2026-06-01 17:16:45,597 INFO  cn.edu.tsinghua.iot.benchmark.mode.BaseMode:102 - DataClientService-thread-8 1.50% workload is done. 
2026-06-01 17:16:45,597 INFO  cn.edu.tsinghua.iot.benchmark.mode.BaseMode:102 - DataClientService-thread-9 1.40% workload is done. 
2026-06-01 17:16:45,597 INFO  cn.edu.tsinghua.iot.benchmark.mode.BaseMode:102 - DataClientService-thread-10 1.50% workload is done. 
2026-06-01 17:16:50,594 INFO  cn.edu.tsinghua.iot.benchmark.mode.BaseMode:102 - DataClientService-thread-1 2.10% workload is done. 
2026-06-01 17:16:50,596 INFO  cn.edu.tsinghua.iot.benchmark.mode.BaseMode:102 - DataClientService-thread-2 2.10% workload is done. 
2026-06-01 17:16:50,596 INFO  cn.edu.tsinghua.iot.benchmark.mode.BaseMode:102 - DataClientService-thread-3 2.00% workload is done. 
2026-06-01 17:16:50,597 INFO  cn.edu.tsinghua.iot.benchmark.mode.BaseMode:102 - DataClientService-thread-4 2.10% workload is done. 
2026-06-01 17:16:50,597 INFO  cn.edu.tsinghua.iot.benchmark.mode.BaseMode:102 - DataClientService-thread-5 2.00% workload is done. 
2026-06-01 17:16:50,597 INFO  cn.edu.tsinghua.iot.benchmark.mode.BaseMode:102 - DataClientService-thread-6 1.90% workload is done. 
2026-06-01 17:16:50,597 INFO  cn.edu.tsinghua.iot.benchmark.mode.BaseMode:102 - DataClientService-thread-7 1.80% workload is done. 
2026-06-01 17:16:50,597 INFO  cn.edu.tsinghua.iot.benchmark.mode.BaseMode:102 - DataClientService-thread-8 1.80% workload is done. 
2026-06-01 17:16:50,598 INFO  cn.edu.tsinghua.iot.benchmark.mode.BaseMode:102 - DataClientService-thread-9 1.60% workload is done. 
2026-06-01 17:16:50,598 INFO  cn.edu.tsinghua.iot.benchmark.mode.BaseMode:102 - DataClientService-thread-10 1.80% workload is done. 
2026-06-01 17:16:55,594 INFO  cn.edu.tsinghua.iot.benchmark.mode.BaseMode:102 - DataClientService-thread-1 2.30% workload is done. 
2026-06-01 17:16:55,594 INFO  cn.edu.tsinghua.iot.benchmark.mode.BaseMode:102 - DataClientService-thread-2 2.40% workload is done. 
2026-06-01 17:16:55,596 INFO  cn.edu.tsinghua.iot.benchmark.mode.BaseMode:102 - DataClientService-thread-3 2.30% workload is done. 
2026-06-01 17:16:55,596 INFO  cn.edu.tsinghua.iot.benchmark.mode.BaseMode:102 - DataClientService-thread-4 2.40% workload is done. 
2026-06-01 17:16:55,596 INFO  cn.edu.tsinghua.iot.benchmark.mode.BaseMode:102 - DataClientService-thread-5 2.20% workload is done. 
2026-06-01 17:16:55,596 INFO  cn.edu.tsinghua.iot.benchmark.mode.BaseMode:102 - DataClientService-thread-6 2.10% workload is done. 
2026-06-01 17:16:55,596 INFO  cn.edu.tsinghua.iot.benchmark.mode.BaseMode:102 - DataClientService-thread-7 2.10% workload is done. 
2026-06-01 17:16:55,596 INFO  cn.edu.tsinghua.iot.benchmark.mode.BaseMode:102 - DataClientService-thread-8 2.00% workload is done. 
2026-06-01 17:16:55,596 INFO  cn.edu.tsinghua.iot.benchmark.mode.BaseMode:102 - DataClientService-thread-9 1.90% workload is done. 
2026-06-01 17:16:55,597 INFO  cn.edu.tsinghua.iot.benchmark.mode.BaseMode:102 - DataClientService-thread-10 2.00% workload is done. 
2026-06-01 17:17:00,594 INFO  cn.edu.tsinghua.iot.benchmark.mode.BaseMode:102 - DataClientService-thread-1 2.60% workload is done. 
2026-06-01 17:17:00,594 INFO  cn.edu.tsinghua.iot.benchmark.mode.BaseMode:102 - DataClientService-thread-2 2.60% workload is done. 
2026-06-01 17:17:00,596 INFO  cn.edu.tsinghua.iot.benchmark.mode.BaseMode:102 - DataClientService-thread-3 2.60% workload is done. 
2026-06-01 17:17:00,596 INFO  cn.edu.tsinghua.iot.benchmark.mode.BaseMode:102 - DataClientService-thread-4 2.70% workload is done. 
2026-06-01 17:17:00,596 INFO  cn.edu.tsinghua.iot.benchmark.mode.BaseMode:102 - DataClientService-thread-5 2.50% workload is done. 
2026-06-01 17:17:00,596 INFO  cn.edu.tsinghua.iot.benchmark.mode.BaseMode:102 - DataClientService-thread-6 2.40% workload is done. 
2026-06-01 17:17:00,596 INFO  cn.edu.tsinghua.iot.benchmark.mode.BaseMode:102 - DataClientService-thread-7 2.30% workload is done. 
2026-06-01 17:17:00,596 INFO  cn.edu.tsinghua.iot.benchmark.mode.BaseMode:102 - DataClientService-thread-8 2.30% workload is done. 
2026-06-01 17:17:00,596 INFO  cn.edu.tsinghua.iot.benchmark.mode.BaseMode:102 - DataClientService-thread-9 2.10% workload is done. 
2026-06-01 17:17:00,596 INFO  cn.edu.tsinghua.iot.benchmark.mode.BaseMode:102 - DataClientService-thread-10 2.30% workload is done. 
2026-06-01 17:17:05,594 INFO  cn.edu.tsinghua.iot.benchmark.mode.BaseMode:102 - DataClientService-thread-1 2.80% workload is done. 
2026-06-01 17:17:05,594 INFO  cn.edu.tsinghua.iot.benchmark.mode.BaseMode:102 - DataClientService-thread-2 2.90% workload is done. 
2026-06-01 17:17:05,596 INFO  cn.edu.tsinghua.iot.benchmark.mode.BaseMode:102 - DataClientService-thread-3 2.90% workload is done. 
2026-06-01 17:17:05,596 INFO  cn.edu.tsinghua.iot.benchmark.mode.BaseMode:102 - DataClientService-thread-4 3.00% workload is done. 
2026-06-01 17:17:05,596 INFO  cn.edu.tsinghua.iot.benchmark.mode.BaseMode:102 - DataClientService-thread-5 2.70% workload is done. 
2026-06-01 17:17:05,596 INFO  cn.edu.tsinghua.iot.benchmark.mode.BaseMode:102 - DataClientService-thread-6 2.60% workload is done. 
2026-06-01 17:17:05,596 INFO  cn.edu.tsinghua.iot.benchmark.mode.BaseMode:102 - DataClientService-thread-7 2.60% workload is done. 
2026-06-01 17:17:05,596 INFO  cn.edu.tsinghua.iot.benchmark.mode.BaseMode:102 - DataClientService-thread-8 2.50% workload is done. 
2026-06-01 17:17:05,596 INFO  cn.edu.tsinghua.iot.benchmark.mode.BaseMode:102 - DataClientService-thread-9 2.40% workload is done. 
2026-06-01 17:17:05,596 INFO  cn.edu.tsinghua.iot.benchmark.mode.BaseMode:102 - DataClientService-thread-10 2.50% workload is done. 
2026-06-01 17:17:10,594 INFO  cn.edu.tsinghua.iot.benchmark.mode.BaseMode:102 - DataClientService-thread-1 3.10% workload is done. 
2026-06-01 17:17:10,596 INFO  cn.edu.tsinghua.iot.benchmark.mode.BaseMode:102 - DataClientService-thread-2 3.10% workload is done. 
2026-06-01 17:17:10,596 INFO  cn.edu.tsinghua.iot.benchmark.mode.BaseMode:102 - DataClientService-thread-3 3.10% workload is done. 
2026-06-01 17:17:10,596 INFO  cn.edu.tsinghua.iot.benchmark.mode.BaseMode:102 - DataClientService-thread-4 3.30% workload is done. 
2026-06-01 17:17:10,596 INFO  cn.edu.tsinghua.iot.benchmark.mode.BaseMode:102 - DataClientService-thread-5 3.00% workload is done. 
2026-06-01 17:17:10,596 INFO  cn.edu.tsinghua.iot.benchmark.mode.BaseMode:102 - DataClientService-thread-6 2.90% workload is done. 
2026-06-01 17:17:10,596 INFO  cn.edu.tsinghua.iot.benchmark.mode.BaseMode:102 - DataClientService-thread-7 2.80% workload is done. 
2026-06-01 17:17:10,596 INFO  cn.edu.tsinghua.iot.benchmark.mode.BaseMode:102 - DataClientService-thread-8 2.80% workload is done. 
2026-06-01 17:17:10,596 INFO  cn.edu.tsinghua.iot.benchmark.mode.BaseMode:102 - DataClientService-thread-9 2.60% workload is done. 
2026-06-01 17:17:10,596 INFO  cn.edu.tsinghua.iot.benchmark.mode.BaseMode:102 - DataClientService-thread-10 2.80% workload is done. 
2026-06-01 17:17:15,594 INFO  cn.edu.tsinghua.iot.benchmark.mode.BaseMode:102 - DataClientService-thread-1 3.40% workload is done. 
2026-06-01 17:17:15,595 INFO  cn.edu.tsinghua.iot.benchmark.mode.BaseMode:102 - DataClientService-thread-2 3.40% workload is done. 
2026-06-01 17:17:15,596 INFO  cn.edu.tsinghua.iot.benchmark.mode.BaseMode:102 - DataClientService-thread-3 3.40% workload is done. 
2026-06-01 17:17:15,596 INFO  cn.edu.tsinghua.iot.benchmark.mode.BaseMode:102 - DataClientService-thread-4 3.50% workload is done. 
2026-06-01 17:17:15,596 INFO  cn.edu.tsinghua.iot.benchmark.mode.BaseMode:102 - DataClientService-thread-5 3.20% workload is done. 
2026-06-01 17:17:15,596 INFO  cn.edu.tsinghua.iot.benchmark.mode.BaseMode:102 - DataClientService-thread-6 3.10% workload is done. 
2026-06-01 17:17:15,596 INFO  cn.edu.tsinghua.iot.benchmark.mode.BaseMode:102 - DataClientService-thread-7 3.10% workload is done. 
2026-06-01 17:17:15,596 INFO  cn.edu.tsinghua.iot.benchmark.mode.BaseMode:102 - DataClientService-thread-8 3.10% workload is done. 
2026-06-01 17:17:15,596 INFO  cn.edu.tsinghua.iot.benchmark.mode.BaseMode:102 - DataClientService-thread-9 2.90% workload is done. 
2026-06-01 17:17:15,596 INFO  cn.edu.tsinghua.iot.benchmark.mode.BaseMode:102 - DataClientService-thread-10 3.00% workload is done. 
2026-06-01 17:17:20,594 INFO  cn.edu.tsinghua.iot.benchmark.mode.BaseMode:102 - DataClientService-thread-1 3.60% workload is done. 
2026-06-01 17:17:20,596 INFO  cn.edu.tsinghua.iot.benchmark.mode.BaseMode:102 - DataClientService-thread-2 3.70% workload is done. 
2026-06-01 17:17:20,596 INFO  cn.edu.tsinghua.iot.benchmark.mode.BaseMode:102 - DataClientService-thread-3 3.70% workload is done. 
2026-06-01 17:17:20,596 INFO  cn.edu.tsinghua.iot.benchmark.mode.BaseMode:102 - DataClientService-thread-4 3.80% workload is done. 
2026-06-01 17:17:20,596 INFO  cn.edu.tsinghua.iot.benchmark.mode.BaseMode:102 - DataClientService-thread-5 3.50% workload is done. 
2026-06-01 17:17:20,596 INFO  cn.edu.tsinghua.iot.benchmark.mode.BaseMode:102 - DataClientService-thread-6 3.40% workload is done. 
2026-06-01 17:17:20,596 INFO  cn.edu.tsinghua.iot.benchmark.mode.BaseMode:102 - DataClientService-thread-7 3.30% workload is done. 
2026-06-01 17:17:20,596 INFO  cn.edu.tsinghua.iot.benchmark.mode.BaseMode:102 - DataClientService-thread-8 3.30% workload is done. 
2026-06-01 17:17:20,596 INFO  cn.edu.tsinghua.iot.benchmark.mode.BaseMode:102 - DataClientService-thread-9 3.10% workload is done. 
2026-06-01 17:17:20,596 INFO  cn.edu.tsinghua.iot.benchmark.mode.BaseMode:102 - DataClientService-thread-10 3.30% workload is done. 
2026-06-01 17:17:25,594 INFO  cn.edu.tsinghua.iot.benchmark.mode.BaseMode:102 - DataClientService-thread-1 3.90% workload is done. 
2026-06-01 17:17:25,596 INFO  cn.edu.tsinghua.iot.benchmark.mode.BaseMode:102 - DataClientService-thread-2 4.00% workload is done. 
2026-06-01 17:17:25,596 INFO  cn.edu.tsinghua.iot.benchmark.mode.BaseMode:102 - DataClientService-thread-3 4.00% workload is done. 
2026-06-01 17:17:25,596 INFO  cn.edu.tsinghua.iot.benchmark.mode.BaseMode:102 - DataClientService-thread-4 4.00% workload is done. 
2026-06-01 17:17:25,596 INFO  cn.edu.tsinghua.iot.benchmark.mode.BaseMode:102 - DataClientService-thread-5 3.80% workload is done. 
2026-06-01 17:17:25,596 INFO  cn.edu.tsinghua.iot.benchmark.mode.BaseMode:102 - DataClientService-thread-6 3.60% workload is done. 
2026-06-01 17:17:25,596 INFO  cn.edu.tsinghua.iot.benchmark.mode.BaseMode:102 - DataClientService-thread-7 3.60% workload is done. 
2026-06-01 17:17:25,596 INFO  cn.edu.tsinghua.iot.benchmark.mode.BaseMode:102 - DataClientService-thread-8 3.60% workload is done. 
2026-06-01 17:17:25,597 INFO  cn.edu.tsinghua.iot.benchmark.mode.BaseMode:102 - DataClientService-thread-9 3.40% workload is done. 
2026-06-01 17:17:25,597 INFO  cn.edu.tsinghua.iot.benchmark.mode.BaseMode:102 - DataClientService-thread-10 3.50% workload is done. 
2026-06-01 17:17:30,594 INFO  cn.edu.tsinghua.iot.benchmark.mode.BaseMode:102 - DataClientService-thread-1 4.20% workload is done. 
2026-06-01 17:17:30,594 INFO  cn.edu.tsinghua.iot.benchmark.mode.BaseMode:102 - DataClientService-thread-2 4.20% workload is done. 
2026-06-01 17:17:30,596 INFO  cn.edu.tsinghua.iot.benchmark.mode.BaseMode:102 - DataClientService-thread-3 4.20% workload is done. 
2026-06-01 17:17:30,596 INFO  cn.edu.tsinghua.iot.benchmark.mode.BaseMode:102 - DataClientService-thread-4 4.30% workload is done. 
2026-06-01 17:17:30,596 INFO  cn.edu.tsinghua.iot.benchmark.mode.BaseMode:102 - DataClientService-thread-5 4.10% workload is done. 
2026-06-01 17:17:30,596 INFO  cn.edu.tsinghua.iot.benchmark.mode.BaseMode:102 - DataClientService-thread-6 3.90% workload is done. 
2026-06-01 17:17:30,596 INFO  cn.edu.tsinghua.iot.benchmark.mode.BaseMode:102 - DataClientService-thread-7 3.80% workload is done. 
2026-06-01 17:17:30,596 INFO  cn.edu.tsinghua.iot.benchmark.mode.BaseMode:102 - DataClientService-thread-8 3.80% workload is done. 
2026-06-01 17:17:30,596 INFO  cn.edu.tsinghua.iot.benchmark.mode.BaseMode:102 - DataClientService-thread-9 3.60% workload is done. 
2026-06-01 17:17:30,596 INFO  cn.edu.tsinghua.iot.benchmark.mode.BaseMode:102 - DataClientService-thread-10 3.80% workload is done. 
2026-06-01 17:17:35,594 INFO  cn.edu.tsinghua.iot.benchmark.mode.BaseMode:102 - DataClientService-thread-1 4.50% workload is done. 
2026-06-01 17:17:35,594 INFO  cn.edu.tsinghua.iot.benchmark.mode.BaseMode:102 - DataClientService-thread-2 4.50% workload is done. 
2026-06-01 17:17:35,594 INFO  cn.edu.tsinghua.iot.benchmark.mode.BaseMode:102 - DataClientService-thread-3 4.50% workload is done. 
2026-06-01 17:17:35,594 INFO  cn.edu.tsinghua.iot.benchmark.mode.BaseMode:102 - DataClientService-thread-4 4.50% workload is done. 
2026-06-01 17:17:35,594 INFO  cn.edu.tsinghua.iot.benchmark.mode.BaseMode:102 - DataClientService-thread-5 4.30% workload is done. 
2026-06-01 17:17:35,594 INFO  cn.edu.tsinghua.iot.benchmark.mode.BaseMode:102 - DataClientService-thread-6 4.10% workload is done. 
2026-06-01 17:17:35,595 INFO  cn.edu.tsinghua.iot.benchmark.mode.BaseMode:102 - DataClientService-thread-7 4.10% workload is done. 
2026-06-01 17:17:35,595 INFO  cn.edu.tsinghua.iot.benchmark.mode.BaseMode:102 - DataClientService-thread-8 4.30% workload is done. 
2026-06-01 17:17:35,595 INFO  cn.edu.tsinghua.iot.benchmark.mode.BaseMode:102 - DataClientService-thread-9 3.90% workload is done. 
2026-06-01 17:17:35,595 INFO  cn.edu.tsinghua.iot.benchmark.mode.BaseMode:102 - DataClientService-thread-10 4.00% workload is done. 
2026-06-01 17:17:40,594 INFO  cn.edu.tsinghua.iot.benchmark.mode.BaseMode:102 - DataClientService-thread-1 4.70% workload is done. 
2026-06-01 17:17:40,594 INFO  cn.edu.tsinghua.iot.benchmark.mode.BaseMode:102 - DataClientService-thread-2 4.70% workload is done. 
2026-06-01 17:17:40,595 INFO  cn.edu.tsinghua.iot.benchmark.mode.BaseMode:102 - DataClientService-thread-3 4.70% workload is done. 
2026-06-01 17:17:40,596 INFO  cn.edu.tsinghua.iot.benchmark.mode.BaseMode:102 - DataClientService-thread-4 4.80% workload is done. 
2026-06-01 17:17:40,596 INFO  cn.edu.tsinghua.iot.benchmark.mode.BaseMode:102 - DataClientService-thread-5 4.60% workload is done. 
2026-06-01 17:17:40,596 INFO  cn.edu.tsinghua.iot.benchmark.mode.BaseMode:102 - DataClientService-thread-6 4.50% workload is done. 
2026-06-01 17:17:40,596 INFO  cn.edu.tsinghua.iot.benchmark.mode.BaseMode:102 - DataClientService-thread-7 4.30% workload is done. 
2026-06-01 17:17:40,596 INFO  cn.edu.tsinghua.iot.benchmark.mode.BaseMode:102 - DataClientService-thread-8 4.50% workload is done. 
2026-06-01 17:17:40,596 INFO  cn.edu.tsinghua.iot.benchmark.mode.BaseMode:102 - DataClientService-thread-9 4.10% workload is done. 
2026-06-01 17:17:40,596 INFO  cn.edu.tsinghua.iot.benchmark.mode.BaseMode:102 - DataClientService-thread-10 4.40% workload is done. 
2026-06-01 17:17:45,594 INFO  cn.edu.tsinghua.iot.benchmark.mode.BaseMode:102 - DataClientService-thread-1 5.00% workload is done. 
2026-06-01 17:17:45,594 INFO  cn.edu.tsinghua.iot.benchmark.mode.BaseMode:102 - DataClientService-thread-2 5.10% workload is done. 
2026-06-01 17:17:45,596 INFO  cn.edu.tsinghua.iot.benchmark.mode.BaseMode:102 - DataClientService-thread-3 5.00% workload is done. 
2026-06-01 17:17:45,596 INFO  cn.edu.tsinghua.iot.benchmark.mode.BaseMode:102 - DataClientService-thread-4 5.00% workload is done. 
2026-06-01 17:17:45,596 INFO  cn.edu.tsinghua.iot.benchmark.mode.BaseMode:102 - DataClientService-thread-5 4.80% workload is done. 
2026-06-01 17:17:45,596 INFO  cn.edu.tsinghua.iot.benchmark.mode.BaseMode:102 - DataClientService-thread-6 4.70% workload is done. 
2026-06-01 17:17:45,596 INFO  cn.edu.tsinghua.iot.benchmark.mode.BaseMode:102 - DataClientService-thread-7 4.70% workload is done. 
2026-06-01 17:17:45,596 INFO  cn.edu.tsinghua.iot.benchmark.mode.BaseMode:102 - DataClientService-thread-8 4.80% workload is done. 
2026-06-01 17:17:45,596 INFO  cn.edu.tsinghua.iot.benchmark.mode.BaseMode:102 - DataClientService-thread-9 4.40% workload is done. 
2026-06-01 17:17:45,596 INFO  cn.edu.tsinghua.iot.benchmark.mode.BaseMode:102 - DataClientService-thread-10 4.60% workload is done. 
2026-06-01 17:17:50,594 INFO  cn.edu.tsinghua.iot.benchmark.mode.BaseMode:102 - DataClientService-thread-1 5.30% workload is done. 
2026-06-01 17:17:50,594 INFO  cn.edu.tsinghua.iot.benchmark.mode.BaseMode:102 - DataClientService-thread-2 5.30% workload is done. 
2026-06-01 17:17:50,595 INFO  cn.edu.tsinghua.iot.benchmark.mode.BaseMode:102 - DataClientService-thread-3 5.20% workload is done. 
2026-06-01 17:17:50,596 INFO  cn.edu.tsinghua.iot.benchmark.mode.BaseMode:102 - DataClientService-thread-4 5.30% workload is done. 
2026-06-01 17:17:50,596 INFO  cn.edu.tsinghua.iot.benchmark.mode.BaseMode:102 - DataClientService-thread-5 5.10% workload is done. 
2026-06-01 17:17:50,596 INFO  cn.edu.tsinghua.iot.benchmark.mode.BaseMode:102 - DataClientService-thread-6 5.00% workload is done. 
2026-06-01 17:17:50,596 INFO  cn.edu.tsinghua.iot.benchmark.mode.BaseMode:102 - DataClientService-thread-7 4.90% workload is done. 
2026-06-01 17:17:50,596 INFO  cn.edu.tsinghua.iot.benchmark.mode.BaseMode:102 - DataClientService-thread-8 5.00% workload is done. 
2026-06-01 17:17:50,596 INFO  cn.edu.tsinghua.iot.benchmark.mode.BaseMode:102 - DataClientService-thread-9 4.60% workload is done. 
2026-06-01 17:17:50,596 INFO  cn.edu.tsinghua.iot.benchmark.mode.BaseMode:102 - DataClientService-thread-10 4.90% workload is done. 
2026-06-01 17:17:55,594 INFO  cn.edu.tsinghua.iot.benchmark.mode.BaseMode:102 - DataClientService-thread-1 5.60% workload is done. 
2026-06-01 17:17:55,594 INFO  cn.edu.tsinghua.iot.benchmark.mode.BaseMode:102 - DataClientService-thread-2 5.70% workload is done. 
2026-06-01 17:17:55,596 INFO  cn.edu.tsinghua.iot.benchmark.mode.BaseMode:102 - DataClientService-thread-3 5.50% workload is done. 
2026-06-01 17:17:55,596 INFO  cn.edu.tsinghua.iot.benchmark.mode.BaseMode:102 - DataClientService-thread-4 5.50% workload is done. 
2026-06-01 17:17:55,596 INFO  cn.edu.tsinghua.iot.benchmark.mode.BaseMode:102 - DataClientService-thread-5 5.30% workload is done. 
2026-06-01 17:17:55,596 INFO  cn.edu.tsinghua.iot.benchmark.mode.BaseMode:102 - DataClientService-thread-6 5.20% workload is done. 
2026-06-01 17:17:55,596 INFO  cn.edu.tsinghua.iot.benchmark.mode.BaseMode:102 - DataClientService-thread-7 5.20% workload is done. 
2026-06-01 17:17:55,596 INFO  cn.edu.tsinghua.iot.benchmark.mode.BaseMode:102 - DataClientService-thread-8 5.30% workload is done. 
2026-06-01 17:17:55,596 INFO  cn.edu.tsinghua.iot.benchmark.mode.BaseMode:102 - DataClientService-thread-9 4.90% workload is done. 
2026-06-01 17:17:55,596 INFO  cn.edu.tsinghua.iot.benchmark.mode.BaseMode:102 - DataClientService-thread-10 5.10% workload is done. 
2026-06-01 17:18:00,594 INFO  cn.edu.tsinghua.iot.benchmark.mode.BaseMode:102 - DataClientService-thread-1 5.90% workload is done. 
2026-06-01 17:18:00,594 INFO  cn.edu.tsinghua.iot.benchmark.mode.BaseMode:102 - DataClientService-thread-2 5.90% workload is done. 
2026-06-01 17:18:00,594 INFO  cn.edu.tsinghua.iot.benchmark.mode.BaseMode:102 - DataClientService-thread-3 5.70% workload is done. 
2026-06-01 17:18:00,594 INFO  cn.edu.tsinghua.iot.benchmark.mode.BaseMode:102 - DataClientService-thread-4 5.90% workload is done. 
2026-06-01 17:18:00,594 INFO  cn.edu.tsinghua.iot.benchmark.mode.BaseMode:102 - DataClientService-thread-5 5.60% workload is done. 
2026-06-01 17:18:00,594 INFO  cn.edu.tsinghua.iot.benchmark.mode.BaseMode:102 - DataClientService-thread-6 5.60% workload is done. 
2026-06-01 17:18:00,594 INFO  cn.edu.tsinghua.iot.benchmark.mode.BaseMode:102 - DataClientService-thread-7 5.40% workload is done. 
2026-06-01 17:18:00,595 INFO  cn.edu.tsinghua.iot.benchmark.mode.BaseMode:102 - DataClientService-thread-8 5.50% workload is done. 
2026-06-01 17:18:00,595 INFO  cn.edu.tsinghua.iot.benchmark.mode.BaseMode:102 - DataClientService-thread-9 5.10% workload is done. 
2026-06-01 17:18:00,595 INFO  cn.edu.tsinghua.iot.benchmark.mode.BaseMode:102 - DataClientService-thread-10 5.40% workload is done. 
2026-06-01 17:18:05,594 INFO  cn.edu.tsinghua.iot.benchmark.mode.BaseMode:102 - DataClientService-thread-1 6.30% workload is done. 
2026-06-01 17:18:05,596 INFO  cn.edu.tsinghua.iot.benchmark.mode.BaseMode:102 - DataClientService-thread-2 6.20% workload is done. 
2026-06-01 17:18:05,596 INFO  cn.edu.tsinghua.iot.benchmark.mode.BaseMode:102 - DataClientService-thread-3 6.00% workload is done. 
2026-06-01 17:18:05,596 INFO  cn.edu.tsinghua.iot.benchmark.mode.BaseMode:102 - DataClientService-thread-4 6.10% workload is done. 
2026-06-01 17:18:05,596 INFO  cn.edu.tsinghua.iot.benchmark.mode.BaseMode:102 - DataClientService-thread-5 5.80% workload is done. 
2026-06-01 17:18:05,596 INFO  cn.edu.tsinghua.iot.benchmark.mode.BaseMode:102 - DataClientService-thread-6 5.80% workload is done. 
2026-06-01 17:18:05,596 INFO  cn.edu.tsinghua.iot.benchmark.mode.BaseMode:102 - DataClientService-thread-7 5.70% workload is done. 
2026-06-01 17:18:05,596 INFO  cn.edu.tsinghua.iot.benchmark.mode.BaseMode:102 - DataClientService-thread-8 5.80% workload is done. 
2026-06-01 17:18:05,596 INFO  cn.edu.tsinghua.iot.benchmark.mode.BaseMode:102 - DataClientService-thread-9 5.40% workload is done. 
2026-06-01 17:18:05,596 INFO  cn.edu.tsinghua.iot.benchmark.mode.BaseMode:102 - DataClientService-thread-10 5.60% workload is done. 
2026-06-01 17:18:10,594 INFO  cn.edu.tsinghua.iot.benchmark.mode.BaseMode:102 - DataClientService-thread-1 6.50% workload is done. 
2026-06-01 17:18:10,594 INFO  cn.edu.tsinghua.iot.benchmark.mode.BaseMode:102 - DataClientService-thread-2 6.50% workload is done. 
2026-06-01 17:18:10,594 INFO  cn.edu.tsinghua.iot.benchmark.mode.BaseMode:102 - DataClientService-thread-3 6.20% workload is done. 
2026-06-01 17:18:10,594 INFO  cn.edu.tsinghua.iot.benchmark.mode.BaseMode:102 - DataClientService-thread-4 6.40% workload is done. 
2026-06-01 17:18:10,594 INFO  cn.edu.tsinghua.iot.benchmark.mode.BaseMode:102 - DataClientService-thread-5 6.10% workload is done. 
2026-06-01 17:18:10,594 INFO  cn.edu.tsinghua.iot.benchmark.mode.BaseMode:102 - DataClientService-thread-6 6.10% workload is done. 
2026-06-01 17:18:10,596 INFO  cn.edu.tsinghua.iot.benchmark.mode.BaseMode:102 - DataClientService-thread-7 5.90% workload is done. 
2026-06-01 17:18:10,596 INFO  cn.edu.tsinghua.iot.benchmark.mode.BaseMode:102 - DataClientService-thread-8 6.00% workload is done. 
2026-06-01 17:18:10,596 INFO  cn.edu.tsinghua.iot.benchmark.mode.BaseMode:102 - DataClientService-thread-9 5.60% workload is done. 
2026-06-01 17:18:10,596 INFO  cn.edu.tsinghua.iot.benchmark.mode.BaseMode:102 - DataClientService-thread-10 5.90% workload is done. 
2026-06-01 17:18:15,594 INFO  cn.edu.tsinghua.iot.benchmark.mode.BaseMode:102 - DataClientService-thread-1 7.00% workload is done. 
2026-06-01 17:18:15,594 INFO  cn.edu.tsinghua.iot.benchmark.mode.BaseMode:102 - DataClientService-thread-2 6.70% workload is done. 
2026-06-01 17:18:15,594 INFO  cn.edu.tsinghua.iot.benchmark.mode.BaseMode:102 - DataClientService-thread-3 6.40% workload is done. 
2026-06-01 17:18:15,594 INFO  cn.edu.tsinghua.iot.benchmark.mode.BaseMode:102 - DataClientService-thread-4 6.60% workload is done. 
2026-06-01 17:18:15,597 INFO  cn.edu.tsinghua.iot.benchmark.mode.BaseMode:102 - DataClientService-thread-5 6.30% workload is done. 
2026-06-01 17:18:15,598 INFO  cn.edu.tsinghua.iot.benchmark.mode.BaseMode:102 - DataClientService-thread-6 6.30% workload is done. 
2026-06-01 17:18:15,598 INFO  cn.edu.tsinghua.iot.benchmark.mode.BaseMode:102 - DataClientService-thread-7 6.10% workload is done. 
2026-06-01 17:18:15,598 INFO  cn.edu.tsinghua.iot.benchmark.mode.BaseMode:102 - DataClientService-thread-8 6.20% workload is done. 
2026-06-01 17:18:15,598 INFO  cn.edu.tsinghua.iot.benchmark.mode.BaseMode:102 - DataClientService-thread-9 5.80% workload is done. 
2026-06-01 17:18:15,598 INFO  cn.edu.tsinghua.iot.benchmark.mode.BaseMode:102 - DataClientService-thread-10 6.20% workload is done. 
2026-06-01 17:18:20,594 INFO  cn.edu.tsinghua.iot.benchmark.mode.BaseMode:102 - DataClientService-thread-1 7.20% workload is done. 
2026-06-01 17:18:20,594 INFO  cn.edu.tsinghua.iot.benchmark.mode.BaseMode:102 - DataClientService-thread-2 7.00% workload is done. 
2026-06-01 17:18:20,594 INFO  cn.edu.tsinghua.iot.benchmark.mode.BaseMode:102 - DataClientService-thread-3 6.70% workload is done. 
2026-06-01 17:18:20,594 INFO  cn.edu.tsinghua.iot.benchmark.mode.BaseMode:102 - DataClientService-thread-4 6.80% workload is done. 
2026-06-01 17:18:20,596 INFO  cn.edu.tsinghua.iot.benchmark.mode.BaseMode:102 - DataClientService-thread-5 6.60% workload is done. 
2026-06-01 17:18:20,596 INFO  cn.edu.tsinghua.iot.benchmark.mode.BaseMode:102 - DataClientService-thread-6 6.50% workload is done. 
2026-06-01 17:18:20,596 INFO  cn.edu.tsinghua.iot.benchmark.mode.BaseMode:102 - DataClientService-thread-7 6.50% workload is done. 
2026-06-01 17:18:20,596 INFO  cn.edu.tsinghua.iot.benchmark.mode.BaseMode:102 - DataClientService-thread-8 6.50% workload is done. 
2026-06-01 17:18:20,597 INFO  cn.edu.tsinghua.iot.benchmark.mode.BaseMode:102 - DataClientService-thread-9 6.00% workload is done. 
2026-06-01 17:18:20,597 INFO  cn.edu.tsinghua.iot.benchmark.mode.BaseMode:102 - DataClientService-thread-10 6.40% workload is done. 
2026-06-01 17:18:25,594 INFO  cn.edu.tsinghua.iot.benchmark.mode.BaseMode:102 - DataClientService-thread-1 7.40% workload is done. 
2026-06-01 17:18:25,594 INFO  cn.edu.tsinghua.iot.benchmark.mode.BaseMode:102 - DataClientService-thread-2 7.20% workload is done. 
2026-06-01 17:18:25,596 INFO  cn.edu.tsinghua.iot.benchmark.mode.BaseMode:102 - DataClientService-thread-3 6.90% workload is done. 
2026-06-01 17:18:25,596 INFO  cn.edu.tsinghua.iot.benchmark.mode.BaseMode:102 - DataClientService-thread-4 7.10% workload is done. 
2026-06-01 17:18:25,596 INFO  cn.edu.tsinghua.iot.benchmark.mode.BaseMode:102 - DataClientService-thread-5 6.80% workload is done. 
2026-06-01 17:18:25,596 INFO  cn.edu.tsinghua.iot.benchmark.mode.BaseMode:102 - DataClientService-thread-6 6.70% workload is done. 
2026-06-01 17:18:25,596 INFO  cn.edu.tsinghua.iot.benchmark.mode.BaseMode:102 - DataClientService-thread-7 6.70% workload is done. 
2026-06-01 17:18:25,596 INFO  cn.edu.tsinghua.iot.benchmark.mode.BaseMode:102 - DataClientService-thread-8 6.80% workload is done. 
2026-06-01 17:18:25,597 INFO  cn.edu.tsinghua.iot.benchmark.mode.BaseMode:102 - DataClientService-thread-9 6.30% workload is done. 
2026-06-01 17:18:25,597 INFO  cn.edu.tsinghua.iot.benchmark.mode.BaseMode:102 - DataClientService-thread-10 6.80% workload is done. 
2026-06-01 17:18:30,594 INFO  cn.edu.tsinghua.iot.benchmark.mode.BaseMode:102 - DataClientService-thread-1 7.90% workload is done. 
2026-06-01 17:18:30,594 INFO  cn.edu.tsinghua.iot.benchmark.mode.BaseMode:102 - DataClientService-thread-2 7.60% workload is done. 
2026-06-01 17:18:30,594 INFO  cn.edu.tsinghua.iot.benchmark.mode.BaseMode:102 - DataClientService-thread-3 7.20% workload is done. 
2026-06-01 17:18:30,594 INFO  cn.edu.tsinghua.iot.benchmark.mode.BaseMode:102 - DataClientService-thread-4 7.30% workload is done. 
2026-06-01 17:18:30,594 INFO  cn.edu.tsinghua.iot.benchmark.mode.BaseMode:102 - DataClientService-thread-5 7.10% workload is done. 
2026-06-01 17:18:30,594 INFO  cn.edu.tsinghua.iot.benchmark.mode.BaseMode:102 - DataClientService-thread-6 7.10% workload is done. 
2026-06-01 17:18:30,594 INFO  cn.edu.tsinghua.iot.benchmark.mode.BaseMode:102 - DataClientService-thread-7 7.00% workload is done. 
2026-06-01 17:18:30,595 INFO  cn.edu.tsinghua.iot.benchmark.mode.BaseMode:102 - DataClientService-thread-8 7.10% workload is done. 
2026-06-01 17:18:30,595 INFO  cn.edu.tsinghua.iot.benchmark.mode.BaseMode:102 - DataClientService-thread-9 6.60% workload is done. 
2026-06-01 17:18:30,595 INFO  cn.edu.tsinghua.iot.benchmark.mode.BaseMode:102 - DataClientService-thread-10 7.00% workload is done. 
2026-06-01 17:18:35,594 INFO  cn.edu.tsinghua.iot.benchmark.mode.BaseMode:102 - DataClientService-thread-1 8.10% workload is done. 
2026-06-01 17:18:35,594 INFO  cn.edu.tsinghua.iot.benchmark.mode.BaseMode:102 - DataClientService-thread-2 7.80% workload is done. 
2026-06-01 17:18:35,594 INFO  cn.edu.tsinghua.iot.benchmark.mode.BaseMode:102 - DataClientService-thread-3 7.40% workload is done. 
2026-06-01 17:18:35,596 INFO  cn.edu.tsinghua.iot.benchmark.mode.BaseMode:102 - DataClientService-thread-4 7.70% workload is done. 
2026-06-01 17:18:35,596 INFO  cn.edu.tsinghua.iot.benchmark.mode.BaseMode:102 - DataClientService-thread-5 7.30% workload is done. 
2026-06-01 17:18:35,596 INFO  cn.edu.tsinghua.iot.benchmark.mode.BaseMode:102 - DataClientService-thread-6 7.40% workload is done. 
2026-06-01 17:18:35,596 INFO  cn.edu.tsinghua.iot.benchmark.mode.BaseMode:102 - DataClientService-thread-7 7.20% workload is done. 
2026-06-01 17:18:35,597 INFO  cn.edu.tsinghua.iot.benchmark.mode.BaseMode:102 - DataClientService-thread-8 7.30% workload is done. 
2026-06-01 17:18:35,597 INFO  cn.edu.tsinghua.iot.benchmark.mode.BaseMode:102 - DataClientService-thread-9 6.90% workload is done. 
2026-06-01 17:18:35,597 INFO  cn.edu.tsinghua.iot.benchmark.mode.BaseMode:102 - DataClientService-thread-10 7.30% workload is done. 
2026-06-01 17:18:40,594 INFO  cn.edu.tsinghua.iot.benchmark.mode.BaseMode:102 - DataClientService-thread-1 8.40% workload is done. 
2026-06-01 17:18:40,594 INFO  cn.edu.tsinghua.iot.benchmark.mode.BaseMode:102 - DataClientService-thread-2 8.10% workload is done. 
2026-06-01 17:18:40,594 INFO  cn.edu.tsinghua.iot.benchmark.mode.BaseMode:102 - DataClientService-thread-3 7.80% workload is done. 
2026-06-01 17:18:40,594 INFO  cn.edu.tsinghua.iot.benchmark.mode.BaseMode:102 - DataClientService-thread-4 7.90% workload is done. 
2026-06-01 17:18:40,596 INFO  cn.edu.tsinghua.iot.benchmark.mode.BaseMode:102 - DataClientService-thread-5 7.50% workload is done. 
2026-06-01 17:18:40,597 INFO  cn.edu.tsinghua.iot.benchmark.mode.BaseMode:102 - DataClientService-thread-6 7.70% workload is done. 
2026-06-01 17:18:40,597 INFO  cn.edu.tsinghua.iot.benchmark.mode.BaseMode:102 - DataClientService-thread-7 7.70% workload is done. 
2026-06-01 17:18:40,597 INFO  cn.edu.tsinghua.iot.benchmark.mode.BaseMode:102 - DataClientService-thread-8 7.60% workload is done. 
2026-06-01 17:18:40,597 INFO  cn.edu.tsinghua.iot.benchmark.mode.BaseMode:102 - DataClientService-thread-9 7.20% workload is done. 
2026-06-01 17:18:40,597 INFO  cn.edu.tsinghua.iot.benchmark.mode.BaseMode:102 - DataClientService-thread-10 7.50% workload is done. 
2026-06-01 17:18:45,594 INFO  cn.edu.tsinghua.iot.benchmark.mode.BaseMode:102 - DataClientService-thread-1 8.60% workload is done. 
2026-06-01 17:18:45,594 INFO  cn.edu.tsinghua.iot.benchmark.mode.BaseMode:102 - DataClientService-thread-2 8.30% workload is done. 
2026-06-01 17:18:45,596 INFO  cn.edu.tsinghua.iot.benchmark.mode.BaseMode:102 - DataClientService-thread-3 8.00% workload is done. 
2026-06-01 17:18:45,596 INFO  cn.edu.tsinghua.iot.benchmark.mode.BaseMode:102 - DataClientService-thread-4 8.10% workload is done. 
2026-06-01 17:18:45,596 INFO  cn.edu.tsinghua.iot.benchmark.mode.BaseMode:102 - DataClientService-thread-5 7.70% workload is done. 
2026-06-01 17:18:45,596 INFO  cn.edu.tsinghua.iot.benchmark.mode.BaseMode:102 - DataClientService-thread-6 7.90% workload is done. 
2026-06-01 17:18:45,596 INFO  cn.edu.tsinghua.iot.benchmark.mode.BaseMode:102 - DataClientService-thread-7 7.90% workload is done. 
2026-06-01 17:18:45,596 INFO  cn.edu.tsinghua.iot.benchmark.mode.BaseMode:102 - DataClientService-thread-8 7.90% workload is done. 
2026-06-01 17:18:45,596 INFO  cn.edu.tsinghua.iot.benchmark.mode.BaseMode:102 - DataClientService-thread-9 7.40% workload is done. 
2026-06-01 17:18:45,597 INFO  cn.edu.tsinghua.iot.benchmark.mode.BaseMode:102 - DataClientService-thread-10 7.70% workload is done. 
2026-06-01 17:18:50,594 INFO  cn.edu.tsinghua.iot.benchmark.mode.BaseMode:102 - DataClientService-thread-1 8.90% workload is done. 
2026-06-01 17:18:50,595 INFO  cn.edu.tsinghua.iot.benchmark.mode.BaseMode:102 - DataClientService-thread-2 8.50% workload is done. 
2026-06-01 17:18:50,597 INFO  cn.edu.tsinghua.iot.benchmark.mode.BaseMode:102 - DataClientService-thread-3 8.20% workload is done. 
2026-06-01 17:18:50,597 INFO  cn.edu.tsinghua.iot.benchmark.mode.BaseMode:102 - DataClientService-thread-4 8.40% workload is done. 
2026-06-01 17:18:50,597 INFO  cn.edu.tsinghua.iot.benchmark.mode.BaseMode:102 - DataClientService-thread-5 8.00% workload is done. 
2026-06-01 17:18:50,597 INFO  cn.edu.tsinghua.iot.benchmark.mode.BaseMode:102 - DataClientService-thread-6 8.10% workload is done. 
2026-06-01 17:18:50,597 INFO  cn.edu.tsinghua.iot.benchmark.mode.BaseMode:102 - DataClientService-thread-7 8.10% workload is done. 
2026-06-01 17:18:50,597 INFO  cn.edu.tsinghua.iot.benchmark.mode.BaseMode:102 - DataClientService-thread-8 8.10% workload is done. 
2026-06-01 17:18:50,598 INFO  cn.edu.tsinghua.iot.benchmark.mode.BaseMode:102 - DataClientService-thread-9 7.60% workload is done. 
2026-06-01 17:18:50,598 INFO  cn.edu.tsinghua.iot.benchmark.mode.BaseMode:102 - DataClientService-thread-10 8.00% workload is done. 
2026-06-01 17:18:55,594 INFO  cn.edu.tsinghua.iot.benchmark.mode.BaseMode:102 - DataClientService-thread-1 9.20% workload is done. 
2026-06-01 17:18:55,594 INFO  cn.edu.tsinghua.iot.benchmark.mode.BaseMode:102 - DataClientService-thread-2 8.90% workload is done. 
2026-06-01 17:18:55,596 INFO  cn.edu.tsinghua.iot.benchmark.mode.BaseMode:102 - DataClientService-thread-3 8.50% workload is done. 
2026-06-01 17:18:55,596 INFO  cn.edu.tsinghua.iot.benchmark.mode.BaseMode:102 - DataClientService-thread-4 8.60% workload is done. 
2026-06-01 17:18:55,596 INFO  cn.edu.tsinghua.iot.benchmark.mode.BaseMode:102 - DataClientService-thread-5 8.30% workload is done. 
2026-06-01 17:18:55,596 INFO  cn.edu.tsinghua.iot.benchmark.mode.BaseMode:102 - DataClientService-thread-6 8.40% workload is done. 
2026-06-01 17:18:55,596 INFO  cn.edu.tsinghua.iot.benchmark.mode.BaseMode:102 - DataClientService-thread-7 8.40% workload is done. 
2026-06-01 17:18:55,596 INFO  cn.edu.tsinghua.iot.benchmark.mode.BaseMode:102 - DataClientService-thread-8 8.40% workload is done. 
2026-06-01 17:18:55,596 INFO  cn.edu.tsinghua.iot.benchmark.mode.BaseMode:102 - DataClientService-thread-9 7.90% workload is done. 
2026-06-01 17:18:55,596 INFO  cn.edu.tsinghua.iot.benchmark.mode.BaseMode:102 - DataClientService-thread-10 8.20% workload is done. 
2026-06-01 17:19:00,594 INFO  cn.edu.tsinghua.iot.benchmark.mode.BaseMode:102 - DataClientService-thread-1 9.50% workload is done. 
2026-06-01 17:19:00,596 INFO  cn.edu.tsinghua.iot.benchmark.mode.BaseMode:102 - DataClientService-thread-2 9.10% workload is done. 
2026-06-01 17:19:00,596 INFO  cn.edu.tsinghua.iot.benchmark.mode.BaseMode:102 - DataClientService-thread-3 8.70% workload is done. 
2026-06-01 17:19:00,596 INFO  cn.edu.tsinghua.iot.benchmark.mode.BaseMode:102 - DataClientService-thread-4 8.90% workload is done. 
2026-06-01 17:19:00,596 INFO  cn.edu.tsinghua.iot.benchmark.mode.BaseMode:102 - DataClientService-thread-5 8.60% workload is done. 
2026-06-01 17:19:00,596 INFO  cn.edu.tsinghua.iot.benchmark.mode.BaseMode:102 - DataClientService-thread-6 8.60% workload is done. 
2026-06-01 17:19:00,596 INFO  cn.edu.tsinghua.iot.benchmark.mode.BaseMode:102 - DataClientService-thread-7 8.60% workload is done. 
2026-06-01 17:19:00,596 INFO  cn.edu.tsinghua.iot.benchmark.mode.BaseMode:102 - DataClientService-thread-8 8.80% workload is done. 
2026-06-01 17:19:00,596 INFO  cn.edu.tsinghua.iot.benchmark.mode.BaseMode:102 - DataClientService-thread-9 8.10% workload is done. 
2026-06-01 17:19:00,596 INFO  cn.edu.tsinghua.iot.benchmark.mode.BaseMode:102 - DataClientService-thread-10 8.50% workload is done. 
2026-06-01 17:19:05,594 INFO  cn.edu.tsinghua.iot.benchmark.mode.BaseMode:102 - DataClientService-thread-1 9.70% workload is done. 
2026-06-01 17:19:05,594 INFO  cn.edu.tsinghua.iot.benchmark.mode.BaseMode:102 - DataClientService-thread-2 9.40% workload is done. 
2026-06-01 17:19:05,594 INFO  cn.edu.tsinghua.iot.benchmark.mode.BaseMode:102 - DataClientService-thread-3 9.00% workload is done. 
2026-06-01 17:19:05,594 INFO  cn.edu.tsinghua.iot.benchmark.mode.BaseMode:102 - DataClientService-thread-4 9.10% workload is done. 
2026-06-01 17:19:05,594 INFO  cn.edu.tsinghua.iot.benchmark.mode.BaseMode:102 - DataClientService-thread-5 8.90% workload is done. 
2026-06-01 17:19:05,594 INFO  cn.edu.tsinghua.iot.benchmark.mode.BaseMode:102 - DataClientService-thread-6 9.00% workload is done. 
2026-06-01 17:19:05,595 INFO  cn.edu.tsinghua.iot.benchmark.mode.BaseMode:102 - DataClientService-thread-7 9.20% workload is done. 
2026-06-01 17:19:05,595 INFO  cn.edu.tsinghua.iot.benchmark.mode.BaseMode:102 - DataClientService-thread-8 9.10% workload is done. 
2026-06-01 17:19:05,595 INFO  cn.edu.tsinghua.iot.benchmark.mode.BaseMode:102 - DataClientService-thread-9 8.50% workload is done. 
2026-06-01 17:19:05,595 INFO  cn.edu.tsinghua.iot.benchmark.mode.BaseMode:102 - DataClientService-thread-10 8.70% workload is done. 
2026-06-01 17:19:10,594 INFO  cn.edu.tsinghua.iot.benchmark.mode.BaseMode:102 - DataClientService-thread-1 9.90% workload is done. 
2026-06-01 17:19:10,594 INFO  cn.edu.tsinghua.iot.benchmark.mode.BaseMode:102 - DataClientService-thread-2 9.60% workload is done. 
2026-06-01 17:19:10,594 INFO  cn.edu.tsinghua.iot.benchmark.mode.BaseMode:102 - DataClientService-thread-3 9.20% workload is done. 
2026-06-01 17:19:10,594 INFO  cn.edu.tsinghua.iot.benchmark.mode.BaseMode:102 - DataClientService-thread-4 9.30% workload is done. 
2026-06-01 17:19:10,594 INFO  cn.edu.tsinghua.iot.benchmark.mode.BaseMode:102 - DataClientService-thread-5 9.10% workload is done. 
2026-06-01 17:19:10,594 INFO  cn.edu.tsinghua.iot.benchmark.mode.BaseMode:102 - DataClientService-thread-6 9.20% workload is done. 
2026-06-01 17:19:10,594 INFO  cn.edu.tsinghua.iot.benchmark.mode.BaseMode:102 - DataClientService-thread-7 9.40% workload is done. 
2026-06-01 17:19:10,594 INFO  cn.edu.tsinghua.iot.benchmark.mode.BaseMode:102 - DataClientService-thread-8 9.30% workload is done. 
2026-06-01 17:19:10,594 INFO  cn.edu.tsinghua.iot.benchmark.mode.BaseMode:102 - DataClientService-thread-9 8.70% workload is done. 
2026-06-01 17:19:10,595 INFO  cn.edu.tsinghua.iot.benchmark.mode.BaseMode:102 - DataClientService-thread-10 9.10% workload is done. 
2026-06-01 17:19:15,594 INFO  cn.edu.tsinghua.iot.benchmark.mode.BaseMode:102 - DataClientService-thread-1 10.20% workload is done. 
2026-06-01 17:19:15,594 INFO  cn.edu.tsinghua.iot.benchmark.mode.BaseMode:102 - DataClientService-thread-2 9.80% workload is done. 
2026-06-01 17:19:15,594 INFO  cn.edu.tsinghua.iot.benchmark.mode.BaseMode:102 - DataClientService-thread-3 9.40% workload is done. 
2026-06-01 17:19:15,594 INFO  cn.edu.tsinghua.iot.benchmark.mode.BaseMode:102 - DataClientService-thread-4 9.60% workload is done. 
2026-06-01 17:19:15,594 INFO  cn.edu.tsinghua.iot.benchmark.mode.BaseMode:102 - DataClientService-thread-5 9.40% workload is done. 
2026-06-01 17:19:15,594 INFO  cn.edu.tsinghua.iot.benchmark.mode.BaseMode:102 - DataClientService-thread-6 9.50% workload is done. 
2026-06-01 17:19:15,594 INFO  cn.edu.tsinghua.iot.benchmark.mode.BaseMode:102 - DataClientService-thread-7 9.60% workload is done. 
2026-06-01 17:19:15,594 INFO  cn.edu.tsinghua.iot.benchmark.mode.BaseMode:102 - DataClientService-thread-8 9.50% workload is done. 
2026-06-01 17:19:15,595 INFO  cn.edu.tsinghua.iot.benchmark.mode.BaseMode:102 - DataClientService-thread-9 9.10% workload is done. 
2026-06-01 17:19:15,595 INFO  cn.edu.tsinghua.iot.benchmark.mode.BaseMode:102 - DataClientService-thread-10 9.30% workload is done. 
2026-06-01 17:19:20,594 INFO  cn.edu.tsinghua.iot.benchmark.mode.BaseMode:102 - DataClientService-thread-1 10.40% workload is done. 
2026-06-01 17:19:20,594 INFO  cn.edu.tsinghua.iot.benchmark.mode.BaseMode:102 - DataClientService-thread-2 10.10% workload is done. 
2026-06-01 17:19:20,594 INFO  cn.edu.tsinghua.iot.benchmark.mode.BaseMode:102 - DataClientService-thread-3 9.70% workload is done. 
2026-06-01 17:19:20,594 INFO  cn.edu.tsinghua.iot.benchmark.mode.BaseMode:102 - DataClientService-thread-4 10.00% workload is done. 
2026-06-01 17:19:20,594 INFO  cn.edu.tsinghua.iot.benchmark.mode.BaseMode:102 - DataClientService-thread-5 9.60% workload is done. 
2026-06-01 17:19:20,594 INFO  cn.edu.tsinghua.iot.benchmark.mode.BaseMode:102 - DataClientService-thread-6 9.90% workload is done. 
2026-06-01 17:19:20,595 INFO  cn.edu.tsinghua.iot.benchmark.mode.BaseMode:102 - DataClientService-thread-7 9.90% workload is done. 
2026-06-01 17:19:20,595 INFO  cn.edu.tsinghua.iot.benchmark.mode.BaseMode:102 - DataClientService-thread-8 9.80% workload is done. 
2026-06-01 17:19:20,595 INFO  cn.edu.tsinghua.iot.benchmark.mode.BaseMode:102 - DataClientService-thread-9 9.30% workload is done. 
2026-06-01 17:19:20,595 INFO  cn.edu.tsinghua.iot.benchmark.mode.BaseMode:102 - DataClientService-thread-10 9.60% workload is done. 
2026-06-01 17:19:25,594 INFO  cn.edu.tsinghua.iot.benchmark.mode.BaseMode:102 - DataClientService-thread-1 10.70% workload is done. 
2026-06-01 17:19:25,594 INFO  cn.edu.tsinghua.iot.benchmark.mode.BaseMode:102 - DataClientService-thread-2 10.30% workload is done. 
2026-06-01 17:19:25,594 INFO  cn.edu.tsinghua.iot.benchmark.mode.BaseMode:102 - DataClientService-thread-3 9.90% workload is done. 
2026-06-01 17:19:25,594 INFO  cn.edu.tsinghua.iot.benchmark.mode.BaseMode:102 - DataClientService-thread-4 10.30% workload is done. 
2026-06-01 17:19:25,594 INFO  cn.edu.tsinghua.iot.benchmark.mode.BaseMode:102 - DataClientService-thread-5 9.90% workload is done. 
2026-06-01 17:19:25,595 INFO  cn.edu.tsinghua.iot.benchmark.mode.BaseMode:102 - DataClientService-thread-6 10.20% workload is done. 
2026-06-01 17:19:25,595 INFO  cn.edu.tsinghua.iot.benchmark.mode.BaseMode:102 - DataClientService-thread-7 10.20% workload is done. 
2026-06-01 17:19:25,595 INFO  cn.edu.tsinghua.iot.benchmark.mode.BaseMode:102 - DataClientService-thread-8 10.00% workload is done. 
2026-06-01 17:19:25,595 INFO  cn.edu.tsinghua.iot.benchmark.mode.BaseMode:102 - DataClientService-thread-9 9.60% workload is done. 
2026-06-01 17:19:25,595 INFO  cn.edu.tsinghua.iot.benchmark.mode.BaseMode:102 - DataClientService-thread-10 9.80% workload is done. 
2026-06-01 17:19:30,594 INFO  cn.edu.tsinghua.iot.benchmark.mode.BaseMode:102 - DataClientService-thread-1 10.90% workload is done. 
2026-06-01 17:19:30,594 INFO  cn.edu.tsinghua.iot.benchmark.mode.BaseMode:102 - DataClientService-thread-2 10.60% workload is done. 
2026-06-01 17:19:30,594 INFO  cn.edu.tsinghua.iot.benchmark.mode.BaseMode:102 - DataClientService-thread-3 10.20% workload is done. 
2026-06-01 17:19:30,594 INFO  cn.edu.tsinghua.iot.benchmark.mode.BaseMode:102 - DataClientService-thread-4 10.50% workload is done. 
2026-06-01 17:19:30,594 INFO  cn.edu.tsinghua.iot.benchmark.mode.BaseMode:102 - DataClientService-thread-5 10.10% workload is done. 
2026-06-01 17:19:30,594 INFO  cn.edu.tsinghua.iot.benchmark.mode.BaseMode:102 - DataClientService-thread-6 10.60% workload is done. 
2026-06-01 17:19:30,594 INFO  cn.edu.tsinghua.iot.benchmark.mode.BaseMode:102 - DataClientService-thread-7 10.50% workload is done. 
2026-06-01 17:19:30,594 INFO  cn.edu.tsinghua.iot.benchmark.mode.BaseMode:102 - DataClientService-thread-8 10.30% workload is done. 
2026-06-01 17:19:30,594 INFO  cn.edu.tsinghua.iot.benchmark.mode.BaseMode:102 - DataClientService-thread-9 9.80% workload is done. 
2026-06-01 17:19:30,595 INFO  cn.edu.tsinghua.iot.benchmark.mode.BaseMode:102 - DataClientService-thread-10 10.10% workload is done. 
2026-06-01 17:19:35,594 INFO  cn.edu.tsinghua.iot.benchmark.mode.BaseMode:102 - DataClientService-thread-1 11.20% workload is done. 
2026-06-01 17:19:35,594 INFO  cn.edu.tsinghua.iot.benchmark.mode.BaseMode:102 - DataClientService-thread-2 10.80% workload is done. 
2026-06-01 17:19:35,594 INFO  cn.edu.tsinghua.iot.benchmark.mode.BaseMode:102 - DataClientService-thread-3 10.40% workload is done. 
2026-06-01 17:19:35,594 INFO  cn.edu.tsinghua.iot.benchmark.mode.BaseMode:102 - DataClientService-thread-4 10.80% workload is done. 
2026-06-01 17:19:35,594 INFO  cn.edu.tsinghua.iot.benchmark.mode.BaseMode:102 - DataClientService-thread-5 10.40% workload is done. 
2026-06-01 17:19:35,594 INFO  cn.edu.tsinghua.iot.benchmark.mode.BaseMode:102 - DataClientService-thread-6 10.90% workload is done. 
2026-06-01 17:19:35,594 INFO  cn.edu.tsinghua.iot.benchmark.mode.BaseMode:102 - DataClientService-thread-7 10.70% workload is done. 
2026-06-01 17:19:35,594 INFO  cn.edu.tsinghua.iot.benchmark.mode.BaseMode:102 - DataClientService-thread-8 10.50% workload is done. 
2026-06-01 17:19:35,594 INFO  cn.edu.tsinghua.iot.benchmark.mode.BaseMode:102 - DataClientService-thread-9 10.10% workload is done. 
2026-06-01 17:19:35,594 INFO  cn.edu.tsinghua.iot.benchmark.mode.BaseMode:102 - DataClientService-thread-10 10.30% workload is done. 
2026-06-01 17:19:40,594 INFO  cn.edu.tsinghua.iot.benchmark.mode.BaseMode:102 - DataClientService-thread-1 11.50% workload is done. 
2026-06-01 17:19:40,594 INFO  cn.edu.tsinghua.iot.benchmark.mode.BaseMode:102 - DataClientService-thread-2 11.10% workload is done. 
2026-06-01 17:19:40,594 INFO  cn.edu.tsinghua.iot.benchmark.mode.BaseMode:102 - DataClientService-thread-3 10.70% workload is done. 
2026-06-01 17:19:40,594 INFO  cn.edu.tsinghua.iot.benchmark.mode.BaseMode:102 - DataClientService-thread-4 11.00% workload is done. 
2026-06-01 17:19:40,594 INFO  cn.edu.tsinghua.iot.benchmark.mode.BaseMode:102 - DataClientService-thread-5 10.70% workload is done. 
2026-06-01 17:19:40,594 INFO  cn.edu.tsinghua.iot.benchmark.mode.BaseMode:102 - DataClientService-thread-6 11.20% workload is done. 
2026-06-01 17:19:40,594 INFO  cn.edu.tsinghua.iot.benchmark.mode.BaseMode:102 - DataClientService-thread-7 11.00% workload is done. 
2026-06-01 17:19:40,594 INFO  cn.edu.tsinghua.iot.benchmark.mode.BaseMode:102 - DataClientService-thread-8 10.80% workload is done. 
2026-06-01 17:19:40,594 INFO  cn.edu.tsinghua.iot.benchmark.mode.BaseMode:102 - DataClientService-thread-9 10.40% workload is done. 
2026-06-01 17:19:40,594 INFO  cn.edu.tsinghua.iot.benchmark.mode.BaseMode:102 - DataClientService-thread-10 10.60% workload is done. 
2026-06-01 17:19:45,594 INFO  cn.edu.tsinghua.iot.benchmark.mode.BaseMode:102 - DataClientService-thread-1 11.70% workload is done. 
2026-06-01 17:19:45,595 INFO  cn.edu.tsinghua.iot.benchmark.mode.BaseMode:102 - DataClientService-thread-2 11.30% workload is done. 
2026-06-01 17:19:45,595 INFO  cn.edu.tsinghua.iot.benchmark.mode.BaseMode:102 - DataClientService-thread-3 10.90% workload is done. 
2026-06-01 17:19:45,595 INFO  cn.edu.tsinghua.iot.benchmark.mode.BaseMode:102 - DataClientService-thread-4 11.30% workload is done. 
2026-06-01 17:19:45,595 INFO  cn.edu.tsinghua.iot.benchmark.mode.BaseMode:102 - DataClientService-thread-5 11.00% workload is done. 
2026-06-01 17:19:45,595 INFO  cn.edu.tsinghua.iot.benchmark.mode.BaseMode:102 - DataClientService-thread-6 11.40% workload is done. 
2026-06-01 17:19:45,595 INFO  cn.edu.tsinghua.iot.benchmark.mode.BaseMode:102 - DataClientService-thread-7 11.20% workload is done. 
2026-06-01 17:19:45,595 INFO  cn.edu.tsinghua.iot.benchmark.mode.BaseMode:102 - DataClientService-thread-8 11.00% workload is done. 
2026-06-01 17:19:45,595 INFO  cn.edu.tsinghua.iot.benchmark.mode.BaseMode:102 - DataClientService-thread-9 10.60% workload is done. 
2026-06-01 17:19:45,595 INFO  cn.edu.tsinghua.iot.benchmark.mode.BaseMode:102 - DataClientService-thread-10 10.80% workload is done. 
2026-06-01 17:19:50,594 INFO  cn.edu.tsinghua.iot.benchmark.mode.BaseMode:102 - DataClientService-thread-1 12.00% workload is done. 
2026-06-01 17:19:50,594 INFO  cn.edu.tsinghua.iot.benchmark.mode.BaseMode:102 - DataClientService-thread-2 11.60% workload is done. 
2026-06-01 17:19:50,594 INFO  cn.edu.tsinghua.iot.benchmark.mode.BaseMode:102 - DataClientService-thread-3 11.40% workload is done. 
2026-06-01 17:19:50,594 INFO  cn.edu.tsinghua.iot.benchmark.mode.BaseMode:102 - DataClientService-thread-4 11.50% workload is done. 
2026-06-01 17:19:50,594 INFO  cn.edu.tsinghua.iot.benchmark.mode.BaseMode:102 - DataClientService-thread-5 11.20% workload is done. 
2026-06-01 17:19:50,594 INFO  cn.edu.tsinghua.iot.benchmark.mode.BaseMode:102 - DataClientService-thread-6 11.70% workload is done. 
2026-06-01 17:19:50,594 INFO  cn.edu.tsinghua.iot.benchmark.mode.BaseMode:102 - DataClientService-thread-7 11.50% workload is done. 
2026-06-01 17:19:50,594 INFO  cn.edu.tsinghua.iot.benchmark.mode.BaseMode:102 - DataClientService-thread-8 11.30% workload is done. 
2026-06-01 17:19:50,594 INFO  cn.edu.tsinghua.iot.benchmark.mode.BaseMode:102 - DataClientService-thread-9 10.90% workload is done. 
2026-06-01 17:19:50,594 INFO  cn.edu.tsinghua.iot.benchmark.mode.BaseMode:102 - DataClientService-thread-10 11.10% workload is done. 
2026-06-01 17:19:55,594 INFO  cn.edu.tsinghua.iot.benchmark.mode.BaseMode:102 - DataClientService-thread-1 12.20% workload is done. 
2026-06-01 17:19:55,594 INFO  cn.edu.tsinghua.iot.benchmark.mode.BaseMode:102 - DataClientService-thread-2 11.80% workload is done. 
2026-06-01 17:19:55,594 INFO  cn.edu.tsinghua.iot.benchmark.mode.BaseMode:102 - DataClientService-thread-3 11.70% workload is done. 
2026-06-01 17:19:55,594 INFO  cn.edu.tsinghua.iot.benchmark.mode.BaseMode:102 - DataClientService-thread-4 11.80% workload is done. 
2026-06-01 17:19:55,594 INFO  cn.edu.tsinghua.iot.benchmark.mode.BaseMode:102 - DataClientService-thread-5 11.60% workload is done. 
2026-06-01 17:19:55,594 INFO  cn.edu.tsinghua.iot.benchmark.mode.BaseMode:102 - DataClientService-thread-6 11.90% workload is done. 
2026-06-01 17:19:55,594 INFO  cn.edu.tsinghua.iot.benchmark.mode.BaseMode:102 - DataClientService-thread-7 11.70% workload is done. 
2026-06-01 17:19:55,594 INFO  cn.edu.tsinghua.iot.benchmark.mode.BaseMode:102 - DataClientService-thread-8 11.50% workload is done. 
2026-06-01 17:19:55,594 INFO  cn.edu.tsinghua.iot.benchmark.mode.BaseMode:102 - DataClientService-thread-9 11.20% workload is done. 
2026-06-01 17:19:55,595 INFO  cn.edu.tsinghua.iot.benchmark.mode.BaseMode:102 - DataClientService-thread-10 11.30% workload is done. 
2026-06-01 17:20:00,594 INFO  cn.edu.tsinghua.iot.benchmark.mode.BaseMode:102 - DataClientService-thread-1 12.50% workload is done. 
2026-06-01 17:20:00,594 INFO  cn.edu.tsinghua.iot.benchmark.mode.BaseMode:102 - DataClientService-thread-2 12.10% workload is done. 
2026-06-01 17:20:00,594 INFO  cn.edu.tsinghua.iot.benchmark.mode.BaseMode:102 - DataClientService-thread-3 11.90% workload is done. 
2026-06-01 17:20:00,594 INFO  cn.edu.tsinghua.iot.benchmark.mode.BaseMode:102 - DataClientService-thread-4 12.30% workload is done. 
2026-06-01 17:20:00,594 INFO  cn.edu.tsinghua.iot.benchmark.mode.BaseMode:102 - DataClientService-thread-5 11.80% workload is done. 
2026-06-01 17:20:00,594 INFO  cn.edu.tsinghua.iot.benchmark.mode.BaseMode:102 - DataClientService-thread-6 12.20% workload is done. 
2026-06-01 17:20:00,594 INFO  cn.edu.tsinghua.iot.benchmark.mode.BaseMode:102 - DataClientService-thread-7 12.00% workload is done. 
2026-06-01 17:20:00,594 INFO  cn.edu.tsinghua.iot.benchmark.mode.BaseMode:102 - DataClientService-thread-8 11.80% workload is done. 
2026-06-01 17:20:00,594 INFO  cn.edu.tsinghua.iot.benchmark.mode.BaseMode:102 - DataClientService-thread-9 11.50% workload is done. 
2026-06-01 17:20:00,594 INFO  cn.edu.tsinghua.iot.benchmark.mode.BaseMode:102 - DataClientService-thread-10 11.60% workload is done. 
2026-06-01 17:20:05,594 INFO  cn.edu.tsinghua.iot.benchmark.mode.BaseMode:102 - DataClientService-thread-1 12.80% workload is done. 
2026-06-01 17:20:05,594 INFO  cn.edu.tsinghua.iot.benchmark.mode.BaseMode:102 - DataClientService-thread-2 12.40% workload is done. 
2026-06-01 17:20:05,594 INFO  cn.edu.tsinghua.iot.benchmark.mode.BaseMode:102 - DataClientService-thread-3 12.20% workload is done. 
2026-06-01 17:20:05,594 INFO  cn.edu.tsinghua.iot.benchmark.mode.BaseMode:102 - DataClientService-thread-4 12.60% workload is done. 
2026-06-01 17:20:05,594 INFO  cn.edu.tsinghua.iot.benchmark.mode.BaseMode:102 - DataClientService-thread-5 12.20% workload is done. 
2026-06-01 17:20:05,594 INFO  cn.edu.tsinghua.iot.benchmark.mode.BaseMode:102 - DataClientService-thread-6 12.40% workload is done. 
2026-06-01 17:20:05,594 INFO  cn.edu.tsinghua.iot.benchmark.mode.BaseMode:102 - DataClientService-thread-7 12.20% workload is done. 
2026-06-01 17:20:05,594 INFO  cn.edu.tsinghua.iot.benchmark.mode.BaseMode:102 - DataClientService-thread-8 12.10% workload is done. 
2026-06-01 17:20:05,594 INFO  cn.edu.tsinghua.iot.benchmark.mode.BaseMode:102 - DataClientService-thread-9 11.70% workload is done. 
2026-06-01 17:20:05,594 INFO  cn.edu.tsinghua.iot.benchmark.mode.BaseMode:102 - DataClientService-thread-10 11.80% workload is done. 
2026-06-01 17:20:10,594 INFO  cn.edu.tsinghua.iot.benchmark.mode.BaseMode:102 - DataClientService-thread-1 13.10% workload is done. 
2026-06-01 17:20:10,594 INFO  cn.edu.tsinghua.iot.benchmark.mode.BaseMode:102 - DataClientService-thread-2 12.60% workload is done. 
2026-06-01 17:20:10,594 INFO  cn.edu.tsinghua.iot.benchmark.mode.BaseMode:102 - DataClientService-thread-3 12.40% workload is done. 
2026-06-01 17:20:10,594 INFO  cn.edu.tsinghua.iot.benchmark.mode.BaseMode:102 - DataClientService-thread-4 13.00% workload is done. 
2026-06-01 17:20:10,594 INFO  cn.edu.tsinghua.iot.benchmark.mode.BaseMode:102 - DataClientService-thread-5 12.40% workload is done. 
2026-06-01 17:20:10,594 INFO  cn.edu.tsinghua.iot.benchmark.mode.BaseMode:102 - DataClientService-thread-6 12.70% workload is done. 
2026-06-01 17:20:10,594 INFO  cn.edu.tsinghua.iot.benchmark.mode.BaseMode:102 - DataClientService-thread-7 12.50% workload is done. 
2026-06-01 17:20:10,594 INFO  cn.edu.tsinghua.iot.benchmark.mode.BaseMode:102 - DataClientService-thread-8 12.40% workload is done. 
2026-06-01 17:20:10,594 INFO  cn.edu.tsinghua.iot.benchmark.mode.BaseMode:102 - DataClientService-thread-9 12.00% workload is done. 
2026-06-01 17:20:10,594 INFO  cn.edu.tsinghua.iot.benchmark.mode.BaseMode:102 - DataClientService-thread-10 12.00% workload is done. 
2026-06-01 17:20:15,594 INFO  cn.edu.tsinghua.iot.benchmark.mode.BaseMode:102 - DataClientService-thread-1 13.30% workload is done. 
2026-06-01 17:20:15,594 INFO  cn.edu.tsinghua.iot.benchmark.mode.BaseMode:102 - DataClientService-thread-2 12.90% workload is done. 
2026-06-01 17:20:15,594 INFO  cn.edu.tsinghua.iot.benchmark.mode.BaseMode:102 - DataClientService-thread-3 12.70% workload is done. 
2026-06-01 17:20:15,594 INFO  cn.edu.tsinghua.iot.benchmark.mode.BaseMode:102 - DataClientService-thread-4 13.20% workload is done. 
2026-06-01 17:20:15,594 INFO  cn.edu.tsinghua.iot.benchmark.mode.BaseMode:102 - DataClientService-thread-5 12.70% workload is done. 
2026-06-01 17:20:15,594 INFO  cn.edu.tsinghua.iot.benchmark.mode.BaseMode:102 - DataClientService-thread-6 12.90% workload is done. 
2026-06-01 17:20:15,594 INFO  cn.edu.tsinghua.iot.benchmark.mode.BaseMode:102 - DataClientService-thread-7 12.70% workload is done. 
2026-06-01 17:20:15,594 INFO  cn.edu.tsinghua.iot.benchmark.mode.BaseMode:102 - DataClientService-thread-8 12.60% workload is done. 
2026-06-01 17:20:15,595 INFO  cn.edu.tsinghua.iot.benchmark.mode.BaseMode:102 - DataClientService-thread-9 12.20% workload is done. 
2026-06-01 17:20:15,595 INFO  cn.edu.tsinghua.iot.benchmark.mode.BaseMode:102 - DataClientService-thread-10 12.30% workload is done. 
2026-06-01 17:20:20,594 INFO  cn.edu.tsinghua.iot.benchmark.mode.BaseMode:102 - DataClientService-thread-1 13.60% workload is done. 
2026-06-01 17:20:20,594 INFO  cn.edu.tsinghua.iot.benchmark.mode.BaseMode:102 - DataClientService-thread-2 13.10% workload is done. 
2026-06-01 17:20:20,594 INFO  cn.edu.tsinghua.iot.benchmark.mode.BaseMode:102 - DataClientService-thread-3 12.90% workload is done. 
2026-06-01 17:20:20,594 INFO  cn.edu.tsinghua.iot.benchmark.mode.BaseMode:102 - DataClientService-thread-4 13.50% workload is done. 
2026-06-01 17:20:20,594 INFO  cn.edu.tsinghua.iot.benchmark.mode.BaseMode:102 - DataClientService-thread-5 12.90% workload is done. 
2026-06-01 17:20:20,594 INFO  cn.edu.tsinghua.iot.benchmark.mode.BaseMode:102 - DataClientService-thread-6 13.30% workload is done. 
2026-06-01 17:20:20,594 INFO  cn.edu.tsinghua.iot.benchmark.mode.BaseMode:102 - DataClientService-thread-7 13.10% workload is done. 
2026-06-01 17:20:20,594 INFO  cn.edu.tsinghua.iot.benchmark.mode.BaseMode:102 - DataClientService-thread-8 12.90% workload is done. 
2026-06-01 17:20:20,595 INFO  cn.edu.tsinghua.iot.benchmark.mode.BaseMode:102 - DataClientService-thread-9 12.60% workload is done. 
2026-06-01 17:20:20,595 INFO  cn.edu.tsinghua.iot.benchmark.mode.BaseMode:102 - DataClientService-thread-10 12.50% workload is done. 
2026-06-01 17:20:25,594 INFO  cn.edu.tsinghua.iot.benchmark.mode.BaseMode:102 - DataClientService-thread-1 13.80% workload is done. 
2026-06-01 17:20:25,594 INFO  cn.edu.tsinghua.iot.benchmark.mode.BaseMode:102 - DataClientService-thread-2 13.40% workload is done. 
2026-06-01 17:20:25,594 INFO  cn.edu.tsinghua.iot.benchmark.mode.BaseMode:102 - DataClientService-thread-3 13.20% workload is done. 
2026-06-01 17:20:25,594 INFO  cn.edu.tsinghua.iot.benchmark.mode.BaseMode:102 - DataClientService-thread-4 13.70% workload is done. 
2026-06-01 17:20:25,595 INFO  cn.edu.tsinghua.iot.benchmark.mode.BaseMode:102 - DataClientService-thread-5 13.20% workload is done. 
2026-06-01 17:20:25,595 INFO  cn.edu.tsinghua.iot.benchmark.mode.BaseMode:102 - DataClientService-thread-6 13.50% workload is done. 
2026-06-01 17:20:25,595 INFO  cn.edu.tsinghua.iot.benchmark.mode.BaseMode:102 - DataClientService-thread-7 13.30% workload is done. 
2026-06-01 17:20:25,595 INFO  cn.edu.tsinghua.iot.benchmark.mode.BaseMode:102 - DataClientService-thread-8 13.10% workload is done. 
2026-06-01 17:20:25,595 INFO  cn.edu.tsinghua.iot.benchmark.mode.BaseMode:102 - DataClientService-thread-9 12.80% workload is done. 
2026-06-01 17:20:25,595 INFO  cn.edu.tsinghua.iot.benchmark.mode.BaseMode:102 - DataClientService-thread-10 12.80% workload is done. 
2026-06-01 17:20:30,594 INFO  cn.edu.tsinghua.iot.benchmark.mode.BaseMode:102 - DataClientService-thread-1 14.20% workload is done. 
2026-06-01 17:20:30,594 INFO  cn.edu.tsinghua.iot.benchmark.mode.BaseMode:102 - DataClientService-thread-2 13.60% workload is done. 
2026-06-01 17:20:30,594 INFO  cn.edu.tsinghua.iot.benchmark.mode.BaseMode:102 - DataClientService-thread-3 13.50% workload is done. 
2026-06-01 17:20:30,595 INFO  cn.edu.tsinghua.iot.benchmark.mode.BaseMode:102 - DataClientService-thread-4 14.00% workload is done. 
2026-06-01 17:20:30,595 INFO  cn.edu.tsinghua.iot.benchmark.mode.BaseMode:102 - DataClientService-thread-5 13.40% workload is done. 
2026-06-01 17:20:30,595 INFO  cn.edu.tsinghua.iot.benchmark.mode.BaseMode:102 - DataClientService-thread-6 13.80% workload is done. 
2026-06-01 17:20:30,595 INFO  cn.edu.tsinghua.iot.benchmark.mode.BaseMode:102 - DataClientService-thread-7 13.60% workload is done. 
2026-06-01 17:20:30,595 INFO  cn.edu.tsinghua.iot.benchmark.mode.BaseMode:102 - DataClientService-thread-8 13.40% workload is done. 
2026-06-01 17:20:30,595 INFO  cn.edu.tsinghua.iot.benchmark.mode.BaseMode:102 - DataClientService-thread-9 13.10% workload is done. 
2026-06-01 17:20:30,595 INFO  cn.edu.tsinghua.iot.benchmark.mode.BaseMode:102 - DataClientService-thread-10 13.00% workload is done. 
2026-06-01 17:20:35,594 INFO  cn.edu.tsinghua.iot.benchmark.mode.BaseMode:102 - DataClientService-thread-1 14.40% workload is done. 
2026-06-01 17:20:35,594 INFO  cn.edu.tsinghua.iot.benchmark.mode.BaseMode:102 - DataClientService-thread-2 13.90% workload is done. 
2026-06-01 17:20:35,594 INFO  cn.edu.tsinghua.iot.benchmark.mode.BaseMode:102 - DataClientService-thread-3 13.70% workload is done. 
2026-06-01 17:20:35,594 INFO  cn.edu.tsinghua.iot.benchmark.mode.BaseMode:102 - DataClientService-thread-4 14.20% workload is done. 
2026-06-01 17:20:35,595 INFO  cn.edu.tsinghua.iot.benchmark.mode.BaseMode:102 - DataClientService-thread-5 13.60% workload is done. 
2026-06-01 17:20:35,595 INFO  cn.edu.tsinghua.iot.benchmark.mode.BaseMode:102 - DataClientService-thread-6 14.10% workload is done. 
2026-06-01 17:20:35,595 INFO  cn.edu.tsinghua.iot.benchmark.mode.BaseMode:102 - DataClientService-thread-7 13.80% workload is done. 
2026-06-01 17:20:35,595 INFO  cn.edu.tsinghua.iot.benchmark.mode.BaseMode:102 - DataClientService-thread-8 13.60% workload is done. 
2026-06-01 17:20:35,595 INFO  cn.edu.tsinghua.iot.benchmark.mode.BaseMode:102 - DataClientService-thread-9 13.30% workload is done. 
2026-06-01 17:20:35,595 INFO  cn.edu.tsinghua.iot.benchmark.mode.BaseMode:102 - DataClientService-thread-10 13.30% workload is done. 
2026-06-01 17:20:40,594 INFO  cn.edu.tsinghua.iot.benchmark.mode.BaseMode:102 - DataClientService-thread-1 14.40% workload is done. 
2026-06-01 17:20:40,595 INFO  cn.edu.tsinghua.iot.benchmark.mode.BaseMode:102 - DataClientService-thread-2 13.90% workload is done. 
2026-06-01 17:20:40,595 INFO  cn.edu.tsinghua.iot.benchmark.mode.BaseMode:102 - DataClientService-thread-3 13.70% workload is done. 
2026-06-01 17:20:40,595 INFO  cn.edu.tsinghua.iot.benchmark.mode.BaseMode:102 - DataClientService-thread-4 14.20% workload is done. 
2026-06-01 17:20:40,595 INFO  cn.edu.tsinghua.iot.benchmark.mode.BaseMode:102 - DataClientService-thread-5 13.60% workload is done. 
2026-06-01 17:20:40,595 INFO  cn.edu.tsinghua.iot.benchmark.mode.BaseMode:102 - DataClientService-thread-6 14.10% workload is done. 
2026-06-01 17:20:40,595 INFO  cn.edu.tsinghua.iot.benchmark.mode.BaseMode:102 - DataClientService-thread-7 13.80% workload is done. 
2026-06-01 17:20:40,595 INFO  cn.edu.tsinghua.iot.benchmark.mode.BaseMode:102 - DataClientService-thread-8 13.60% workload is done. 
2026-06-01 17:20:40,595 INFO  cn.edu.tsinghua.iot.benchmark.mode.BaseMode:102 - DataClientService-thread-9 13.30% workload is done. 
2026-06-01 17:20:40,595 INFO  cn.edu.tsinghua.iot.benchmark.mode.BaseMode:102 - DataClientService-thread-10 13.30% workload is done. 
2026-06-01 17:20:45,594 INFO  cn.edu.tsinghua.iot.benchmark.mode.BaseMode:102 - DataClientService-thread-1 14.40% workload is done. 
2026-06-01 17:20:45,594 INFO  cn.edu.tsinghua.iot.benchmark.mode.BaseMode:102 - DataClientService-thread-2 13.90% workload is done. 
2026-06-01 17:20:45,594 INFO  cn.edu.tsinghua.iot.benchmark.mode.BaseMode:102 - DataClientService-thread-3 13.70% workload is done. 
2026-06-01 17:20:45,594 INFO  cn.edu.tsinghua.iot.benchmark.mode.BaseMode:102 - DataClientService-thread-4 14.20% workload is done. 
2026-06-01 17:20:45,594 INFO  cn.edu.tsinghua.iot.benchmark.mode.BaseMode:102 - DataClientService-thread-5 13.60% workload is done. 
2026-06-01 17:20:45,594 INFO  cn.edu.tsinghua.iot.benchmark.mode.BaseMode:102 - DataClientService-thread-6 14.10% workload is done. 
2026-06-01 17:20:45,594 INFO  cn.edu.tsinghua.iot.benchmark.mode.BaseMode:102 - DataClientService-thread-7 13.80% workload is done. 
2026-06-01 17:20:45,595 INFO  cn.edu.tsinghua.iot.benchmark.mode.BaseMode:102 - DataClientService-thread-8 13.60% workload is done. 
2026-06-01 17:20:45,595 INFO  cn.edu.tsinghua.iot.benchmark.mode.BaseMode:102 - DataClientService-thread-9 13.30% workload is done. 
2026-06-01 17:20:45,595 INFO  cn.edu.tsinghua.iot.benchmark.mode.BaseMode:102 - DataClientService-thread-10 13.30% workload is done. 
2026-06-01 17:20:50,594 INFO  cn.edu.tsinghua.iot.benchmark.mode.BaseMode:102 - DataClientService-thread-1 14.40% workload is done. 
2026-06-01 17:20:50,594 INFO  cn.edu.tsinghua.iot.benchmark.mode.BaseMode:102 - DataClientService-thread-2 13.90% workload is done. 
2026-06-01 17:20:50,594 INFO  cn.edu.tsinghua.iot.benchmark.mode.BaseMode:102 - DataClientService-thread-3 13.80% workload is done. 
2026-06-01 17:20:50,594 INFO  cn.edu.tsinghua.iot.benchmark.mode.BaseMode:102 - DataClientService-thread-4 14.20% workload is done. 
2026-06-01 17:20:50,594 INFO  cn.edu.tsinghua.iot.benchmark.mode.BaseMode:102 - DataClientService-thread-5 13.70% workload is done. 
2026-06-01 17:20:50,594 INFO  cn.edu.tsinghua.iot.benchmark.mode.BaseMode:102 - DataClientService-thread-6 14.10% workload is done. 
2026-06-01 17:20:50,594 INFO  cn.edu.tsinghua.iot.benchmark.mode.BaseMode:102 - DataClientService-thread-7 13.80% workload is done. 
2026-06-01 17:20:50,594 INFO  cn.edu.tsinghua.iot.benchmark.mode.BaseMode:102 - DataClientService-thread-8 13.60% workload is done. 
2026-06-01 17:20:50,594 INFO  cn.edu.tsinghua.iot.benchmark.mode.BaseMode:102 - DataClientService-thread-9 13.30% workload is done. 
2026-06-01 17:20:50,594 INFO  cn.edu.tsinghua.iot.benchmark.mode.BaseMode:102 - DataClientService-thread-10 13.30% workload is done. 
2026-06-01 17:20:55,594 INFO  cn.edu.tsinghua.iot.benchmark.mode.BaseMode:102 - DataClientService-thread-1 14.70% workload is done. 
2026-06-01 17:20:55,594 INFO  cn.edu.tsinghua.iot.benchmark.mode.BaseMode:102 - DataClientService-thread-2 14.20% workload is done. 
2026-06-01 17:20:55,594 INFO  cn.edu.tsinghua.iot.benchmark.mode.BaseMode:102 - DataClientService-thread-3 14.00% workload is done. 
2026-06-01 17:20:55,594 INFO  cn.edu.tsinghua.iot.benchmark.mode.BaseMode:102 - DataClientService-thread-4 14.50% workload is done. 
2026-06-01 17:20:55,594 INFO  cn.edu.tsinghua.iot.benchmark.mode.BaseMode:102 - DataClientService-thread-5 13.90% workload is done. 
2026-06-01 17:20:55,594 INFO  cn.edu.tsinghua.iot.benchmark.mode.BaseMode:102 - DataClientService-thread-6 14.30% workload is done. 
2026-06-01 17:20:55,595 INFO  cn.edu.tsinghua.iot.benchmark.mode.BaseMode:102 - DataClientService-thread-7 14.00% workload is done. 
2026-06-01 17:20:55,595 INFO  cn.edu.tsinghua.iot.benchmark.mode.BaseMode:102 - DataClientService-thread-8 13.80% workload is done. 
2026-06-01 17:20:55,595 INFO  cn.edu.tsinghua.iot.benchmark.mode.BaseMode:102 - DataClientService-thread-9 13.50% workload is done. 
2026-06-01 17:20:55,595 INFO  cn.edu.tsinghua.iot.benchmark.mode.BaseMode:102 - DataClientService-thread-10 13.50% workload is done. 
2026-06-01 17:21:00,594 INFO  cn.edu.tsinghua.iot.benchmark.mode.BaseMode:102 - DataClientService-thread-1 15.00% workload is done. 
2026-06-01 17:21:00,594 INFO  cn.edu.tsinghua.iot.benchmark.mode.BaseMode:102 - DataClientService-thread-2 14.50% workload is done. 
2026-06-01 17:21:00,594 INFO  cn.edu.tsinghua.iot.benchmark.mode.BaseMode:102 - DataClientService-thread-3 14.30% workload is done. 
2026-06-01 17:21:00,594 INFO  cn.edu.tsinghua.iot.benchmark.mode.BaseMode:102 - DataClientService-thread-4 14.70% workload is done. 
2026-06-01 17:21:00,594 INFO  cn.edu.tsinghua.iot.benchmark.mode.BaseMode:102 - DataClientService-thread-5 14.10% workload is done. 
2026-06-01 17:21:00,594 INFO  cn.edu.tsinghua.iot.benchmark.mode.BaseMode:102 - DataClientService-thread-6 14.60% workload is done. 
2026-06-01 17:21:00,594 INFO  cn.edu.tsinghua.iot.benchmark.mode.BaseMode:102 - DataClientService-thread-7 14.30% workload is done. 
2026-06-01 17:21:00,594 INFO  cn.edu.tsinghua.iot.benchmark.mode.BaseMode:102 - DataClientService-thread-8 14.10% workload is done. 
2026-06-01 17:21:00,594 INFO  cn.edu.tsinghua.iot.benchmark.mode.BaseMode:102 - DataClientService-thread-9 13.80% workload is done. 
2026-06-01 17:21:00,594 INFO  cn.edu.tsinghua.iot.benchmark.mode.BaseMode:102 - DataClientService-thread-10 13.80% workload is done. 
2026-06-01 17:21:05,594 INFO  cn.edu.tsinghua.iot.benchmark.mode.BaseMode:102 - DataClientService-thread-1 15.20% workload is done. 
2026-06-01 17:21:05,594 INFO  cn.edu.tsinghua.iot.benchmark.mode.BaseMode:102 - DataClientService-thread-2 14.70% workload is done. 
2026-06-01 17:21:05,594 INFO  cn.edu.tsinghua.iot.benchmark.mode.BaseMode:102 - DataClientService-thread-3 14.50% workload is done. 
2026-06-01 17:21:05,594 INFO  cn.edu.tsinghua.iot.benchmark.mode.BaseMode:102 - DataClientService-thread-4 15.00% workload is done. 
2026-06-01 17:21:05,594 INFO  cn.edu.tsinghua.iot.benchmark.mode.BaseMode:102 - DataClientService-thread-5 14.40% workload is done. 
2026-06-01 17:21:05,594 INFO  cn.edu.tsinghua.iot.benchmark.mode.BaseMode:102 - DataClientService-thread-6 14.80% workload is done. 
2026-06-01 17:21:05,594 INFO  cn.edu.tsinghua.iot.benchmark.mode.BaseMode:102 - DataClientService-thread-7 14.50% workload is done. 
2026-06-01 17:21:05,594 INFO  cn.edu.tsinghua.iot.benchmark.mode.BaseMode:102 - DataClientService-thread-8 14.30% workload is done. 
2026-06-01 17:21:05,594 INFO  cn.edu.tsinghua.iot.benchmark.mode.BaseMode:102 - DataClientService-thread-9 14.00% workload is done. 
2026-06-01 17:21:05,594 INFO  cn.edu.tsinghua.iot.benchmark.mode.BaseMode:102 - DataClientService-thread-10 14.00% workload is done. 
2026-06-01 17:21:10,594 INFO  cn.edu.tsinghua.iot.benchmark.mode.BaseMode:102 - DataClientService-thread-1 15.50% workload is done. 
2026-06-01 17:21:10,594 INFO  cn.edu.tsinghua.iot.benchmark.mode.BaseMode:102 - DataClientService-thread-2 15.00% workload is done. 
2026-06-01 17:21:10,596 INFO  cn.edu.tsinghua.iot.benchmark.mode.BaseMode:102 - DataClientService-thread-3 14.80% workload is done. 
2026-06-01 17:21:10,596 INFO  cn.edu.tsinghua.iot.benchmark.mode.BaseMode:102 - DataClientService-thread-4 15.30% workload is done. 
2026-06-01 17:21:10,596 INFO  cn.edu.tsinghua.iot.benchmark.mode.BaseMode:102 - DataClientService-thread-5 14.60% workload is done. 
2026-06-01 17:21:10,596 INFO  cn.edu.tsinghua.iot.benchmark.mode.BaseMode:102 - DataClientService-thread-6 15.10% workload is done. 
2026-06-01 17:21:10,596 INFO  cn.edu.tsinghua.iot.benchmark.mode.BaseMode:102 - DataClientService-thread-7 14.80% workload is done. 
2026-06-01 17:21:10,596 INFO  cn.edu.tsinghua.iot.benchmark.mode.BaseMode:102 - DataClientService-thread-8 14.70% workload is done. 
2026-06-01 17:21:10,596 INFO  cn.edu.tsinghua.iot.benchmark.mode.BaseMode:102 - DataClientService-thread-9 14.30% workload is done. 
2026-06-01 17:21:10,596 INFO  cn.edu.tsinghua.iot.benchmark.mode.BaseMode:102 - DataClientService-thread-10 14.30% workload is done. 
2026-06-01 17:21:15,594 INFO  cn.edu.tsinghua.iot.benchmark.mode.BaseMode:102 - DataClientService-thread-1 15.70% workload is done. 
2026-06-01 17:21:15,594 INFO  cn.edu.tsinghua.iot.benchmark.mode.BaseMode:102 - DataClientService-thread-2 15.30% workload is done. 
2026-06-01 17:21:15,594 INFO  cn.edu.tsinghua.iot.benchmark.mode.BaseMode:102 - DataClientService-thread-3 15.00% workload is done. 
2026-06-01 17:21:15,594 INFO  cn.edu.tsinghua.iot.benchmark.mode.BaseMode:102 - DataClientService-thread-4 15.60% workload is done. 
2026-06-01 17:21:15,594 INFO  cn.edu.tsinghua.iot.benchmark.mode.BaseMode:102 - DataClientService-thread-5 14.90% workload is done. 
2026-06-01 17:21:15,594 INFO  cn.edu.tsinghua.iot.benchmark.mode.BaseMode:102 - DataClientService-thread-6 15.30% workload is done. 
2026-06-01 17:21:15,594 INFO  cn.edu.tsinghua.iot.benchmark.mode.BaseMode:102 - DataClientService-thread-7 15.00% workload is done. 
2026-06-01 17:21:15,594 INFO  cn.edu.tsinghua.iot.benchmark.mode.BaseMode:102 - DataClientService-thread-8 14.90% workload is done. 
2026-06-01 17:21:15,594 INFO  cn.edu.tsinghua.iot.benchmark.mode.BaseMode:102 - DataClientService-thread-9 14.50% workload is done. 
2026-06-01 17:21:15,594 INFO  cn.edu.tsinghua.iot.benchmark.mode.BaseMode:102 - DataClientService-thread-10 14.50% workload is done. 
2026-06-01 17:21:20,594 INFO  cn.edu.tsinghua.iot.benchmark.mode.BaseMode:102 - DataClientService-thread-1 16.00% workload is done. 
2026-06-01 17:21:20,594 INFO  cn.edu.tsinghua.iot.benchmark.mode.BaseMode:102 - DataClientService-thread-2 15.50% workload is done. 
2026-06-01 17:21:20,594 INFO  cn.edu.tsinghua.iot.benchmark.mode.BaseMode:102 - DataClientService-thread-3 15.30% workload is done. 
2026-06-01 17:21:20,594 INFO  cn.edu.tsinghua.iot.benchmark.mode.BaseMode:102 - DataClientService-thread-4 15.80% workload is done. 
2026-06-01 17:21:20,594 INFO  cn.edu.tsinghua.iot.benchmark.mode.BaseMode:102 - DataClientService-thread-5 15.10% workload is done. 
2026-06-01 17:21:20,594 INFO  cn.edu.tsinghua.iot.benchmark.mode.BaseMode:102 - DataClientService-thread-6 15.60% workload is done. 
2026-06-01 17:21:20,594 INFO  cn.edu.tsinghua.iot.benchmark.mode.BaseMode:102 - DataClientService-thread-7 15.30% workload is done. 
2026-06-01 17:21:20,594 INFO  cn.edu.tsinghua.iot.benchmark.mode.BaseMode:102 - DataClientService-thread-8 15.20% workload is done. 
2026-06-01 17:21:20,594 INFO  cn.edu.tsinghua.iot.benchmark.mode.BaseMode:102 - DataClientService-thread-9 14.80% workload is done. 
2026-06-01 17:21:20,594 INFO  cn.edu.tsinghua.iot.benchmark.mode.BaseMode:102 - DataClientService-thread-10 14.80% workload is done. 
2026-06-01 17:21:25,594 INFO  cn.edu.tsinghua.iot.benchmark.mode.BaseMode:102 - DataClientService-thread-1 16.20% workload is done. 
2026-06-01 17:21:25,594 INFO  cn.edu.tsinghua.iot.benchmark.mode.BaseMode:102 - DataClientService-thread-2 15.80% workload is done. 
2026-06-01 17:21:25,594 INFO  cn.edu.tsinghua.iot.benchmark.mode.BaseMode:102 - DataClientService-thread-3 15.50% workload is done. 
2026-06-01 17:21:25,594 INFO  cn.edu.tsinghua.iot.benchmark.mode.BaseMode:102 - DataClientService-thread-4 16.10% workload is done. 
2026-06-01 17:21:25,594 INFO  cn.edu.tsinghua.iot.benchmark.mode.BaseMode:102 - DataClientService-thread-5 15.50% workload is done. 
2026-06-01 17:21:25,596 INFO  cn.edu.tsinghua.iot.benchmark.mode.BaseMode:102 - DataClientService-thread-6 15.80% workload is done. 
2026-06-01 17:21:25,597 INFO  cn.edu.tsinghua.iot.benchmark.mode.BaseMode:102 - DataClientService-thread-7 15.50% workload is done. 
2026-06-01 17:21:25,597 INFO  cn.edu.tsinghua.iot.benchmark.mode.BaseMode:102 - DataClientService-thread-8 15.60% workload is done. 
2026-06-01 17:21:25,597 INFO  cn.edu.tsinghua.iot.benchmark.mode.BaseMode:102 - DataClientService-thread-9 15.00% workload is done. 
2026-06-01 17:21:25,597 INFO  cn.edu.tsinghua.iot.benchmark.mode.BaseMode:102 - DataClientService-thread-10 15.00% workload is done. 
2026-06-01 17:21:30,594 INFO  cn.edu.tsinghua.iot.benchmark.mode.BaseMode:102 - DataClientService-thread-1 16.50% workload is done. 
2026-06-01 17:21:30,594 INFO  cn.edu.tsinghua.iot.benchmark.mode.BaseMode:102 - DataClientService-thread-2 16.00% workload is done. 
2026-06-01 17:21:30,594 INFO  cn.edu.tsinghua.iot.benchmark.mode.BaseMode:102 - DataClientService-thread-3 15.80% workload is done. 
2026-06-01 17:21:30,594 INFO  cn.edu.tsinghua.iot.benchmark.mode.BaseMode:102 - DataClientService-thread-4 16.30% workload is done. 
2026-06-01 17:21:30,594 INFO  cn.edu.tsinghua.iot.benchmark.mode.BaseMode:102 - DataClientService-thread-5 15.70% workload is done. 
2026-06-01 17:21:30,594 INFO  cn.edu.tsinghua.iot.benchmark.mode.BaseMode:102 - DataClientService-thread-6 16.30% workload is done. 
2026-06-01 17:21:30,594 INFO  cn.edu.tsinghua.iot.benchmark.mode.BaseMode:102 - DataClientService-thread-7 15.90% workload is done. 
2026-06-01 17:21:30,594 INFO  cn.edu.tsinghua.iot.benchmark.mode.BaseMode:102 - DataClientService-thread-8 15.80% workload is done. 
2026-06-01 17:21:30,594 INFO  cn.edu.tsinghua.iot.benchmark.mode.BaseMode:102 - DataClientService-thread-9 15.30% workload is done. 
2026-06-01 17:21:30,594 INFO  cn.edu.tsinghua.iot.benchmark.mode.BaseMode:102 - DataClientService-thread-10 15.30% workload is done. 
2026-06-01 17:21:35,594 INFO  cn.edu.tsinghua.iot.benchmark.mode.BaseMode:102 - DataClientService-thread-1 16.70% workload is done. 
2026-06-01 17:21:35,594 INFO  cn.edu.tsinghua.iot.benchmark.mode.BaseMode:102 - DataClientService-thread-2 16.20% workload is done. 
2026-06-01 17:21:35,594 INFO  cn.edu.tsinghua.iot.benchmark.mode.BaseMode:102 - DataClientService-thread-3 16.00% workload is done. 
2026-06-01 17:21:35,594 INFO  cn.edu.tsinghua.iot.benchmark.mode.BaseMode:102 - DataClientService-thread-4 16.60% workload is done. 
2026-06-01 17:21:35,594 INFO  cn.edu.tsinghua.iot.benchmark.mode.BaseMode:102 - DataClientService-thread-5 16.20% workload is done. 
2026-06-01 17:21:35,595 INFO  cn.edu.tsinghua.iot.benchmark.mode.BaseMode:102 - DataClientService-thread-6 16.50% workload is done. 
2026-06-01 17:21:35,595 INFO  cn.edu.tsinghua.iot.benchmark.mode.BaseMode:102 - DataClientService-thread-7 16.10% workload is done. 
2026-06-01 17:21:35,595 INFO  cn.edu.tsinghua.iot.benchmark.mode.BaseMode:102 - DataClientService-thread-8 16.20% workload is done. 
2026-06-01 17:21:35,595 INFO  cn.edu.tsinghua.iot.benchmark.mode.BaseMode:102 - DataClientService-thread-9 15.50% workload is done. 
2026-06-01 17:21:35,595 INFO  cn.edu.tsinghua.iot.benchmark.mode.BaseMode:102 - DataClientService-thread-10 15.60% workload is done. 
2026-06-01 17:21:40,594 INFO  cn.edu.tsinghua.iot.benchmark.mode.BaseMode:102 - DataClientService-thread-1 17.10% workload is done. 
2026-06-01 17:21:40,594 INFO  cn.edu.tsinghua.iot.benchmark.mode.BaseMode:102 - DataClientService-thread-2 16.50% workload is done. 
2026-06-01 17:21:40,594 INFO  cn.edu.tsinghua.iot.benchmark.mode.BaseMode:102 - DataClientService-thread-3 16.30% workload is done. 
2026-06-01 17:21:40,594 INFO  cn.edu.tsinghua.iot.benchmark.mode.BaseMode:102 - DataClientService-thread-4 16.80% workload is done. 
2026-06-01 17:21:40,594 INFO  cn.edu.tsinghua.iot.benchmark.mode.BaseMode:102 - DataClientService-thread-5 16.40% workload is done. 
2026-06-01 17:21:40,594 INFO  cn.edu.tsinghua.iot.benchmark.mode.BaseMode:102 - DataClientService-thread-6 16.80% workload is done. 
2026-06-01 17:21:40,594 INFO  cn.edu.tsinghua.iot.benchmark.mode.BaseMode:102 - DataClientService-thread-7 16.40% workload is done. 
2026-06-01 17:21:40,594 INFO  cn.edu.tsinghua.iot.benchmark.mode.BaseMode:102 - DataClientService-thread-8 16.40% workload is done. 
2026-06-01 17:21:40,594 INFO  cn.edu.tsinghua.iot.benchmark.mode.BaseMode:102 - DataClientService-thread-9 15.80% workload is done. 
2026-06-01 17:21:40,594 INFO  cn.edu.tsinghua.iot.benchmark.mode.BaseMode:102 - DataClientService-thread-10 15.90% workload is done. 
2026-06-01 17:21:45,594 INFO  cn.edu.tsinghua.iot.benchmark.mode.BaseMode:102 - DataClientService-thread-1 17.30% workload is done. 
2026-06-01 17:21:45,594 INFO  cn.edu.tsinghua.iot.benchmark.mode.BaseMode:102 - DataClientService-thread-2 16.70% workload is done. 
2026-06-01 17:21:45,594 INFO  cn.edu.tsinghua.iot.benchmark.mode.BaseMode:102 - DataClientService-thread-3 16.50% workload is done. 
2026-06-01 17:21:45,594 INFO  cn.edu.tsinghua.iot.benchmark.mode.BaseMode:102 - DataClientService-thread-4 17.10% workload is done. 
2026-06-01 17:21:45,594 INFO  cn.edu.tsinghua.iot.benchmark.mode.BaseMode:102 - DataClientService-thread-5 16.70% workload is done. 
2026-06-01 17:21:45,594 INFO  cn.edu.tsinghua.iot.benchmark.mode.BaseMode:102 - DataClientService-thread-6 17.00% workload is done. 
2026-06-01 17:21:45,594 INFO  cn.edu.tsinghua.iot.benchmark.mode.BaseMode:102 - DataClientService-thread-7 16.70% workload is done. 
2026-06-01 17:21:45,594 INFO  cn.edu.tsinghua.iot.benchmark.mode.BaseMode:102 - DataClientService-thread-8 16.90% workload is done. 
2026-06-01 17:21:45,594 INFO  cn.edu.tsinghua.iot.benchmark.mode.BaseMode:102 - DataClientService-thread-9 16.20% workload is done. 
2026-06-01 17:21:45,594 INFO  cn.edu.tsinghua.iot.benchmark.mode.BaseMode:102 - DataClientService-thread-10 16.10% workload is done. 
2026-06-01 17:21:50,594 INFO  cn.edu.tsinghua.iot.benchmark.mode.BaseMode:102 - DataClientService-thread-1 17.70% workload is done. 
2026-06-01 17:21:50,594 INFO  cn.edu.tsinghua.iot.benchmark.mode.BaseMode:102 - DataClientService-thread-2 17.00% workload is done. 
2026-06-01 17:21:50,594 INFO  cn.edu.tsinghua.iot.benchmark.mode.BaseMode:102 - DataClientService-thread-3 16.80% workload is done. 
2026-06-01 17:21:50,594 INFO  cn.edu.tsinghua.iot.benchmark.mode.BaseMode:102 - DataClientService-thread-4 17.30% workload is done. 
2026-06-01 17:21:50,594 INFO  cn.edu.tsinghua.iot.benchmark.mode.BaseMode:102 - DataClientService-thread-5 17.10% workload is done. 
2026-06-01 17:21:50,594 INFO  cn.edu.tsinghua.iot.benchmark.mode.BaseMode:102 - DataClientService-thread-6 17.30% workload is done. 
2026-06-01 17:21:50,594 INFO  cn.edu.tsinghua.iot.benchmark.mode.BaseMode:102 - DataClientService-thread-7 17.00% workload is done. 
2026-06-01 17:21:50,594 INFO  cn.edu.tsinghua.iot.benchmark.mode.BaseMode:102 - DataClientService-thread-8 17.10% workload is done. 
2026-06-01 17:21:50,594 INFO  cn.edu.tsinghua.iot.benchmark.mode.BaseMode:102 - DataClientService-thread-9 16.50% workload is done. 
2026-06-01 17:21:50,594 INFO  cn.edu.tsinghua.iot.benchmark.mode.BaseMode:102 - DataClientService-thread-10 16.50% workload is done. 
2026-06-01 17:21:55,594 INFO  cn.edu.tsinghua.iot.benchmark.mode.BaseMode:102 - DataClientService-thread-1 17.90% workload is done. 
2026-06-01 17:21:55,594 INFO  cn.edu.tsinghua.iot.benchmark.mode.BaseMode:102 - DataClientService-thread-2 17.20% workload is done. 
2026-06-01 17:21:55,594 INFO  cn.edu.tsinghua.iot.benchmark.mode.BaseMode:102 - DataClientService-thread-3 17.00% workload is done. 
2026-06-01 17:21:55,594 INFO  cn.edu.tsinghua.iot.benchmark.mode.BaseMode:102 - DataClientService-thread-4 17.60% workload is done. 
2026-06-01 17:21:55,594 INFO  cn.edu.tsinghua.iot.benchmark.mode.BaseMode:102 - DataClientService-thread-5 17.50% workload is done. 
2026-06-01 17:21:55,594 INFO  cn.edu.tsinghua.iot.benchmark.mode.BaseMode:102 - DataClientService-thread-6 17.50% workload is done. 
2026-06-01 17:21:55,594 INFO  cn.edu.tsinghua.iot.benchmark.mode.BaseMode:102 - DataClientService-thread-7 17.30% workload is done. 
2026-06-01 17:21:55,594 INFO  cn.edu.tsinghua.iot.benchmark.mode.BaseMode:102 - DataClientService-thread-8 17.30% workload is done. 
2026-06-01 17:21:55,594 INFO  cn.edu.tsinghua.iot.benchmark.mode.BaseMode:102 - DataClientService-thread-9 16.70% workload is done. 
2026-06-01 17:21:55,594 INFO  cn.edu.tsinghua.iot.benchmark.mode.BaseMode:102 - DataClientService-thread-10 16.70% workload is done. 
2026-06-01 17:22:00,594 INFO  cn.edu.tsinghua.iot.benchmark.mode.BaseMode:102 - DataClientService-thread-1 18.20% workload is done. 
2026-06-01 17:22:00,594 INFO  cn.edu.tsinghua.iot.benchmark.mode.BaseMode:102 - DataClientService-thread-2 17.50% workload is done. 
2026-06-01 17:22:00,594 INFO  cn.edu.tsinghua.iot.benchmark.mode.BaseMode:102 - DataClientService-thread-3 17.30% workload is done. 
2026-06-01 17:22:00,594 INFO  cn.edu.tsinghua.iot.benchmark.mode.BaseMode:102 - DataClientService-thread-4 17.80% workload is done. 
2026-06-01 17:22:00,594 INFO  cn.edu.tsinghua.iot.benchmark.mode.BaseMode:102 - DataClientService-thread-5 17.70% workload is done. 
2026-06-01 17:22:00,594 INFO  cn.edu.tsinghua.iot.benchmark.mode.BaseMode:102 - DataClientService-thread-6 17.80% workload is done. 
2026-06-01 17:22:00,594 INFO  cn.edu.tsinghua.iot.benchmark.mode.BaseMode:102 - DataClientService-thread-7 17.50% workload is done. 
2026-06-01 17:22:00,594 INFO  cn.edu.tsinghua.iot.benchmark.mode.BaseMode:102 - DataClientService-thread-8 17.60% workload is done. 
2026-06-01 17:22:00,594 INFO  cn.edu.tsinghua.iot.benchmark.mode.BaseMode:102 - DataClientService-thread-9 17.00% workload is done. 
2026-06-01 17:22:00,594 INFO  cn.edu.tsinghua.iot.benchmark.mode.BaseMode:102 - DataClientService-thread-10 17.00% workload is done. 
2026-06-01 17:22:05,594 INFO  cn.edu.tsinghua.iot.benchmark.mode.BaseMode:102 - DataClientService-thread-1 18.40% workload is done. 
2026-06-01 17:22:05,594 INFO  cn.edu.tsinghua.iot.benchmark.mode.BaseMode:102 - DataClientService-thread-2 17.70% workload is done. 
2026-06-01 17:22:05,596 INFO  cn.edu.tsinghua.iot.benchmark.mode.BaseMode:102 - DataClientService-thread-3 17.60% workload is done. 
2026-06-01 17:22:05,596 INFO  cn.edu.tsinghua.iot.benchmark.mode.BaseMode:102 - DataClientService-thread-4 18.10% workload is done. 
2026-06-01 17:22:05,596 INFO  cn.edu.tsinghua.iot.benchmark.mode.BaseMode:102 - DataClientService-thread-5 18.10% workload is done. 
2026-06-01 17:22:05,596 INFO  cn.edu.tsinghua.iot.benchmark.mode.BaseMode:102 - DataClientService-thread-6 18.00% workload is done. 
2026-06-01 17:22:05,596 INFO  cn.edu.tsinghua.iot.benchmark.mode.BaseMode:102 - DataClientService-thread-7 17.80% workload is done. 
2026-06-01 17:22:05,596 INFO  cn.edu.tsinghua.iot.benchmark.mode.BaseMode:102 - DataClientService-thread-8 17.80% workload is done. 
2026-06-01 17:22:05,596 INFO  cn.edu.tsinghua.iot.benchmark.mode.BaseMode:102 - DataClientService-thread-9 17.40% workload is done. 
2026-06-01 17:22:05,596 INFO  cn.edu.tsinghua.iot.benchmark.mode.BaseMode:102 - DataClientService-thread-10 17.20% workload is done. 
2026-06-01 17:22:10,594 INFO  cn.edu.tsinghua.iot.benchmark.mode.BaseMode:102 - DataClientService-thread-1 18.70% workload is done. 
2026-06-01 17:22:10,594 INFO  cn.edu.tsinghua.iot.benchmark.mode.BaseMode:102 - DataClientService-thread-2 18.20% workload is done. 
2026-06-01 17:22:10,594 INFO  cn.edu.tsinghua.iot.benchmark.mode.BaseMode:102 - DataClientService-thread-3 17.80% workload is done. 
2026-06-01 17:22:10,594 INFO  cn.edu.tsinghua.iot.benchmark.mode.BaseMode:102 - DataClientService-thread-4 18.30% workload is done. 
2026-06-01 17:22:10,594 INFO  cn.edu.tsinghua.iot.benchmark.mode.BaseMode:102 - DataClientService-thread-5 18.30% workload is done. 
2026-06-01 17:22:10,594 INFO  cn.edu.tsinghua.iot.benchmark.mode.BaseMode:102 - DataClientService-thread-6 18.30% workload is done. 
2026-06-01 17:22:10,594 INFO  cn.edu.tsinghua.iot.benchmark.mode.BaseMode:102 - DataClientService-thread-7 18.00% workload is done. 
2026-06-01 17:22:10,594 INFO  cn.edu.tsinghua.iot.benchmark.mode.BaseMode:102 - DataClientService-thread-8 18.10% workload is done. 
2026-06-01 17:22:10,594 INFO  cn.edu.tsinghua.iot.benchmark.mode.BaseMode:102 - DataClientService-thread-9 17.70% workload is done. 
2026-06-01 17:22:10,594 INFO  cn.edu.tsinghua.iot.benchmark.mode.BaseMode:102 - DataClientService-thread-10 17.60% workload is done. 
2026-06-01 17:22:15,594 INFO  cn.edu.tsinghua.iot.benchmark.mode.BaseMode:102 - DataClientService-thread-1 18.90% workload is done. 
2026-06-01 17:22:15,594 INFO  cn.edu.tsinghua.iot.benchmark.mode.BaseMode:102 - DataClientService-thread-2 18.40% workload is done. 
2026-06-01 17:22:15,594 INFO  cn.edu.tsinghua.iot.benchmark.mode.BaseMode:102 - DataClientService-thread-3 18.10% workload is done. 
2026-06-01 17:22:15,594 INFO  cn.edu.tsinghua.iot.benchmark.mode.BaseMode:102 - DataClientService-thread-4 18.60% workload is done. 
2026-06-01 17:22:15,594 INFO  cn.edu.tsinghua.iot.benchmark.mode.BaseMode:102 - DataClientService-thread-5 18.50% workload is done. 
2026-06-01 17:22:15,594 INFO  cn.edu.tsinghua.iot.benchmark.mode.BaseMode:102 - DataClientService-thread-6 18.70% workload is done. 
2026-06-01 17:22:15,594 INFO  cn.edu.tsinghua.iot.benchmark.mode.BaseMode:102 - DataClientService-thread-7 18.30% workload is done. 
2026-06-01 17:22:15,594 INFO  cn.edu.tsinghua.iot.benchmark.mode.BaseMode:102 - DataClientService-thread-8 18.40% workload is done. 
2026-06-01 17:22:15,594 INFO  cn.edu.tsinghua.iot.benchmark.mode.BaseMode:102 - DataClientService-thread-9 18.00% workload is done. 
2026-06-01 17:22:15,594 INFO  cn.edu.tsinghua.iot.benchmark.mode.BaseMode:102 - DataClientService-thread-10 17.80% workload is done. 
2026-06-01 17:22:20,594 INFO  cn.edu.tsinghua.iot.benchmark.mode.BaseMode:102 - DataClientService-thread-1 19.20% workload is done. 
2026-06-01 17:22:20,594 INFO  cn.edu.tsinghua.iot.benchmark.mode.BaseMode:102 - DataClientService-thread-2 18.70% workload is done. 
2026-06-01 17:22:20,594 INFO  cn.edu.tsinghua.iot.benchmark.mode.BaseMode:102 - DataClientService-thread-3 18.40% workload is done. 
2026-06-01 17:22:20,594 INFO  cn.edu.tsinghua.iot.benchmark.mode.BaseMode:102 - DataClientService-thread-4 18.80% workload is done. 
2026-06-01 17:22:20,594 INFO  cn.edu.tsinghua.iot.benchmark.mode.BaseMode:102 - DataClientService-thread-5 18.80% workload is done. 
2026-06-01 17:22:20,594 INFO  cn.edu.tsinghua.iot.benchmark.mode.BaseMode:102 - DataClientService-thread-6 18.90% workload is done. 
2026-06-01 17:22:20,594 INFO  cn.edu.tsinghua.iot.benchmark.mode.BaseMode:102 - DataClientService-thread-7 18.50% workload is done. 
2026-06-01 17:22:20,594 INFO  cn.edu.tsinghua.iot.benchmark.mode.BaseMode:102 - DataClientService-thread-8 18.70% workload is done. 
2026-06-01 17:22:20,594 INFO  cn.edu.tsinghua.iot.benchmark.mode.BaseMode:102 - DataClientService-thread-9 18.20% workload is done. 
2026-06-01 17:22:20,594 INFO  cn.edu.tsinghua.iot.benchmark.mode.BaseMode:102 - DataClientService-thread-10 18.10% workload is done. 
2026-06-01 17:22:25,594 INFO  cn.edu.tsinghua.iot.benchmark.mode.BaseMode:102 - DataClientService-thread-1 19.40% workload is done. 
2026-06-01 17:22:25,594 INFO  cn.edu.tsinghua.iot.benchmark.mode.BaseMode:102 - DataClientService-thread-2 19.00% workload is done. 
2026-06-01 17:22:25,594 INFO  cn.edu.tsinghua.iot.benchmark.mode.BaseMode:102 - DataClientService-thread-3 18.60% workload is done. 
2026-06-01 17:22:25,594 INFO  cn.edu.tsinghua.iot.benchmark.mode.BaseMode:102 - DataClientService-thread-4 19.10% workload is done. 
2026-06-01 17:22:25,594 INFO  cn.edu.tsinghua.iot.benchmark.mode.BaseMode:102 - DataClientService-thread-5 19.00% workload is done. 
2026-06-01 17:22:25,594 INFO  cn.edu.tsinghua.iot.benchmark.mode.BaseMode:102 - DataClientService-thread-6 19.20% workload is done. 
2026-06-01 17:22:25,594 INFO  cn.edu.tsinghua.iot.benchmark.mode.BaseMode:102 - DataClientService-thread-7 18.80% workload is done. 
2026-06-01 17:22:25,594 INFO  cn.edu.tsinghua.iot.benchmark.mode.BaseMode:102 - DataClientService-thread-8 18.90% workload is done. 
2026-06-01 17:22:25,594 INFO  cn.edu.tsinghua.iot.benchmark.mode.BaseMode:102 - DataClientService-thread-9 18.50% workload is done. 
2026-06-01 17:22:25,594 INFO  cn.edu.tsinghua.iot.benchmark.mode.BaseMode:102 - DataClientService-thread-10 18.40% workload is done. 
2026-06-01 17:22:30,594 INFO  cn.edu.tsinghua.iot.benchmark.mode.BaseMode:102 - DataClientService-thread-1 19.70% workload is done. 
2026-06-01 17:22:30,594 INFO  cn.edu.tsinghua.iot.benchmark.mode.BaseMode:102 - DataClientService-thread-2 19.30% workload is done. 
2026-06-01 17:22:30,594 INFO  cn.edu.tsinghua.iot.benchmark.mode.BaseMode:102 - DataClientService-thread-3 19.00% workload is done. 
2026-06-01 17:22:30,594 INFO  cn.edu.tsinghua.iot.benchmark.mode.BaseMode:102 - DataClientService-thread-4 19.30% workload is done. 
2026-06-01 17:22:30,594 INFO  cn.edu.tsinghua.iot.benchmark.mode.BaseMode:102 - DataClientService-thread-5 19.30% workload is done. 
2026-06-01 17:22:30,594 INFO  cn.edu.tsinghua.iot.benchmark.mode.BaseMode:102 - DataClientService-thread-6 19.50% workload is done. 
2026-06-01 17:22:30,594 INFO  cn.edu.tsinghua.iot.benchmark.mode.BaseMode:102 - DataClientService-thread-7 19.10% workload is done. 
2026-06-01 17:22:30,594 INFO  cn.edu.tsinghua.iot.benchmark.mode.BaseMode:102 - DataClientService-thread-8 19.20% workload is done. 
2026-06-01 17:22:30,594 INFO  cn.edu.tsinghua.iot.benchmark.mode.BaseMode:102 - DataClientService-thread-9 18.70% workload is done. 
2026-06-01 17:22:30,594 INFO  cn.edu.tsinghua.iot.benchmark.mode.BaseMode:102 - DataClientService-thread-10 18.60% workload is done. 
2026-06-01 17:22:35,594 INFO  cn.edu.tsinghua.iot.benchmark.mode.BaseMode:102 - DataClientService-thread-1 19.90% workload is done. 
2026-06-01 17:22:35,594 INFO  cn.edu.tsinghua.iot.benchmark.mode.BaseMode:102 - DataClientService-thread-2 19.50% workload is done. 
2026-06-01 17:22:35,594 INFO  cn.edu.tsinghua.iot.benchmark.mode.BaseMode:102 - DataClientService-thread-3 19.30% workload is done. 
2026-06-01 17:22:35,594 INFO  cn.edu.tsinghua.iot.benchmark.mode.BaseMode:102 - DataClientService-thread-4 19.60% workload is done. 
2026-06-01 17:22:35,594 INFO  cn.edu.tsinghua.iot.benchmark.mode.BaseMode:102 - DataClientService-thread-5 19.50% workload is done. 
2026-06-01 17:22:35,594 INFO  cn.edu.tsinghua.iot.benchmark.mode.BaseMode:102 - DataClientService-thread-6 19.80% workload is done. 
2026-06-01 17:22:35,594 INFO  cn.edu.tsinghua.iot.benchmark.mode.BaseMode:102 - DataClientService-thread-7 19.50% workload is done. 
2026-06-01 17:22:35,594 INFO  cn.edu.tsinghua.iot.benchmark.mode.BaseMode:102 - DataClientService-thread-8 19.40% workload is done. 
2026-06-01 17:22:35,595 INFO  cn.edu.tsinghua.iot.benchmark.mode.BaseMode:102 - DataClientService-thread-9 19.00% workload is done. 
2026-06-01 17:22:35,595 INFO  cn.edu.tsinghua.iot.benchmark.mode.BaseMode:102 - DataClientService-thread-10 19.00% workload is done. 
2026-06-01 17:22:40,594 INFO  cn.edu.tsinghua.iot.benchmark.mode.BaseMode:102 - DataClientService-thread-1 20.20% workload is done. 
2026-06-01 17:22:40,594 INFO  cn.edu.tsinghua.iot.benchmark.mode.BaseMode:102 - DataClientService-thread-2 19.80% workload is done. 
2026-06-01 17:22:40,594 INFO  cn.edu.tsinghua.iot.benchmark.mode.BaseMode:102 - DataClientService-thread-3 19.60% workload is done. 
2026-06-01 17:22:40,594 INFO  cn.edu.tsinghua.iot.benchmark.mode.BaseMode:102 - DataClientService-thread-4 19.80% workload is done. 
2026-06-01 17:22:40,594 INFO  cn.edu.tsinghua.iot.benchmark.mode.BaseMode:102 - DataClientService-thread-5 19.80% workload is done. 
2026-06-01 17:22:40,594 INFO  cn.edu.tsinghua.iot.benchmark.mode.BaseMode:102 - DataClientService-thread-6 20.00% workload is done. 
2026-06-01 17:22:40,594 INFO  cn.edu.tsinghua.iot.benchmark.mode.BaseMode:102 - DataClientService-thread-7 19.70% workload is done. 
2026-06-01 17:22:40,594 INFO  cn.edu.tsinghua.iot.benchmark.mode.BaseMode:102 - DataClientService-thread-8 19.70% workload is done. 
2026-06-01 17:22:40,594 INFO  cn.edu.tsinghua.iot.benchmark.mode.BaseMode:102 - DataClientService-thread-9 19.30% workload is done. 
2026-06-01 17:22:40,594 INFO  cn.edu.tsinghua.iot.benchmark.mode.BaseMode:102 - DataClientService-thread-10 19.20% workload is done. 
2026-06-01 17:22:45,594 INFO  cn.edu.tsinghua.iot.benchmark.mode.BaseMode:102 - DataClientService-thread-1 20.60% workload is done. 
2026-06-01 17:22:45,594 INFO  cn.edu.tsinghua.iot.benchmark.mode.BaseMode:102 - DataClientService-thread-2 20.10% workload is done. 
2026-06-01 17:22:45,594 INFO  cn.edu.tsinghua.iot.benchmark.mode.BaseMode:102 - DataClientService-thread-3 19.80% workload is done. 
2026-06-01 17:22:45,594 INFO  cn.edu.tsinghua.iot.benchmark.mode.BaseMode:102 - DataClientService-thread-4 20.10% workload is done. 
2026-06-01 17:22:45,594 INFO  cn.edu.tsinghua.iot.benchmark.mode.BaseMode:102 - DataClientService-thread-5 20.00% workload is done. 
2026-06-01 17:22:45,594 INFO  cn.edu.tsinghua.iot.benchmark.mode.BaseMode:102 - DataClientService-thread-6 20.30% workload is done. 
2026-06-01 17:22:45,594 INFO  cn.edu.tsinghua.iot.benchmark.mode.BaseMode:102 - DataClientService-thread-7 20.00% workload is done. 
2026-06-01 17:22:45,594 INFO  cn.edu.tsinghua.iot.benchmark.mode.BaseMode:102 - DataClientService-thread-8 19.90% workload is done. 
2026-06-01 17:22:45,594 INFO  cn.edu.tsinghua.iot.benchmark.mode.BaseMode:102 - DataClientService-thread-9 19.70% workload is done. 
2026-06-01 17:22:45,594 INFO  cn.edu.tsinghua.iot.benchmark.mode.BaseMode:102 - DataClientService-thread-10 19.50% workload is done. 
2026-06-01 17:22:50,594 INFO  cn.edu.tsinghua.iot.benchmark.mode.BaseMode:102 - DataClientService-thread-1 20.90% workload is done. 
2026-06-01 17:22:50,594 INFO  cn.edu.tsinghua.iot.benchmark.mode.BaseMode:102 - DataClientService-thread-2 20.40% workload is done. 
2026-06-01 17:22:50,594 INFO  cn.edu.tsinghua.iot.benchmark.mode.BaseMode:102 - DataClientService-thread-3 20.20% workload is done. 
2026-06-01 17:22:50,594 INFO  cn.edu.tsinghua.iot.benchmark.mode.BaseMode:102 - DataClientService-thread-4 20.30% workload is done. 
2026-06-01 17:22:50,594 INFO  cn.edu.tsinghua.iot.benchmark.mode.BaseMode:102 - DataClientService-thread-5 20.30% workload is done. 
2026-06-01 17:22:50,594 INFO  cn.edu.tsinghua.iot.benchmark.mode.BaseMode:102 - DataClientService-thread-6 20.50% workload is done. 
2026-06-01 17:22:50,594 INFO  cn.edu.tsinghua.iot.benchmark.mode.BaseMode:102 - DataClientService-thread-7 20.20% workload is done. 
2026-06-01 17:22:50,594 INFO  cn.edu.tsinghua.iot.benchmark.mode.BaseMode:102 - DataClientService-thread-8 20.20% workload is done. 
2026-06-01 17:22:50,594 INFO  cn.edu.tsinghua.iot.benchmark.mode.BaseMode:102 - DataClientService-thread-9 19.90% workload is done. 
2026-06-01 17:22:50,594 INFO  cn.edu.tsinghua.iot.benchmark.mode.BaseMode:102 - DataClientService-thread-10 19.80% workload is done. 
2026-06-01 17:22:55,594 INFO  cn.edu.tsinghua.iot.benchmark.mode.BaseMode:102 - DataClientService-thread-1 21.20% workload is done. 
2026-06-01 17:22:55,595 INFO  cn.edu.tsinghua.iot.benchmark.mode.BaseMode:102 - DataClientService-thread-2 20.60% workload is done. 
2026-06-01 17:22:55,595 INFO  cn.edu.tsinghua.iot.benchmark.mode.BaseMode:102 - DataClientService-thread-3 20.40% workload is done. 
2026-06-01 17:22:55,595 INFO  cn.edu.tsinghua.iot.benchmark.mode.BaseMode:102 - DataClientService-thread-4 20.60% workload is done. 
2026-06-01 17:22:55,595 INFO  cn.edu.tsinghua.iot.benchmark.mode.BaseMode:102 - DataClientService-thread-5 20.50% workload is done. 
2026-06-01 17:22:55,595 INFO  cn.edu.tsinghua.iot.benchmark.mode.BaseMode:102 - DataClientService-thread-6 20.80% workload is done. 
2026-06-01 17:22:55,595 INFO  cn.edu.tsinghua.iot.benchmark.mode.BaseMode:102 - DataClientService-thread-7 20.50% workload is done. 
2026-06-01 17:22:55,595 INFO  cn.edu.tsinghua.iot.benchmark.mode.BaseMode:102 - DataClientService-thread-8 20.40% workload is done. 
2026-06-01 17:22:55,595 INFO  cn.edu.tsinghua.iot.benchmark.mode.BaseMode:102 - DataClientService-thread-9 20.10% workload is done. 
2026-06-01 17:22:55,595 INFO  cn.edu.tsinghua.iot.benchmark.mode.BaseMode:102 - DataClientService-thread-10 20.10% workload is done. 
2026-06-01 17:23:00,594 INFO  cn.edu.tsinghua.iot.benchmark.mode.BaseMode:102 - DataClientService-thread-1 21.40% workload is done. 
2026-06-01 17:23:00,594 INFO  cn.edu.tsinghua.iot.benchmark.mode.BaseMode:102 - DataClientService-thread-2 20.90% workload is done. 
2026-06-01 17:23:00,594 INFO  cn.edu.tsinghua.iot.benchmark.mode.BaseMode:102 - DataClientService-thread-3 20.70% workload is done. 
2026-06-01 17:23:00,594 INFO  cn.edu.tsinghua.iot.benchmark.mode.BaseMode:102 - DataClientService-thread-4 21.00% workload is done. 
2026-06-01 17:23:00,594 INFO  cn.edu.tsinghua.iot.benchmark.mode.BaseMode:102 - DataClientService-thread-5 20.90% workload is done. 
2026-06-01 17:23:00,594 INFO  cn.edu.tsinghua.iot.benchmark.mode.BaseMode:102 - DataClientService-thread-6 21.00% workload is done. 
2026-06-01 17:23:00,594 INFO  cn.edu.tsinghua.iot.benchmark.mode.BaseMode:102 - DataClientService-thread-7 20.80% workload is done. 
2026-06-01 17:23:00,594 INFO  cn.edu.tsinghua.iot.benchmark.mode.BaseMode:102 - DataClientService-thread-8 20.70% workload is done. 
2026-06-01 17:23:00,594 INFO  cn.edu.tsinghua.iot.benchmark.mode.BaseMode:102 - DataClientService-thread-9 20.50% workload is done. 
2026-06-01 17:23:00,594 INFO  cn.edu.tsinghua.iot.benchmark.mode.BaseMode:102 - DataClientService-thread-10 20.30% workload is done. 
2026-06-01 17:23:05,594 INFO  cn.edu.tsinghua.iot.benchmark.mode.BaseMode:102 - DataClientService-thread-1 21.70% workload is done. 
2026-06-01 17:23:05,594 INFO  cn.edu.tsinghua.iot.benchmark.mode.BaseMode:102 - DataClientService-thread-2 21.10% workload is done. 
2026-06-01 17:23:05,594 INFO  cn.edu.tsinghua.iot.benchmark.mode.BaseMode:102 - DataClientService-thread-3 20.90% workload is done. 
2026-06-01 17:23:05,594 INFO  cn.edu.tsinghua.iot.benchmark.mode.BaseMode:102 - DataClientService-thread-4 21.20% workload is done. 
2026-06-01 17:23:05,594 INFO  cn.edu.tsinghua.iot.benchmark.mode.BaseMode:102 - DataClientService-thread-5 21.10% workload is done. 
2026-06-01 17:23:05,594 INFO  cn.edu.tsinghua.iot.benchmark.mode.BaseMode:102 - DataClientService-thread-6 21.30% workload is done. 
2026-06-01 17:23:05,594 INFO  cn.edu.tsinghua.iot.benchmark.mode.BaseMode:102 - DataClientService-thread-7 21.10% workload is done. 
2026-06-01 17:23:05,594 INFO  cn.edu.tsinghua.iot.benchmark.mode.BaseMode:102 - DataClientService-thread-8 20.90% workload is done. 
2026-06-01 17:23:05,594 INFO  cn.edu.tsinghua.iot.benchmark.mode.BaseMode:102 - DataClientService-thread-9 20.70% workload is done. 
2026-06-01 17:23:05,594 INFO  cn.edu.tsinghua.iot.benchmark.mode.BaseMode:102 - DataClientService-thread-10 20.80% workload is done. 
2026-06-01 17:23:10,594 INFO  cn.edu.tsinghua.iot.benchmark.mode.BaseMode:102 - DataClientService-thread-1 21.90% workload is done. 
2026-06-01 17:23:10,594 INFO  cn.edu.tsinghua.iot.benchmark.mode.BaseMode:102 - DataClientService-thread-2 21.40% workload is done. 
2026-06-01 17:23:10,594 INFO  cn.edu.tsinghua.iot.benchmark.mode.BaseMode:102 - DataClientService-thread-3 21.20% workload is done. 
2026-06-01 17:23:10,594 INFO  cn.edu.tsinghua.iot.benchmark.mode.BaseMode:102 - DataClientService-thread-4 21.50% workload is done. 
2026-06-01 17:23:10,594 INFO  cn.edu.tsinghua.iot.benchmark.mode.BaseMode:102 - DataClientService-thread-5 21.40% workload is done. 
2026-06-01 17:23:10,594 INFO  cn.edu.tsinghua.iot.benchmark.mode.BaseMode:102 - DataClientService-thread-6 21.50% workload is done. 
2026-06-01 17:23:10,594 INFO  cn.edu.tsinghua.iot.benchmark.mode.BaseMode:102 - DataClientService-thread-7 21.30% workload is done. 
2026-06-01 17:23:10,594 INFO  cn.edu.tsinghua.iot.benchmark.mode.BaseMode:102 - DataClientService-thread-8 21.30% workload is done. 
2026-06-01 17:23:10,594 INFO  cn.edu.tsinghua.iot.benchmark.mode.BaseMode:102 - DataClientService-thread-9 21.00% workload is done. 
2026-06-01 17:23:10,594 INFO  cn.edu.tsinghua.iot.benchmark.mode.BaseMode:102 - DataClientService-thread-10 21.00% workload is done. 
2026-06-01 17:23:15,594 INFO  cn.edu.tsinghua.iot.benchmark.mode.BaseMode:102 - DataClientService-thread-1 22.20% workload is done. 
2026-06-01 17:23:15,594 INFO  cn.edu.tsinghua.iot.benchmark.mode.BaseMode:102 - DataClientService-thread-2 21.60% workload is done. 
2026-06-01 17:23:15,594 INFO  cn.edu.tsinghua.iot.benchmark.mode.BaseMode:102 - DataClientService-thread-3 21.50% workload is done. 
2026-06-01 17:23:15,594 INFO  cn.edu.tsinghua.iot.benchmark.mode.BaseMode:102 - DataClientService-thread-4 21.70% workload is done. 
2026-06-01 17:23:15,594 INFO  cn.edu.tsinghua.iot.benchmark.mode.BaseMode:102 - DataClientService-thread-5 21.70% workload is done. 
2026-06-01 17:23:15,594 INFO  cn.edu.tsinghua.iot.benchmark.mode.BaseMode:102 - DataClientService-thread-6 21.80% workload is done. 
2026-06-01 17:23:15,594 INFO  cn.edu.tsinghua.iot.benchmark.mode.BaseMode:102 - DataClientService-thread-7 21.70% workload is done. 
2026-06-01 17:23:15,594 INFO  cn.edu.tsinghua.iot.benchmark.mode.BaseMode:102 - DataClientService-thread-8 21.50% workload is done. 
2026-06-01 17:23:15,594 INFO  cn.edu.tsinghua.iot.benchmark.mode.BaseMode:102 - DataClientService-thread-9 21.20% workload is done. 
2026-06-01 17:23:15,594 INFO  cn.edu.tsinghua.iot.benchmark.mode.BaseMode:102 - DataClientService-thread-10 21.30% workload is done. 
2026-06-01 17:23:20,594 INFO  cn.edu.tsinghua.iot.benchmark.mode.BaseMode:102 - DataClientService-thread-1 22.40% workload is done. 
2026-06-01 17:23:20,594 INFO  cn.edu.tsinghua.iot.benchmark.mode.BaseMode:102 - DataClientService-thread-2 21.90% workload is done. 
2026-06-01 17:23:20,594 INFO  cn.edu.tsinghua.iot.benchmark.mode.BaseMode:102 - DataClientService-thread-3 21.80% workload is done. 
2026-06-01 17:23:20,594 INFO  cn.edu.tsinghua.iot.benchmark.mode.BaseMode:102 - DataClientService-thread-4 22.10% workload is done. 
2026-06-01 17:23:20,594 INFO  cn.edu.tsinghua.iot.benchmark.mode.BaseMode:102 - DataClientService-thread-5 22.00% workload is done. 
2026-06-01 17:23:20,594 INFO  cn.edu.tsinghua.iot.benchmark.mode.BaseMode:102 - DataClientService-thread-6 22.00% workload is done. 
2026-06-01 17:23:20,594 INFO  cn.edu.tsinghua.iot.benchmark.mode.BaseMode:102 - DataClientService-thread-7 21.90% workload is done. 
2026-06-01 17:23:20,594 INFO  cn.edu.tsinghua.iot.benchmark.mode.BaseMode:102 - DataClientService-thread-8 21.90% workload is done. 
2026-06-01 17:23:20,594 INFO  cn.edu.tsinghua.iot.benchmark.mode.BaseMode:102 - DataClientService-thread-9 21.50% workload is done. 
2026-06-01 17:23:20,594 INFO  cn.edu.tsinghua.iot.benchmark.mode.BaseMode:102 - DataClientService-thread-10 21.60% workload is done. 
2026-06-01 17:23:25,594 INFO  cn.edu.tsinghua.iot.benchmark.mode.BaseMode:102 - DataClientService-thread-1 22.70% workload is done. 
2026-06-01 17:23:25,594 INFO  cn.edu.tsinghua.iot.benchmark.mode.BaseMode:102 - DataClientService-thread-2 22.10% workload is done. 
2026-06-01 17:23:25,594 INFO  cn.edu.tsinghua.iot.benchmark.mode.BaseMode:102 - DataClientService-thread-3 22.00% workload is done. 
2026-06-01 17:23:25,594 INFO  cn.edu.tsinghua.iot.benchmark.mode.BaseMode:102 - DataClientService-thread-4 22.40% workload is done. 
2026-06-01 17:23:25,594 INFO  cn.edu.tsinghua.iot.benchmark.mode.BaseMode:102 - DataClientService-thread-5 22.20% workload is done. 
2026-06-01 17:23:25,594 INFO  cn.edu.tsinghua.iot.benchmark.mode.BaseMode:102 - DataClientService-thread-6 22.30% workload is done. 
2026-06-01 17:23:25,594 INFO  cn.edu.tsinghua.iot.benchmark.mode.BaseMode:102 - DataClientService-thread-7 22.30% workload is done. 
2026-06-01 17:23:25,594 INFO  cn.edu.tsinghua.iot.benchmark.mode.BaseMode:102 - DataClientService-thread-8 22.10% workload is done. 
2026-06-01 17:23:25,594 INFO  cn.edu.tsinghua.iot.benchmark.mode.BaseMode:102 - DataClientService-thread-9 21.70% workload is done. 
2026-06-01 17:23:25,594 INFO  cn.edu.tsinghua.iot.benchmark.mode.BaseMode:102 - DataClientService-thread-10 21.90% workload is done. 
2026-06-01 17:23:30,594 INFO  cn.edu.tsinghua.iot.benchmark.mode.BaseMode:102 - DataClientService-thread-1 22.90% workload is done. 
2026-06-01 17:23:30,594 INFO  cn.edu.tsinghua.iot.benchmark.mode.BaseMode:102 - DataClientService-thread-2 22.40% workload is done. 
2026-06-01 17:23:30,594 INFO  cn.edu.tsinghua.iot.benchmark.mode.BaseMode:102 - DataClientService-thread-3 22.30% workload is done. 
2026-06-01 17:23:30,594 INFO  cn.edu.tsinghua.iot.benchmark.mode.BaseMode:102 - DataClientService-thread-4 22.90% workload is done. 
2026-06-01 17:23:30,594 INFO  cn.edu.tsinghua.iot.benchmark.mode.BaseMode:102 - DataClientService-thread-5 22.60% workload is done. 
2026-06-01 17:23:30,594 INFO  cn.edu.tsinghua.iot.benchmark.mode.BaseMode:102 - DataClientService-thread-6 22.60% workload is done. 
2026-06-01 17:23:30,594 INFO  cn.edu.tsinghua.iot.benchmark.mode.BaseMode:102 - DataClientService-thread-7 22.60% workload is done. 
2026-06-01 17:23:30,594 INFO  cn.edu.tsinghua.iot.benchmark.mode.BaseMode:102 - DataClientService-thread-8 22.40% workload is done. 
2026-06-01 17:23:30,594 INFO  cn.edu.tsinghua.iot.benchmark.mode.BaseMode:102 - DataClientService-thread-9 22.00% workload is done. 
2026-06-01 17:23:30,594 INFO  cn.edu.tsinghua.iot.benchmark.mode.BaseMode:102 - DataClientService-thread-10 22.10% workload is done. 
2026-06-01 17:23:35,594 INFO  cn.edu.tsinghua.iot.benchmark.mode.BaseMode:102 - DataClientService-thread-1 23.20% workload is done. 
2026-06-01 17:23:35,594 INFO  cn.edu.tsinghua.iot.benchmark.mode.BaseMode:102 - DataClientService-thread-2 22.60% workload is done. 
2026-06-01 17:23:35,594 INFO  cn.edu.tsinghua.iot.benchmark.mode.BaseMode:102 - DataClientService-thread-3 22.50% workload is done. 
2026-06-01 17:23:35,594 INFO  cn.edu.tsinghua.iot.benchmark.mode.BaseMode:102 - DataClientService-thread-4 23.10% workload is done. 
2026-06-01 17:23:35,594 INFO  cn.edu.tsinghua.iot.benchmark.mode.BaseMode:102 - DataClientService-thread-5 22.80% workload is done. 
2026-06-01 17:23:35,594 INFO  cn.edu.tsinghua.iot.benchmark.mode.BaseMode:102 - DataClientService-thread-6 22.80% workload is done. 
2026-06-01 17:23:35,594 INFO  cn.edu.tsinghua.iot.benchmark.mode.BaseMode:102 - DataClientService-thread-7 22.80% workload is done. 
2026-06-01 17:23:35,594 INFO  cn.edu.tsinghua.iot.benchmark.mode.BaseMode:102 - DataClientService-thread-8 22.60% workload is done. 
2026-06-01 17:23:35,594 INFO  cn.edu.tsinghua.iot.benchmark.mode.BaseMode:102 - DataClientService-thread-9 22.20% workload is done. 
2026-06-01 17:23:35,594 INFO  cn.edu.tsinghua.iot.benchmark.mode.BaseMode:102 - DataClientService-thread-10 22.50% workload is done. 
2026-06-01 17:23:40,594 INFO  cn.edu.tsinghua.iot.benchmark.mode.BaseMode:102 - DataClientService-thread-1 23.50% workload is done. 
2026-06-01 17:23:40,594 INFO  cn.edu.tsinghua.iot.benchmark.mode.BaseMode:102 - DataClientService-thread-2 22.90% workload is done. 
2026-06-01 17:23:40,594 INFO  cn.edu.tsinghua.iot.benchmark.mode.BaseMode:102 - DataClientService-thread-3 22.90% workload is done. 
2026-06-01 17:23:40,594 INFO  cn.edu.tsinghua.iot.benchmark.mode.BaseMode:102 - DataClientService-thread-4 23.40% workload is done. 
2026-06-01 17:23:40,594 INFO  cn.edu.tsinghua.iot.benchmark.mode.BaseMode:102 - DataClientService-thread-5 23.10% workload is done. 
2026-06-01 17:23:40,594 INFO  cn.edu.tsinghua.iot.benchmark.mode.BaseMode:102 - DataClientService-thread-6 23.10% workload is done. 
2026-06-01 17:23:40,594 INFO  cn.edu.tsinghua.iot.benchmark.mode.BaseMode:102 - DataClientService-thread-7 23.10% workload is done. 
2026-06-01 17:23:40,594 INFO  cn.edu.tsinghua.iot.benchmark.mode.BaseMode:102 - DataClientService-thread-8 22.90% workload is done. 
2026-06-01 17:23:40,594 INFO  cn.edu.tsinghua.iot.benchmark.mode.BaseMode:102 - DataClientService-thread-9 22.50% workload is done. 
2026-06-01 17:23:40,594 INFO  cn.edu.tsinghua.iot.benchmark.mode.BaseMode:102 - DataClientService-thread-10 22.80% workload is done. 
2026-06-01 17:23:45,594 INFO  cn.edu.tsinghua.iot.benchmark.mode.BaseMode:102 - DataClientService-thread-1 23.80% workload is done. 
2026-06-01 17:23:45,594 INFO  cn.edu.tsinghua.iot.benchmark.mode.BaseMode:102 - DataClientService-thread-2 23.20% workload is done. 
2026-06-01 17:23:45,594 INFO  cn.edu.tsinghua.iot.benchmark.mode.BaseMode:102 - DataClientService-thread-3 23.10% workload is done. 
2026-06-01 17:23:45,594 INFO  cn.edu.tsinghua.iot.benchmark.mode.BaseMode:102 - DataClientService-thread-4 23.60% workload is done. 
2026-06-01 17:23:45,594 INFO  cn.edu.tsinghua.iot.benchmark.mode.BaseMode:102 - DataClientService-thread-5 23.30% workload is done. 
2026-06-01 17:23:45,594 INFO  cn.edu.tsinghua.iot.benchmark.mode.BaseMode:102 - DataClientService-thread-6 23.30% workload is done. 
2026-06-01 17:23:45,594 INFO  cn.edu.tsinghua.iot.benchmark.mode.BaseMode:102 - DataClientService-thread-7 23.60% workload is done. 
2026-06-01 17:23:45,594 INFO  cn.edu.tsinghua.iot.benchmark.mode.BaseMode:102 - DataClientService-thread-8 23.10% workload is done. 
2026-06-01 17:23:45,594 INFO  cn.edu.tsinghua.iot.benchmark.mode.BaseMode:102 - DataClientService-thread-9 22.70% workload is done. 
2026-06-01 17:23:45,594 INFO  cn.edu.tsinghua.iot.benchmark.mode.BaseMode:102 - DataClientService-thread-10 23.10% workload is done. 
2026-06-01 17:23:50,594 INFO  cn.edu.tsinghua.iot.benchmark.mode.BaseMode:102 - DataClientService-thread-1 24.00% workload is done. 
2026-06-01 17:23:50,594 INFO  cn.edu.tsinghua.iot.benchmark.mode.BaseMode:102 - DataClientService-thread-2 23.40% workload is done. 
2026-06-01 17:23:50,594 INFO  cn.edu.tsinghua.iot.benchmark.mode.BaseMode:102 - DataClientService-thread-3 23.50% workload is done. 
2026-06-01 17:23:50,594 INFO  cn.edu.tsinghua.iot.benchmark.mode.BaseMode:102 - DataClientService-thread-4 23.90% workload is done. 
2026-06-01 17:23:50,594 INFO  cn.edu.tsinghua.iot.benchmark.mode.BaseMode:102 - DataClientService-thread-5 23.60% workload is done. 
2026-06-01 17:23:50,594 INFO  cn.edu.tsinghua.iot.benchmark.mode.BaseMode:102 - DataClientService-thread-6 23.60% workload is done. 
2026-06-01 17:23:50,594 INFO  cn.edu.tsinghua.iot.benchmark.mode.BaseMode:102 - DataClientService-thread-7 24.00% workload is done. 
2026-06-01 17:23:50,594 INFO  cn.edu.tsinghua.iot.benchmark.mode.BaseMode:102 - DataClientService-thread-8 23.40% workload is done. 
2026-06-01 17:23:50,594 INFO  cn.edu.tsinghua.iot.benchmark.mode.BaseMode:102 - DataClientService-thread-9 23.00% workload is done. 
2026-06-01 17:23:50,594 INFO  cn.edu.tsinghua.iot.benchmark.mode.BaseMode:102 - DataClientService-thread-10 23.30% workload is done. 
2026-06-01 17:23:55,594 INFO  cn.edu.tsinghua.iot.benchmark.mode.BaseMode:102 - DataClientService-thread-1 24.30% workload is done. 
2026-06-01 17:23:55,594 INFO  cn.edu.tsinghua.iot.benchmark.mode.BaseMode:102 - DataClientService-thread-2 23.70% workload is done. 
2026-06-01 17:23:55,594 INFO  cn.edu.tsinghua.iot.benchmark.mode.BaseMode:102 - DataClientService-thread-3 23.70% workload is done. 
2026-06-01 17:23:55,594 INFO  cn.edu.tsinghua.iot.benchmark.mode.BaseMode:102 - DataClientService-thread-4 24.30% workload is done. 
2026-06-01 17:23:55,594 INFO  cn.edu.tsinghua.iot.benchmark.mode.BaseMode:102 - DataClientService-thread-5 23.80% workload is done. 
2026-06-01 17:23:55,594 INFO  cn.edu.tsinghua.iot.benchmark.mode.BaseMode:102 - DataClientService-thread-6 23.90% workload is done. 
2026-06-01 17:23:55,594 INFO  cn.edu.tsinghua.iot.benchmark.mode.BaseMode:102 - DataClientService-thread-7 24.20% workload is done. 
2026-06-01 17:23:55,594 INFO  cn.edu.tsinghua.iot.benchmark.mode.BaseMode:102 - DataClientService-thread-8 23.70% workload is done. 
2026-06-01 17:23:55,594 INFO  cn.edu.tsinghua.iot.benchmark.mode.BaseMode:102 - DataClientService-thread-9 23.20% workload is done. 
2026-06-01 17:23:55,594 INFO  cn.edu.tsinghua.iot.benchmark.mode.BaseMode:102 - DataClientService-thread-10 23.60% workload is done. 
2026-06-01 17:24:00,594 INFO  cn.edu.tsinghua.iot.benchmark.mode.BaseMode:102 - DataClientService-thread-1 24.50% workload is done. 
2026-06-01 17:24:00,594 INFO  cn.edu.tsinghua.iot.benchmark.mode.BaseMode:102 - DataClientService-thread-2 23.90% workload is done. 
2026-06-01 17:24:00,594 INFO  cn.edu.tsinghua.iot.benchmark.mode.BaseMode:102 - DataClientService-thread-3 24.00% workload is done. 
2026-06-01 17:24:00,594 INFO  cn.edu.tsinghua.iot.benchmark.mode.BaseMode:102 - DataClientService-thread-4 24.60% workload is done. 
2026-06-01 17:24:00,594 INFO  cn.edu.tsinghua.iot.benchmark.mode.BaseMode:102 - DataClientService-thread-5 24.10% workload is done. 
2026-06-01 17:24:00,594 INFO  cn.edu.tsinghua.iot.benchmark.mode.BaseMode:102 - DataClientService-thread-6 24.20% workload is done. 
2026-06-01 17:24:00,594 INFO  cn.edu.tsinghua.iot.benchmark.mode.BaseMode:102 - DataClientService-thread-7 24.50% workload is done. 
2026-06-01 17:24:00,594 INFO  cn.edu.tsinghua.iot.benchmark.mode.BaseMode:102 - DataClientService-thread-8 24.10% workload is done. 
2026-06-01 17:24:00,594 INFO  cn.edu.tsinghua.iot.benchmark.mode.BaseMode:102 - DataClientService-thread-9 23.50% workload is done. 
2026-06-01 17:24:00,594 INFO  cn.edu.tsinghua.iot.benchmark.mode.BaseMode:102 - DataClientService-thread-10 23.80% workload is done. 
2026-06-01 17:24:05,594 INFO  cn.edu.tsinghua.iot.benchmark.mode.BaseMode:102 - DataClientService-thread-1 24.80% workload is done. 
2026-06-01 17:24:05,594 INFO  cn.edu.tsinghua.iot.benchmark.mode.BaseMode:102 - DataClientService-thread-2 24.20% workload is done. 
2026-06-01 17:24:05,594 INFO  cn.edu.tsinghua.iot.benchmark.mode.BaseMode:102 - DataClientService-thread-3 24.20% workload is done. 
2026-06-01 17:24:05,594 INFO  cn.edu.tsinghua.iot.benchmark.mode.BaseMode:102 - DataClientService-thread-4 24.80% workload is done. 
2026-06-01 17:24:05,594 INFO  cn.edu.tsinghua.iot.benchmark.mode.BaseMode:102 - DataClientService-thread-5 24.30% workload is done. 
2026-06-01 17:24:05,594 INFO  cn.edu.tsinghua.iot.benchmark.mode.BaseMode:102 - DataClientService-thread-6 24.50% workload is done. 
2026-06-01 17:24:05,594 INFO  cn.edu.tsinghua.iot.benchmark.mode.BaseMode:102 - DataClientService-thread-7 24.70% workload is done. 
2026-06-01 17:24:05,594 INFO  cn.edu.tsinghua.iot.benchmark.mode.BaseMode:102 - DataClientService-thread-8 24.30% workload is done. 
2026-06-01 17:24:05,594 INFO  cn.edu.tsinghua.iot.benchmark.mode.BaseMode:102 - DataClientService-thread-9 23.70% workload is done. 
2026-06-01 17:24:05,594 INFO  cn.edu.tsinghua.iot.benchmark.mode.BaseMode:102 - DataClientService-thread-10 24.00% workload is done. 
2026-06-01 17:24:10,594 INFO  cn.edu.tsinghua.iot.benchmark.mode.BaseMode:102 - DataClientService-thread-1 25.00% workload is done. 
2026-06-01 17:24:10,594 INFO  cn.edu.tsinghua.iot.benchmark.mode.BaseMode:102 - DataClientService-thread-2 24.40% workload is done. 
2026-06-01 17:24:10,594 INFO  cn.edu.tsinghua.iot.benchmark.mode.BaseMode:102 - DataClientService-thread-3 24.50% workload is done. 
2026-06-01 17:24:10,594 INFO  cn.edu.tsinghua.iot.benchmark.mode.BaseMode:102 - DataClientService-thread-4 25.10% workload is done. 
2026-06-01 17:24:10,594 INFO  cn.edu.tsinghua.iot.benchmark.mode.BaseMode:102 - DataClientService-thread-5 24.60% workload is done. 
2026-06-01 17:24:10,594 INFO  cn.edu.tsinghua.iot.benchmark.mode.BaseMode:102 - DataClientService-thread-6 24.90% workload is done. 
2026-06-01 17:24:10,594 INFO  cn.edu.tsinghua.iot.benchmark.mode.BaseMode:102 - DataClientService-thread-7 25.10% workload is done. 
2026-06-01 17:24:10,594 INFO  cn.edu.tsinghua.iot.benchmark.mode.BaseMode:102 - DataClientService-thread-8 24.60% workload is done. 
2026-06-01 17:24:10,594 INFO  cn.edu.tsinghua.iot.benchmark.mode.BaseMode:102 - DataClientService-thread-9 24.00% workload is done. 
2026-06-01 17:24:10,594 INFO  cn.edu.tsinghua.iot.benchmark.mode.BaseMode:102 - DataClientService-thread-10 24.40% workload is done. 
2026-06-01 17:24:15,594 INFO  cn.edu.tsinghua.iot.benchmark.mode.BaseMode:102 - DataClientService-thread-1 25.30% workload is done. 
2026-06-01 17:24:15,594 INFO  cn.edu.tsinghua.iot.benchmark.mode.BaseMode:102 - DataClientService-thread-2 24.80% workload is done. 
2026-06-01 17:24:15,594 INFO  cn.edu.tsinghua.iot.benchmark.mode.BaseMode:102 - DataClientService-thread-3 24.70% workload is done. 
2026-06-01 17:24:15,594 INFO  cn.edu.tsinghua.iot.benchmark.mode.BaseMode:102 - DataClientService-thread-4 25.30% workload is done. 
2026-06-01 17:24:15,594 INFO  cn.edu.tsinghua.iot.benchmark.mode.BaseMode:102 - DataClientService-thread-5 24.80% workload is done. 
2026-06-01 17:24:15,594 INFO  cn.edu.tsinghua.iot.benchmark.mode.BaseMode:102 - DataClientService-thread-6 25.10% workload is done. 
2026-06-01 17:24:15,594 INFO  cn.edu.tsinghua.iot.benchmark.mode.BaseMode:102 - DataClientService-thread-7 25.30% workload is done. 
2026-06-01 17:24:15,594 INFO  cn.edu.tsinghua.iot.benchmark.mode.BaseMode:102 - DataClientService-thread-8 24.80% workload is done. 
2026-06-01 17:24:15,594 INFO  cn.edu.tsinghua.iot.benchmark.mode.BaseMode:102 - DataClientService-thread-9 24.20% workload is done. 
2026-06-01 17:24:15,594 INFO  cn.edu.tsinghua.iot.benchmark.mode.BaseMode:102 - DataClientService-thread-10 24.60% workload is done. 
2026-06-01 17:24:20,594 INFO  cn.edu.tsinghua.iot.benchmark.mode.BaseMode:102 - DataClientService-thread-1 25.50% workload is done. 
2026-06-01 17:24:20,594 INFO  cn.edu.tsinghua.iot.benchmark.mode.BaseMode:102 - DataClientService-thread-2 25.00% workload is done. 
2026-06-01 17:24:20,594 INFO  cn.edu.tsinghua.iot.benchmark.mode.BaseMode:102 - DataClientService-thread-3 25.00% workload is done. 
2026-06-01 17:24:20,594 INFO  cn.edu.tsinghua.iot.benchmark.mode.BaseMode:102 - DataClientService-thread-4 25.90% workload is done. 
2026-06-01 17:24:20,594 INFO  cn.edu.tsinghua.iot.benchmark.mode.BaseMode:102 - DataClientService-thread-5 25.20% workload is done. 
2026-06-01 17:24:20,594 INFO  cn.edu.tsinghua.iot.benchmark.mode.BaseMode:102 - DataClientService-thread-6 25.50% workload is done. 
2026-06-01 17:24:20,594 INFO  cn.edu.tsinghua.iot.benchmark.mode.BaseMode:102 - DataClientService-thread-7 25.60% workload is done. 
2026-06-01 17:24:20,594 INFO  cn.edu.tsinghua.iot.benchmark.mode.BaseMode:102 - DataClientService-thread-8 25.10% workload is done. 
2026-06-01 17:24:20,594 INFO  cn.edu.tsinghua.iot.benchmark.mode.BaseMode:102 - DataClientService-thread-9 24.60% workload is done. 
2026-06-01 17:24:20,594 INFO  cn.edu.tsinghua.iot.benchmark.mode.BaseMode:102 - DataClientService-thread-10 24.90% workload is done. 
2026-06-01 17:24:25,594 INFO  cn.edu.tsinghua.iot.benchmark.mode.BaseMode:102 - DataClientService-thread-1 25.80% workload is done. 
2026-06-01 17:24:25,594 INFO  cn.edu.tsinghua.iot.benchmark.mode.BaseMode:102 - DataClientService-thread-2 25.30% workload is done. 
2026-06-01 17:24:25,594 INFO  cn.edu.tsinghua.iot.benchmark.mode.BaseMode:102 - DataClientService-thread-3 25.20% workload is done. 
2026-06-01 17:24:25,594 INFO  cn.edu.tsinghua.iot.benchmark.mode.BaseMode:102 - DataClientService-thread-4 26.20% workload is done. 
2026-06-01 17:24:25,594 INFO  cn.edu.tsinghua.iot.benchmark.mode.BaseMode:102 - DataClientService-thread-5 25.40% workload is done. 
2026-06-01 17:24:25,594 INFO  cn.edu.tsinghua.iot.benchmark.mode.BaseMode:102 - DataClientService-thread-6 25.80% workload is done. 
2026-06-01 17:24:25,594 INFO  cn.edu.tsinghua.iot.benchmark.mode.BaseMode:102 - DataClientService-thread-7 25.80% workload is done. 
2026-06-01 17:24:25,594 INFO  cn.edu.tsinghua.iot.benchmark.mode.BaseMode:102 - DataClientService-thread-8 25.30% workload is done. 
2026-06-01 17:24:25,594 INFO  cn.edu.tsinghua.iot.benchmark.mode.BaseMode:102 - DataClientService-thread-9 24.80% workload is done. 
2026-06-01 17:24:25,594 INFO  cn.edu.tsinghua.iot.benchmark.mode.BaseMode:102 - DataClientService-thread-10 25.10% workload is done. 
2026-06-01 17:24:30,594 INFO  cn.edu.tsinghua.iot.benchmark.mode.BaseMode:102 - DataClientService-thread-1 26.10% workload is done. 
2026-06-01 17:24:30,594 INFO  cn.edu.tsinghua.iot.benchmark.mode.BaseMode:102 - DataClientService-thread-2 25.60% workload is done. 
2026-06-01 17:24:30,594 INFO  cn.edu.tsinghua.iot.benchmark.mode.BaseMode:102 - DataClientService-thread-3 25.50% workload is done. 
2026-06-01 17:24:30,594 INFO  cn.edu.tsinghua.iot.benchmark.mode.BaseMode:102 - DataClientService-thread-4 26.50% workload is done. 
2026-06-01 17:24:30,594 INFO  cn.edu.tsinghua.iot.benchmark.mode.BaseMode:102 - DataClientService-thread-5 25.70% workload is done. 
2026-06-01 17:24:30,594 INFO  cn.edu.tsinghua.iot.benchmark.mode.BaseMode:102 - DataClientService-thread-6 26.10% workload is done. 
2026-06-01 17:24:30,594 INFO  cn.edu.tsinghua.iot.benchmark.mode.BaseMode:102 - DataClientService-thread-7 26.10% workload is done. 
2026-06-01 17:24:30,594 INFO  cn.edu.tsinghua.iot.benchmark.mode.BaseMode:102 - DataClientService-thread-8 25.60% workload is done. 
2026-06-01 17:24:30,594 INFO  cn.edu.tsinghua.iot.benchmark.mode.BaseMode:102 - DataClientService-thread-9 25.10% workload is done. 
2026-06-01 17:24:30,594 INFO  cn.edu.tsinghua.iot.benchmark.mode.BaseMode:102 - DataClientService-thread-10 25.40% workload is done. 
2026-06-01 17:24:35,594 INFO  cn.edu.tsinghua.iot.benchmark.mode.BaseMode:102 - DataClientService-thread-1 26.30% workload is done. 
2026-06-01 17:24:35,594 INFO  cn.edu.tsinghua.iot.benchmark.mode.BaseMode:102 - DataClientService-thread-2 25.80% workload is done. 
2026-06-01 17:24:35,594 INFO  cn.edu.tsinghua.iot.benchmark.mode.BaseMode:102 - DataClientService-thread-3 25.70% workload is done. 
2026-06-01 17:24:35,594 INFO  cn.edu.tsinghua.iot.benchmark.mode.BaseMode:102 - DataClientService-thread-4 26.70% workload is done. 
2026-06-01 17:24:35,594 INFO  cn.edu.tsinghua.iot.benchmark.mode.BaseMode:102 - DataClientService-thread-5 25.90% workload is done. 
2026-06-01 17:24:35,594 INFO  cn.edu.tsinghua.iot.benchmark.mode.BaseMode:102 - DataClientService-thread-6 26.30% workload is done. 
2026-06-01 17:24:35,594 INFO  cn.edu.tsinghua.iot.benchmark.mode.BaseMode:102 - DataClientService-thread-7 26.30% workload is done. 
2026-06-01 17:24:35,594 INFO  cn.edu.tsinghua.iot.benchmark.mode.BaseMode:102 - DataClientService-thread-8 25.80% workload is done. 
2026-06-01 17:24:35,594 INFO  cn.edu.tsinghua.iot.benchmark.mode.BaseMode:102 - DataClientService-thread-9 25.30% workload is done. 
2026-06-01 17:24:35,594 INFO  cn.edu.tsinghua.iot.benchmark.mode.BaseMode:102 - DataClientService-thread-10 25.60% workload is done. 
2026-06-01 17:24:40,594 INFO  cn.edu.tsinghua.iot.benchmark.mode.BaseMode:102 - DataClientService-thread-1 26.60% workload is done. 
2026-06-01 17:24:40,594 INFO  cn.edu.tsinghua.iot.benchmark.mode.BaseMode:102 - DataClientService-thread-2 26.10% workload is done. 
2026-06-01 17:24:40,594 INFO  cn.edu.tsinghua.iot.benchmark.mode.BaseMode:102 - DataClientService-thread-3 26.00% workload is done. 
2026-06-01 17:24:40,594 INFO  cn.edu.tsinghua.iot.benchmark.mode.BaseMode:102 - DataClientService-thread-4 27.00% workload is done. 
2026-06-01 17:24:40,594 INFO  cn.edu.tsinghua.iot.benchmark.mode.BaseMode:102 - DataClientService-thread-5 26.30% workload is done. 
2026-06-01 17:24:40,594 INFO  cn.edu.tsinghua.iot.benchmark.mode.BaseMode:102 - DataClientService-thread-6 26.60% workload is done. 
2026-06-01 17:24:40,594 INFO  cn.edu.tsinghua.iot.benchmark.mode.BaseMode:102 - DataClientService-thread-7 26.60% workload is done. 
2026-06-01 17:24:40,594 INFO  cn.edu.tsinghua.iot.benchmark.mode.BaseMode:102 - DataClientService-thread-8 26.10% workload is done. 
2026-06-01 17:24:40,594 INFO  cn.edu.tsinghua.iot.benchmark.mode.BaseMode:102 - DataClientService-thread-9 25.60% workload is done. 
2026-06-01 17:24:40,594 INFO  cn.edu.tsinghua.iot.benchmark.mode.BaseMode:102 - DataClientService-thread-10 25.90% workload is done. 
2026-06-01 17:24:45,594 INFO  cn.edu.tsinghua.iot.benchmark.mode.BaseMode:102 - DataClientService-thread-1 26.80% workload is done. 
2026-06-01 17:24:45,594 INFO  cn.edu.tsinghua.iot.benchmark.mode.BaseMode:102 - DataClientService-thread-2 26.30% workload is done. 
2026-06-01 17:24:45,594 INFO  cn.edu.tsinghua.iot.benchmark.mode.BaseMode:102 - DataClientService-thread-3 26.20% workload is done. 
2026-06-01 17:24:45,594 INFO  cn.edu.tsinghua.iot.benchmark.mode.BaseMode:102 - DataClientService-thread-4 27.30% workload is done. 
2026-06-01 17:24:45,594 INFO  cn.edu.tsinghua.iot.benchmark.mode.BaseMode:102 - DataClientService-thread-5 26.80% workload is done. 
2026-06-01 17:24:45,594 INFO  cn.edu.tsinghua.iot.benchmark.mode.BaseMode:102 - DataClientService-thread-6 26.80% workload is done. 
2026-06-01 17:24:45,594 INFO  cn.edu.tsinghua.iot.benchmark.mode.BaseMode:102 - DataClientService-thread-7 26.80% workload is done. 
2026-06-01 17:24:45,594 INFO  cn.edu.tsinghua.iot.benchmark.mode.BaseMode:102 - DataClientService-thread-8 26.30% workload is done. 
2026-06-01 17:24:45,594 INFO  cn.edu.tsinghua.iot.benchmark.mode.BaseMode:102 - DataClientService-thread-9 25.80% workload is done. 
2026-06-01 17:24:45,594 INFO  cn.edu.tsinghua.iot.benchmark.mode.BaseMode:102 - DataClientService-thread-10 26.10% workload is done. 
2026-06-01 17:24:50,594 INFO  cn.edu.tsinghua.iot.benchmark.mode.BaseMode:102 - DataClientService-thread-1 27.10% workload is done. 
2026-06-01 17:24:50,594 INFO  cn.edu.tsinghua.iot.benchmark.mode.BaseMode:102 - DataClientService-thread-2 26.70% workload is done. 
2026-06-01 17:24:50,594 INFO  cn.edu.tsinghua.iot.benchmark.mode.BaseMode:102 - DataClientService-thread-3 26.40% workload is done. 
2026-06-01 17:24:50,594 INFO  cn.edu.tsinghua.iot.benchmark.mode.BaseMode:102 - DataClientService-thread-4 27.50% workload is done. 
2026-06-01 17:24:50,594 INFO  cn.edu.tsinghua.iot.benchmark.mode.BaseMode:102 - DataClientService-thread-5 27.00% workload is done. 
2026-06-01 17:24:50,594 INFO  cn.edu.tsinghua.iot.benchmark.mode.BaseMode:102 - DataClientService-thread-6 27.20% workload is done. 
2026-06-01 17:24:50,594 INFO  cn.edu.tsinghua.iot.benchmark.mode.BaseMode:102 - DataClientService-thread-7 27.20% workload is done. 
2026-06-01 17:24:50,594 INFO  cn.edu.tsinghua.iot.benchmark.mode.BaseMode:102 - DataClientService-thread-8 26.60% workload is done. 
2026-06-01 17:24:50,594 INFO  cn.edu.tsinghua.iot.benchmark.mode.BaseMode:102 - DataClientService-thread-9 26.10% workload is done. 
2026-06-01 17:24:50,594 INFO  cn.edu.tsinghua.iot.benchmark.mode.BaseMode:102 - DataClientService-thread-10 26.50% workload is done. 
2026-06-01 17:24:55,594 INFO  cn.edu.tsinghua.iot.benchmark.mode.BaseMode:102 - DataClientService-thread-1 27.30% workload is done. 
2026-06-01 17:24:55,595 INFO  cn.edu.tsinghua.iot.benchmark.mode.BaseMode:102 - DataClientService-thread-2 26.90% workload is done. 
2026-06-01 17:24:55,596 INFO  cn.edu.tsinghua.iot.benchmark.mode.BaseMode:102 - DataClientService-thread-3 26.90% workload is done. 
2026-06-01 17:24:55,596 INFO  cn.edu.tsinghua.iot.benchmark.mode.BaseMode:102 - DataClientService-thread-4 27.80% workload is done. 
2026-06-01 17:24:55,596 INFO  cn.edu.tsinghua.iot.benchmark.mode.BaseMode:102 - DataClientService-thread-5 27.40% workload is done. 
2026-06-01 17:24:55,596 INFO  cn.edu.tsinghua.iot.benchmark.mode.BaseMode:102 - DataClientService-thread-6 27.40% workload is done. 
2026-06-01 17:24:55,596 INFO  cn.edu.tsinghua.iot.benchmark.mode.BaseMode:102 - DataClientService-thread-7 27.40% workload is done. 
2026-06-01 17:24:55,596 INFO  cn.edu.tsinghua.iot.benchmark.mode.BaseMode:102 - DataClientService-thread-8 26.80% workload is done. 
2026-06-01 17:24:55,596 INFO  cn.edu.tsinghua.iot.benchmark.mode.BaseMode:102 - DataClientService-thread-9 26.30% workload is done. 
2026-06-01 17:24:55,596 INFO  cn.edu.tsinghua.iot.benchmark.mode.BaseMode:102 - DataClientService-thread-10 26.70% workload is done. 
2026-06-01 17:25:00,594 INFO  cn.edu.tsinghua.iot.benchmark.mode.BaseMode:102 - DataClientService-thread-1 27.60% workload is done. 
2026-06-01 17:25:00,594 INFO  cn.edu.tsinghua.iot.benchmark.mode.BaseMode:102 - DataClientService-thread-2 27.40% workload is done. 
2026-06-01 17:25:00,594 INFO  cn.edu.tsinghua.iot.benchmark.mode.BaseMode:102 - DataClientService-thread-3 27.10% workload is done. 
2026-06-01 17:25:00,594 INFO  cn.edu.tsinghua.iot.benchmark.mode.BaseMode:102 - DataClientService-thread-4 28.00% workload is done. 
2026-06-01 17:25:00,594 INFO  cn.edu.tsinghua.iot.benchmark.mode.BaseMode:102 - DataClientService-thread-5 27.60% workload is done. 
2026-06-01 17:25:00,594 INFO  cn.edu.tsinghua.iot.benchmark.mode.BaseMode:102 - DataClientService-thread-6 27.70% workload is done. 
2026-06-01 17:25:00,594 INFO  cn.edu.tsinghua.iot.benchmark.mode.BaseMode:102 - DataClientService-thread-7 27.70% workload is done. 
2026-06-01 17:25:00,594 INFO  cn.edu.tsinghua.iot.benchmark.mode.BaseMode:102 - DataClientService-thread-8 27.10% workload is done. 
2026-06-01 17:25:00,594 INFO  cn.edu.tsinghua.iot.benchmark.mode.BaseMode:102 - DataClientService-thread-9 26.60% workload is done. 
2026-06-01 17:25:00,594 INFO  cn.edu.tsinghua.iot.benchmark.mode.BaseMode:102 - DataClientService-thread-10 27.00% workload is done. 
2026-06-01 17:25:05,594 INFO  cn.edu.tsinghua.iot.benchmark.mode.BaseMode:102 - DataClientService-thread-1 27.80% workload is done. 
2026-06-01 17:25:05,594 INFO  cn.edu.tsinghua.iot.benchmark.mode.BaseMode:102 - DataClientService-thread-2 27.60% workload is done. 
2026-06-01 17:25:05,594 INFO  cn.edu.tsinghua.iot.benchmark.mode.BaseMode:102 - DataClientService-thread-3 27.40% workload is done. 
2026-06-01 17:25:05,594 INFO  cn.edu.tsinghua.iot.benchmark.mode.BaseMode:102 - DataClientService-thread-4 28.30% workload is done. 
2026-06-01 17:25:05,594 INFO  cn.edu.tsinghua.iot.benchmark.mode.BaseMode:102 - DataClientService-thread-5 28.00% workload is done. 
2026-06-01 17:25:05,594 INFO  cn.edu.tsinghua.iot.benchmark.mode.BaseMode:102 - DataClientService-thread-6 27.90% workload is done. 
2026-06-01 17:25:05,596 INFO  cn.edu.tsinghua.iot.benchmark.mode.BaseMode:102 - DataClientService-thread-7 28.00% workload is done. 
2026-06-01 17:25:05,596 INFO  cn.edu.tsinghua.iot.benchmark.mode.BaseMode:102 - DataClientService-thread-8 27.30% workload is done. 
2026-06-01 17:25:05,596 INFO  cn.edu.tsinghua.iot.benchmark.mode.BaseMode:102 - DataClientService-thread-9 26.80% workload is done. 
2026-06-01 17:25:05,596 INFO  cn.edu.tsinghua.iot.benchmark.mode.BaseMode:102 - DataClientService-thread-10 27.20% workload is done. 
2026-06-01 17:25:10,594 INFO  cn.edu.tsinghua.iot.benchmark.mode.BaseMode:102 - DataClientService-thread-1 28.10% workload is done. 
2026-06-01 17:25:10,594 INFO  cn.edu.tsinghua.iot.benchmark.mode.BaseMode:102 - DataClientService-thread-2 27.90% workload is done. 
2026-06-01 17:25:10,594 INFO  cn.edu.tsinghua.iot.benchmark.mode.BaseMode:102 - DataClientService-thread-3 27.60% workload is done. 
2026-06-01 17:25:10,594 INFO  cn.edu.tsinghua.iot.benchmark.mode.BaseMode:102 - DataClientService-thread-4 28.50% workload is done. 
2026-06-01 17:25:10,594 INFO  cn.edu.tsinghua.iot.benchmark.mode.BaseMode:102 - DataClientService-thread-5 28.20% workload is done. 
2026-06-01 17:25:10,594 INFO  cn.edu.tsinghua.iot.benchmark.mode.BaseMode:102 - DataClientService-thread-6 28.20% workload is done. 
2026-06-01 17:25:10,594 INFO  cn.edu.tsinghua.iot.benchmark.mode.BaseMode:102 - DataClientService-thread-7 28.40% workload is done. 
2026-06-01 17:25:10,594 INFO  cn.edu.tsinghua.iot.benchmark.mode.BaseMode:102 - DataClientService-thread-8 27.70% workload is done. 
2026-06-01 17:25:10,594 INFO  cn.edu.tsinghua.iot.benchmark.mode.BaseMode:102 - DataClientService-thread-9 27.10% workload is done. 
2026-06-01 17:25:10,594 INFO  cn.edu.tsinghua.iot.benchmark.mode.BaseMode:102 - DataClientService-thread-10 27.50% workload is done. 
2026-06-01 17:25:15,594 INFO  cn.edu.tsinghua.iot.benchmark.mode.BaseMode:102 - DataClientService-thread-1 28.30% workload is done. 
2026-06-01 17:25:15,594 INFO  cn.edu.tsinghua.iot.benchmark.mode.BaseMode:102 - DataClientService-thread-2 28.10% workload is done. 
2026-06-01 17:25:15,594 INFO  cn.edu.tsinghua.iot.benchmark.mode.BaseMode:102 - DataClientService-thread-3 27.90% workload is done. 
2026-06-01 17:25:15,594 INFO  cn.edu.tsinghua.iot.benchmark.mode.BaseMode:102 - DataClientService-thread-4 28.80% workload is done. 
2026-06-01 17:25:15,594 INFO  cn.edu.tsinghua.iot.benchmark.mode.BaseMode:102 - DataClientService-thread-5 28.60% workload is done. 
2026-06-01 17:25:15,594 INFO  cn.edu.tsinghua.iot.benchmark.mode.BaseMode:102 - DataClientService-thread-6 28.50% workload is done. 
2026-06-01 17:25:15,594 INFO  cn.edu.tsinghua.iot.benchmark.mode.BaseMode:102 - DataClientService-thread-7 28.70% workload is done. 
2026-06-01 17:25:15,594 INFO  cn.edu.tsinghua.iot.benchmark.mode.BaseMode:102 - DataClientService-thread-8 27.90% workload is done. 
2026-06-01 17:25:15,594 INFO  cn.edu.tsinghua.iot.benchmark.mode.BaseMode:102 - DataClientService-thread-9 27.30% workload is done. 
2026-06-01 17:25:15,594 INFO  cn.edu.tsinghua.iot.benchmark.mode.BaseMode:102 - DataClientService-thread-10 27.70% workload is done. 
2026-06-01 17:25:20,594 INFO  cn.edu.tsinghua.iot.benchmark.mode.BaseMode:102 - DataClientService-thread-1 28.60% workload is done. 
2026-06-01 17:25:20,594 INFO  cn.edu.tsinghua.iot.benchmark.mode.BaseMode:102 - DataClientService-thread-2 28.40% workload is done. 
2026-06-01 17:25:20,594 INFO  cn.edu.tsinghua.iot.benchmark.mode.BaseMode:102 - DataClientService-thread-3 28.10% workload is done. 
2026-06-01 17:25:20,594 INFO  cn.edu.tsinghua.iot.benchmark.mode.BaseMode:102 - DataClientService-thread-4 29.00% workload is done. 
2026-06-01 17:25:20,594 INFO  cn.edu.tsinghua.iot.benchmark.mode.BaseMode:102 - DataClientService-thread-5 28.80% workload is done. 
2026-06-01 17:25:20,594 INFO  cn.edu.tsinghua.iot.benchmark.mode.BaseMode:102 - DataClientService-thread-6 28.80% workload is done. 
2026-06-01 17:25:20,594 INFO  cn.edu.tsinghua.iot.benchmark.mode.BaseMode:102 - DataClientService-thread-7 29.00% workload is done. 
2026-06-01 17:25:20,594 INFO  cn.edu.tsinghua.iot.benchmark.mode.BaseMode:102 - DataClientService-thread-8 28.20% workload is done. 
2026-06-01 17:25:20,594 INFO  cn.edu.tsinghua.iot.benchmark.mode.BaseMode:102 - DataClientService-thread-9 27.60% workload is done. 
2026-06-01 17:25:20,594 INFO  cn.edu.tsinghua.iot.benchmark.mode.BaseMode:102 - DataClientService-thread-10 28.00% workload is done. 
2026-06-01 17:25:25,594 INFO  cn.edu.tsinghua.iot.benchmark.mode.BaseMode:102 - DataClientService-thread-1 28.80% workload is done. 
2026-06-01 17:25:25,594 INFO  cn.edu.tsinghua.iot.benchmark.mode.BaseMode:102 - DataClientService-thread-2 28.60% workload is done. 
2026-06-01 17:25:25,594 INFO  cn.edu.tsinghua.iot.benchmark.mode.BaseMode:102 - DataClientService-thread-3 28.40% workload is done. 
2026-06-01 17:25:25,594 INFO  cn.edu.tsinghua.iot.benchmark.mode.BaseMode:102 - DataClientService-thread-4 29.30% workload is done. 
2026-06-01 17:25:25,594 INFO  cn.edu.tsinghua.iot.benchmark.mode.BaseMode:102 - DataClientService-thread-5 29.10% workload is done. 
2026-06-01 17:25:25,594 INFO  cn.edu.tsinghua.iot.benchmark.mode.BaseMode:102 - DataClientService-thread-6 29.00% workload is done. 
2026-06-01 17:25:25,595 INFO  cn.edu.tsinghua.iot.benchmark.mode.BaseMode:102 - DataClientService-thread-7 29.20% workload is done. 
2026-06-01 17:25:25,595 INFO  cn.edu.tsinghua.iot.benchmark.mode.BaseMode:102 - DataClientService-thread-8 28.40% workload is done. 
2026-06-01 17:25:25,595 INFO  cn.edu.tsinghua.iot.benchmark.mode.BaseMode:102 - DataClientService-thread-9 27.80% workload is done. 
2026-06-01 17:25:25,595 INFO  cn.edu.tsinghua.iot.benchmark.mode.BaseMode:102 - DataClientService-thread-10 28.20% workload is done. 
2026-06-01 17:25:30,594 INFO  cn.edu.tsinghua.iot.benchmark.mode.BaseMode:102 - DataClientService-thread-1 29.20% workload is done. 
2026-06-01 17:25:30,594 INFO  cn.edu.tsinghua.iot.benchmark.mode.BaseMode:102 - DataClientService-thread-2 28.80% workload is done. 
2026-06-01 17:25:30,594 INFO  cn.edu.tsinghua.iot.benchmark.mode.BaseMode:102 - DataClientService-thread-3 28.60% workload is done. 
2026-06-01 17:25:30,594 INFO  cn.edu.tsinghua.iot.benchmark.mode.BaseMode:102 - DataClientService-thread-4 29.50% workload is done. 
2026-06-01 17:25:30,594 INFO  cn.edu.tsinghua.iot.benchmark.mode.BaseMode:102 - DataClientService-thread-5 29.30% workload is done. 
2026-06-01 17:25:30,594 INFO  cn.edu.tsinghua.iot.benchmark.mode.BaseMode:102 - DataClientService-thread-6 29.30% workload is done. 
2026-06-01 17:25:30,594 INFO  cn.edu.tsinghua.iot.benchmark.mode.BaseMode:102 - DataClientService-thread-7 29.50% workload is done. 
2026-06-01 17:25:30,594 INFO  cn.edu.tsinghua.iot.benchmark.mode.BaseMode:102 - DataClientService-thread-8 28.70% workload is done. 
2026-06-01 17:25:30,594 INFO  cn.edu.tsinghua.iot.benchmark.mode.BaseMode:102 - DataClientService-thread-9 28.00% workload is done. 
2026-06-01 17:25:30,594 INFO  cn.edu.tsinghua.iot.benchmark.mode.BaseMode:102 - DataClientService-thread-10 28.50% workload is done. 
2026-06-01 17:25:35,594 INFO  cn.edu.tsinghua.iot.benchmark.mode.BaseMode:102 - DataClientService-thread-1 29.40% workload is done. 
2026-06-01 17:25:35,594 INFO  cn.edu.tsinghua.iot.benchmark.mode.BaseMode:102 - DataClientService-thread-2 29.10% workload is done. 
2026-06-01 17:25:35,594 INFO  cn.edu.tsinghua.iot.benchmark.mode.BaseMode:102 - DataClientService-thread-3 28.90% workload is done. 
2026-06-01 17:25:35,594 INFO  cn.edu.tsinghua.iot.benchmark.mode.BaseMode:102 - DataClientService-thread-4 29.80% workload is done. 
2026-06-01 17:25:35,594 INFO  cn.edu.tsinghua.iot.benchmark.mode.BaseMode:102 - DataClientService-thread-5 29.60% workload is done. 
2026-06-01 17:25:35,594 INFO  cn.edu.tsinghua.iot.benchmark.mode.BaseMode:102 - DataClientService-thread-6 29.50% workload is done. 
2026-06-01 17:25:35,594 INFO  cn.edu.tsinghua.iot.benchmark.mode.BaseMode:102 - DataClientService-thread-7 29.70% workload is done. 
2026-06-01 17:25:35,594 INFO  cn.edu.tsinghua.iot.benchmark.mode.BaseMode:102 - DataClientService-thread-8 28.90% workload is done. 
2026-06-01 17:25:35,594 INFO  cn.edu.tsinghua.iot.benchmark.mode.BaseMode:102 - DataClientService-thread-9 28.30% workload is done. 
2026-06-01 17:25:35,594 INFO  cn.edu.tsinghua.iot.benchmark.mode.BaseMode:102 - DataClientService-thread-10 28.80% workload is done. 
2026-06-01 17:25:40,594 INFO  cn.edu.tsinghua.iot.benchmark.mode.BaseMode:102 - DataClientService-thread-1 29.70% workload is done. 
2026-06-01 17:25:40,594 INFO  cn.edu.tsinghua.iot.benchmark.mode.BaseMode:102 - DataClientService-thread-2 29.30% workload is done. 
2026-06-01 17:25:40,594 INFO  cn.edu.tsinghua.iot.benchmark.mode.BaseMode:102 - DataClientService-thread-3 29.10% workload is done. 
2026-06-01 17:25:40,594 INFO  cn.edu.tsinghua.iot.benchmark.mode.BaseMode:102 - DataClientService-thread-4 30.00% workload is done. 
2026-06-01 17:25:40,594 INFO  cn.edu.tsinghua.iot.benchmark.mode.BaseMode:102 - DataClientService-thread-5 29.80% workload is done. 
2026-06-01 17:25:40,594 INFO  cn.edu.tsinghua.iot.benchmark.mode.BaseMode:102 - DataClientService-thread-6 29.90% workload is done. 
2026-06-01 17:25:40,594 INFO  cn.edu.tsinghua.iot.benchmark.mode.BaseMode:102 - DataClientService-thread-7 30.00% workload is done. 
2026-06-01 17:25:40,594 INFO  cn.edu.tsinghua.iot.benchmark.mode.BaseMode:102 - DataClientService-thread-8 29.10% workload is done. 
2026-06-01 17:25:40,594 INFO  cn.edu.tsinghua.iot.benchmark.mode.BaseMode:102 - DataClientService-thread-9 28.50% workload is done. 
2026-06-01 17:25:40,594 INFO  cn.edu.tsinghua.iot.benchmark.mode.BaseMode:102 - DataClientService-thread-10 29.10% workload is done. 
2026-06-01 17:25:45,594 INFO  cn.edu.tsinghua.iot.benchmark.mode.BaseMode:102 - DataClientService-thread-1 29.90% workload is done. 
2026-06-01 17:25:45,594 INFO  cn.edu.tsinghua.iot.benchmark.mode.BaseMode:102 - DataClientService-thread-2 29.60% workload is done. 
2026-06-01 17:25:45,594 INFO  cn.edu.tsinghua.iot.benchmark.mode.BaseMode:102 - DataClientService-thread-3 29.40% workload is done. 
2026-06-01 17:25:45,594 INFO  cn.edu.tsinghua.iot.benchmark.mode.BaseMode:102 - DataClientService-thread-4 30.30% workload is done. 
2026-06-01 17:25:45,594 INFO  cn.edu.tsinghua.iot.benchmark.mode.BaseMode:102 - DataClientService-thread-5 30.10% workload is done. 
2026-06-01 17:25:45,594 INFO  cn.edu.tsinghua.iot.benchmark.mode.BaseMode:102 - DataClientService-thread-6 30.10% workload is done. 
2026-06-01 17:25:45,594 INFO  cn.edu.tsinghua.iot.benchmark.mode.BaseMode:102 - DataClientService-thread-7 30.20% workload is done. 
2026-06-01 17:25:45,594 INFO  cn.edu.tsinghua.iot.benchmark.mode.BaseMode:102 - DataClientService-thread-8 29.50% workload is done. 
2026-06-01 17:25:45,594 INFO  cn.edu.tsinghua.iot.benchmark.mode.BaseMode:102 - DataClientService-thread-9 29.00% workload is done. 
2026-06-01 17:25:45,594 INFO  cn.edu.tsinghua.iot.benchmark.mode.BaseMode:102 - DataClientService-thread-10 29.30% workload is done. 
2026-06-01 17:25:50,594 INFO  cn.edu.tsinghua.iot.benchmark.mode.BaseMode:102 - DataClientService-thread-1 30.40% workload is done. 
2026-06-01 17:25:50,594 INFO  cn.edu.tsinghua.iot.benchmark.mode.BaseMode:102 - DataClientService-thread-2 29.80% workload is done. 
2026-06-01 17:25:50,594 INFO  cn.edu.tsinghua.iot.benchmark.mode.BaseMode:102 - DataClientService-thread-3 29.80% workload is done. 
2026-06-01 17:25:50,594 INFO  cn.edu.tsinghua.iot.benchmark.mode.BaseMode:102 - DataClientService-thread-4 30.50% workload is done. 
2026-06-01 17:25:50,594 INFO  cn.edu.tsinghua.iot.benchmark.mode.BaseMode:102 - DataClientService-thread-5 30.30% workload is done. 
2026-06-01 17:25:50,594 INFO  cn.edu.tsinghua.iot.benchmark.mode.BaseMode:102 - DataClientService-thread-6 30.40% workload is done. 
2026-06-01 17:25:50,594 INFO  cn.edu.tsinghua.iot.benchmark.mode.BaseMode:102 - DataClientService-thread-7 30.50% workload is done. 
2026-06-01 17:25:50,594 INFO  cn.edu.tsinghua.iot.benchmark.mode.BaseMode:102 - DataClientService-thread-8 29.70% workload is done. 
2026-06-01 17:25:50,594 INFO  cn.edu.tsinghua.iot.benchmark.mode.BaseMode:102 - DataClientService-thread-9 29.20% workload is done. 
2026-06-01 17:25:50,594 INFO  cn.edu.tsinghua.iot.benchmark.mode.BaseMode:102 - DataClientService-thread-10 29.70% workload is done. 
2026-06-01 17:25:55,594 INFO  cn.edu.tsinghua.iot.benchmark.mode.BaseMode:102 - DataClientService-thread-1 30.70% workload is done. 
2026-06-01 17:25:55,594 INFO  cn.edu.tsinghua.iot.benchmark.mode.BaseMode:102 - DataClientService-thread-2 30.10% workload is done. 
2026-06-01 17:25:55,594 INFO  cn.edu.tsinghua.iot.benchmark.mode.BaseMode:102 - DataClientService-thread-3 30.10% workload is done. 
2026-06-01 17:25:55,594 INFO  cn.edu.tsinghua.iot.benchmark.mode.BaseMode:102 - DataClientService-thread-4 30.80% workload is done. 
2026-06-01 17:25:55,594 INFO  cn.edu.tsinghua.iot.benchmark.mode.BaseMode:102 - DataClientService-thread-5 30.60% workload is done. 
2026-06-01 17:25:55,594 INFO  cn.edu.tsinghua.iot.benchmark.mode.BaseMode:102 - DataClientService-thread-6 30.60% workload is done. 
2026-06-01 17:25:55,594 INFO  cn.edu.tsinghua.iot.benchmark.mode.BaseMode:102 - DataClientService-thread-7 30.70% workload is done. 
2026-06-01 17:25:55,594 INFO  cn.edu.tsinghua.iot.benchmark.mode.BaseMode:102 - DataClientService-thread-8 30.00% workload is done. 
2026-06-01 17:25:55,594 INFO  cn.edu.tsinghua.iot.benchmark.mode.BaseMode:102 - DataClientService-thread-9 29.50% workload is done. 
2026-06-01 17:25:55,594 INFO  cn.edu.tsinghua.iot.benchmark.mode.BaseMode:102 - DataClientService-thread-10 29.90% workload is done. 
2026-06-01 17:26:00,594 INFO  cn.edu.tsinghua.iot.benchmark.mode.BaseMode:102 - DataClientService-thread-1 31.00% workload is done. 
2026-06-01 17:26:00,594 INFO  cn.edu.tsinghua.iot.benchmark.mode.BaseMode:102 - DataClientService-thread-2 30.30% workload is done. 
2026-06-01 17:26:00,594 INFO  cn.edu.tsinghua.iot.benchmark.mode.BaseMode:102 - DataClientService-thread-3 30.30% workload is done. 
2026-06-01 17:26:00,594 INFO  cn.edu.tsinghua.iot.benchmark.mode.BaseMode:102 - DataClientService-thread-4 31.00% workload is done. 
2026-06-01 17:26:00,594 INFO  cn.edu.tsinghua.iot.benchmark.mode.BaseMode:102 - DataClientService-thread-5 30.80% workload is done. 
2026-06-01 17:26:00,594 INFO  cn.edu.tsinghua.iot.benchmark.mode.BaseMode:102 - DataClientService-thread-6 30.90% workload is done. 
2026-06-01 17:26:00,594 INFO  cn.edu.tsinghua.iot.benchmark.mode.BaseMode:102 - DataClientService-thread-7 31.10% workload is done. 
2026-06-01 17:26:00,594 INFO  cn.edu.tsinghua.iot.benchmark.mode.BaseMode:102 - DataClientService-thread-8 30.30% workload is done. 
2026-06-01 17:26:00,594 INFO  cn.edu.tsinghua.iot.benchmark.mode.BaseMode:102 - DataClientService-thread-9 29.70% workload is done. 
2026-06-01 17:26:00,594 INFO  cn.edu.tsinghua.iot.benchmark.mode.BaseMode:102 - DataClientService-thread-10 30.20% workload is done. 
2026-06-01 17:26:05,594 INFO  cn.edu.tsinghua.iot.benchmark.mode.BaseMode:102 - DataClientService-thread-1 31.20% workload is done. 
2026-06-01 17:26:05,594 INFO  cn.edu.tsinghua.iot.benchmark.mode.BaseMode:102 - DataClientService-thread-2 30.60% workload is done. 
2026-06-01 17:26:05,594 INFO  cn.edu.tsinghua.iot.benchmark.mode.BaseMode:102 - DataClientService-thread-3 30.60% workload is done. 
2026-06-01 17:26:05,594 INFO  cn.edu.tsinghua.iot.benchmark.mode.BaseMode:102 - DataClientService-thread-4 31.30% workload is done. 
2026-06-01 17:26:05,594 INFO  cn.edu.tsinghua.iot.benchmark.mode.BaseMode:102 - DataClientService-thread-5 31.10% workload is done. 
2026-06-01 17:26:05,594 INFO  cn.edu.tsinghua.iot.benchmark.mode.BaseMode:102 - DataClientService-thread-6 31.10% workload is done. 
2026-06-01 17:26:05,594 INFO  cn.edu.tsinghua.iot.benchmark.mode.BaseMode:102 - DataClientService-thread-7 31.50% workload is done. 
2026-06-01 17:26:05,594 INFO  cn.edu.tsinghua.iot.benchmark.mode.BaseMode:102 - DataClientService-thread-8 30.60% workload is done. 
2026-06-01 17:26:05,594 INFO  cn.edu.tsinghua.iot.benchmark.mode.BaseMode:102 - DataClientService-thread-9 30.10% workload is done. 
2026-06-01 17:26:05,594 INFO  cn.edu.tsinghua.iot.benchmark.mode.BaseMode:102 - DataClientService-thread-10 30.40% workload is done. 
2026-06-01 17:26:10,594 INFO  cn.edu.tsinghua.iot.benchmark.mode.BaseMode:102 - DataClientService-thread-1 31.50% workload is done. 
2026-06-01 17:26:10,594 INFO  cn.edu.tsinghua.iot.benchmark.mode.BaseMode:102 - DataClientService-thread-2 30.90% workload is done. 
2026-06-01 17:26:10,594 INFO  cn.edu.tsinghua.iot.benchmark.mode.BaseMode:102 - DataClientService-thread-3 30.80% workload is done. 
2026-06-01 17:26:10,594 INFO  cn.edu.tsinghua.iot.benchmark.mode.BaseMode:102 - DataClientService-thread-4 31.50% workload is done. 
2026-06-01 17:26:10,594 INFO  cn.edu.tsinghua.iot.benchmark.mode.BaseMode:102 - DataClientService-thread-5 31.30% workload is done. 
2026-06-01 17:26:10,594 INFO  cn.edu.tsinghua.iot.benchmark.mode.BaseMode:102 - DataClientService-thread-6 31.50% workload is done. 
2026-06-01 17:26:10,594 INFO  cn.edu.tsinghua.iot.benchmark.mode.BaseMode:102 - DataClientService-thread-7 31.80% workload is done. 
2026-06-01 17:26:10,594 INFO  cn.edu.tsinghua.iot.benchmark.mode.BaseMode:102 - DataClientService-thread-8 30.80% workload is done. 
2026-06-01 17:26:10,594 INFO  cn.edu.tsinghua.iot.benchmark.mode.BaseMode:102 - DataClientService-thread-9 30.30% workload is done. 
2026-06-01 17:26:10,594 INFO  cn.edu.tsinghua.iot.benchmark.mode.BaseMode:102 - DataClientService-thread-10 30.70% workload is done. 
2026-06-01 17:26:15,594 INFO  cn.edu.tsinghua.iot.benchmark.mode.BaseMode:102 - DataClientService-thread-1 31.70% workload is done. 
2026-06-01 17:26:15,594 INFO  cn.edu.tsinghua.iot.benchmark.mode.BaseMode:102 - DataClientService-thread-2 31.20% workload is done. 
2026-06-01 17:26:15,594 INFO  cn.edu.tsinghua.iot.benchmark.mode.BaseMode:102 - DataClientService-thread-3 31.20% workload is done. 
2026-06-01 17:26:15,594 INFO  cn.edu.tsinghua.iot.benchmark.mode.BaseMode:102 - DataClientService-thread-4 31.90% workload is done. 
2026-06-01 17:26:15,594 INFO  cn.edu.tsinghua.iot.benchmark.mode.BaseMode:102 - DataClientService-thread-5 31.60% workload is done. 
2026-06-01 17:26:15,594 INFO  cn.edu.tsinghua.iot.benchmark.mode.BaseMode:102 - DataClientService-thread-6 31.70% workload is done. 
2026-06-01 17:26:15,594 INFO  cn.edu.tsinghua.iot.benchmark.mode.BaseMode:102 - DataClientService-thread-7 32.00% workload is done. 
2026-06-01 17:26:15,594 INFO  cn.edu.tsinghua.iot.benchmark.mode.BaseMode:102 - DataClientService-thread-8 31.20% workload is done. 
2026-06-01 17:26:15,594 INFO  cn.edu.tsinghua.iot.benchmark.mode.BaseMode:102 - DataClientService-thread-9 30.60% workload is done. 
2026-06-01 17:26:15,594 INFO  cn.edu.tsinghua.iot.benchmark.mode.BaseMode:102 - DataClientService-thread-10 31.00% workload is done. 
2026-06-01 17:26:20,594 INFO  cn.edu.tsinghua.iot.benchmark.mode.BaseMode:102 - DataClientService-thread-1 32.00% workload is done. 
2026-06-01 17:26:20,594 INFO  cn.edu.tsinghua.iot.benchmark.mode.BaseMode:102 - DataClientService-thread-2 31.40% workload is done. 
2026-06-01 17:26:20,594 INFO  cn.edu.tsinghua.iot.benchmark.mode.BaseMode:102 - DataClientService-thread-3 31.40% workload is done. 
2026-06-01 17:26:20,594 INFO  cn.edu.tsinghua.iot.benchmark.mode.BaseMode:102 - DataClientService-thread-4 32.10% workload is done. 
2026-06-01 17:26:20,594 INFO  cn.edu.tsinghua.iot.benchmark.mode.BaseMode:102 - DataClientService-thread-5 31.80% workload is done. 
2026-06-01 17:26:20,594 INFO  cn.edu.tsinghua.iot.benchmark.mode.BaseMode:102 - DataClientService-thread-6 32.10% workload is done. 
2026-06-01 17:26:20,594 INFO  cn.edu.tsinghua.iot.benchmark.mode.BaseMode:102 - DataClientService-thread-7 32.40% workload is done. 
2026-06-01 17:26:20,594 INFO  cn.edu.tsinghua.iot.benchmark.mode.BaseMode:102 - DataClientService-thread-8 31.40% workload is done. 
2026-06-01 17:26:20,594 INFO  cn.edu.tsinghua.iot.benchmark.mode.BaseMode:102 - DataClientService-thread-9 30.80% workload is done. 
2026-06-01 17:26:20,594 INFO  cn.edu.tsinghua.iot.benchmark.mode.BaseMode:102 - DataClientService-thread-10 31.30% workload is done. 
2026-06-01 17:26:25,594 INFO  cn.edu.tsinghua.iot.benchmark.mode.BaseMode:102 - DataClientService-thread-1 32.20% workload is done. 
2026-06-01 17:26:25,594 INFO  cn.edu.tsinghua.iot.benchmark.mode.BaseMode:102 - DataClientService-thread-2 31.70% workload is done. 
2026-06-01 17:26:25,594 INFO  cn.edu.tsinghua.iot.benchmark.mode.BaseMode:102 - DataClientService-thread-3 31.70% workload is done. 
2026-06-01 17:26:25,594 INFO  cn.edu.tsinghua.iot.benchmark.mode.BaseMode:102 - DataClientService-thread-4 32.40% workload is done. 
2026-06-01 17:26:25,594 INFO  cn.edu.tsinghua.iot.benchmark.mode.BaseMode:102 - DataClientService-thread-5 32.10% workload is done. 
2026-06-01 17:26:25,594 INFO  cn.edu.tsinghua.iot.benchmark.mode.BaseMode:102 - DataClientService-thread-6 32.40% workload is done. 
2026-06-01 17:26:25,594 INFO  cn.edu.tsinghua.iot.benchmark.mode.BaseMode:102 - DataClientService-thread-7 32.70% workload is done. 
2026-06-01 17:26:25,594 INFO  cn.edu.tsinghua.iot.benchmark.mode.BaseMode:102 - DataClientService-thread-8 31.80% workload is done. 
2026-06-01 17:26:25,594 INFO  cn.edu.tsinghua.iot.benchmark.mode.BaseMode:102 - DataClientService-thread-9 31.10% workload is done. 
2026-06-01 17:26:25,594 INFO  cn.edu.tsinghua.iot.benchmark.mode.BaseMode:102 - DataClientService-thread-10 31.50% workload is done. 
2026-06-01 17:26:30,594 INFO  cn.edu.tsinghua.iot.benchmark.mode.BaseMode:102 - DataClientService-thread-1 32.50% workload is done. 
2026-06-01 17:26:30,594 INFO  cn.edu.tsinghua.iot.benchmark.mode.BaseMode:102 - DataClientService-thread-2 31.90% workload is done. 
2026-06-01 17:26:30,594 INFO  cn.edu.tsinghua.iot.benchmark.mode.BaseMode:102 - DataClientService-thread-3 31.90% workload is done. 
2026-06-01 17:26:30,594 INFO  cn.edu.tsinghua.iot.benchmark.mode.BaseMode:102 - DataClientService-thread-4 32.70% workload is done. 
2026-06-01 17:26:30,594 INFO  cn.edu.tsinghua.iot.benchmark.mode.BaseMode:102 - DataClientService-thread-5 32.30% workload is done. 
2026-06-01 17:26:30,594 INFO  cn.edu.tsinghua.iot.benchmark.mode.BaseMode:102 - DataClientService-thread-6 32.60% workload is done. 
2026-06-01 17:26:30,594 INFO  cn.edu.tsinghua.iot.benchmark.mode.BaseMode:102 - DataClientService-thread-7 33.00% workload is done. 
2026-06-01 17:26:30,594 INFO  cn.edu.tsinghua.iot.benchmark.mode.BaseMode:102 - DataClientService-thread-8 32.20% workload is done. 
2026-06-01 17:26:30,594 INFO  cn.edu.tsinghua.iot.benchmark.mode.BaseMode:102 - DataClientService-thread-9 31.40% workload is done. 
2026-06-01 17:26:30,594 INFO  cn.edu.tsinghua.iot.benchmark.mode.BaseMode:102 - DataClientService-thread-10 31.70% workload is done. 
2026-06-01 17:26:35,594 INFO  cn.edu.tsinghua.iot.benchmark.mode.BaseMode:102 - DataClientService-thread-1 32.80% workload is done. 
2026-06-01 17:26:35,594 INFO  cn.edu.tsinghua.iot.benchmark.mode.BaseMode:102 - DataClientService-thread-2 32.20% workload is done. 
2026-06-01 17:26:35,594 INFO  cn.edu.tsinghua.iot.benchmark.mode.BaseMode:102 - DataClientService-thread-3 32.20% workload is done. 
2026-06-01 17:26:35,594 INFO  cn.edu.tsinghua.iot.benchmark.mode.BaseMode:102 - DataClientService-thread-4 33.00% workload is done. 
2026-06-01 17:26:35,594 INFO  cn.edu.tsinghua.iot.benchmark.mode.BaseMode:102 - DataClientService-thread-5 32.60% workload is done. 
2026-06-01 17:26:35,594 INFO  cn.edu.tsinghua.iot.benchmark.mode.BaseMode:102 - DataClientService-thread-6 33.00% workload is done. 
2026-06-01 17:26:35,594 INFO  cn.edu.tsinghua.iot.benchmark.mode.BaseMode:102 - DataClientService-thread-7 33.20% workload is done. 
2026-06-01 17:26:35,594 INFO  cn.edu.tsinghua.iot.benchmark.mode.BaseMode:102 - DataClientService-thread-8 32.50% workload is done. 
2026-06-01 17:26:35,594 INFO  cn.edu.tsinghua.iot.benchmark.mode.BaseMode:102 - DataClientService-thread-9 31.70% workload is done. 
2026-06-01 17:26:35,594 INFO  cn.edu.tsinghua.iot.benchmark.mode.BaseMode:102 - DataClientService-thread-10 32.00% workload is done. 
2026-06-01 17:26:40,594 INFO  cn.edu.tsinghua.iot.benchmark.mode.BaseMode:102 - DataClientService-thread-1 33.00% workload is done. 
2026-06-01 17:26:40,594 INFO  cn.edu.tsinghua.iot.benchmark.mode.BaseMode:102 - DataClientService-thread-2 32.40% workload is done. 
2026-06-01 17:26:40,594 INFO  cn.edu.tsinghua.iot.benchmark.mode.BaseMode:102 - DataClientService-thread-3 32.40% workload is done. 
2026-06-01 17:26:40,594 INFO  cn.edu.tsinghua.iot.benchmark.mode.BaseMode:102 - DataClientService-thread-4 33.40% workload is done. 
2026-06-01 17:26:40,594 INFO  cn.edu.tsinghua.iot.benchmark.mode.BaseMode:102 - DataClientService-thread-5 32.80% workload is done. 
2026-06-01 17:26:40,594 INFO  cn.edu.tsinghua.iot.benchmark.mode.BaseMode:102 - DataClientService-thread-6 33.20% workload is done. 
2026-06-01 17:26:40,594 INFO  cn.edu.tsinghua.iot.benchmark.mode.BaseMode:102 - DataClientService-thread-7 33.60% workload is done. 
2026-06-01 17:26:40,594 INFO  cn.edu.tsinghua.iot.benchmark.mode.BaseMode:102 - DataClientService-thread-8 32.70% workload is done. 
2026-06-01 17:26:40,594 INFO  cn.edu.tsinghua.iot.benchmark.mode.BaseMode:102 - DataClientService-thread-9 31.90% workload is done. 
2026-06-01 17:26:40,594 INFO  cn.edu.tsinghua.iot.benchmark.mode.BaseMode:102 - DataClientService-thread-10 32.20% workload is done. 
2026-06-01 17:26:45,594 INFO  cn.edu.tsinghua.iot.benchmark.mode.BaseMode:102 - DataClientService-thread-1 33.40% workload is done. 
2026-06-01 17:26:45,597 INFO  cn.edu.tsinghua.iot.benchmark.mode.BaseMode:102 - DataClientService-thread-2 32.80% workload is done. 
2026-06-01 17:26:45,597 INFO  cn.edu.tsinghua.iot.benchmark.mode.BaseMode:102 - DataClientService-thread-3 32.70% workload is done. 
2026-06-01 17:26:45,597 INFO  cn.edu.tsinghua.iot.benchmark.mode.BaseMode:102 - DataClientService-thread-4 33.70% workload is done. 
2026-06-01 17:26:45,597 INFO  cn.edu.tsinghua.iot.benchmark.mode.BaseMode:102 - DataClientService-thread-5 33.10% workload is done. 
2026-06-01 17:26:45,597 INFO  cn.edu.tsinghua.iot.benchmark.mode.BaseMode:102 - DataClientService-thread-6 33.50% workload is done. 
2026-06-01 17:26:45,597 INFO  cn.edu.tsinghua.iot.benchmark.mode.BaseMode:102 - DataClientService-thread-7 33.90% workload is done. 
2026-06-01 17:26:45,597 INFO  cn.edu.tsinghua.iot.benchmark.mode.BaseMode:102 - DataClientService-thread-8 33.00% workload is done. 
2026-06-01 17:26:45,597 INFO  cn.edu.tsinghua.iot.benchmark.mode.BaseMode:102 - DataClientService-thread-9 32.20% workload is done. 
2026-06-01 17:26:45,597 INFO  cn.edu.tsinghua.iot.benchmark.mode.BaseMode:102 - DataClientService-thread-10 32.50% workload is done. 
2026-06-01 17:26:50,594 INFO  cn.edu.tsinghua.iot.benchmark.mode.BaseMode:102 - DataClientService-thread-1 33.60% workload is done. 
2026-06-01 17:26:50,594 INFO  cn.edu.tsinghua.iot.benchmark.mode.BaseMode:102 - DataClientService-thread-2 33.00% workload is done. 
2026-06-01 17:26:50,594 INFO  cn.edu.tsinghua.iot.benchmark.mode.BaseMode:102 - DataClientService-thread-3 33.00% workload is done. 
2026-06-01 17:26:50,594 INFO  cn.edu.tsinghua.iot.benchmark.mode.BaseMode:102 - DataClientService-thread-4 33.90% workload is done. 
2026-06-01 17:26:50,594 INFO  cn.edu.tsinghua.iot.benchmark.mode.BaseMode:102 - DataClientService-thread-5 33.30% workload is done. 
2026-06-01 17:26:50,594 INFO  cn.edu.tsinghua.iot.benchmark.mode.BaseMode:102 - DataClientService-thread-6 33.80% workload is done. 
2026-06-01 17:26:50,594 INFO  cn.edu.tsinghua.iot.benchmark.mode.BaseMode:102 - DataClientService-thread-7 34.20% workload is done. 
2026-06-01 17:26:50,594 INFO  cn.edu.tsinghua.iot.benchmark.mode.BaseMode:102 - DataClientService-thread-8 33.20% workload is done. 
2026-06-01 17:26:50,594 INFO  cn.edu.tsinghua.iot.benchmark.mode.BaseMode:102 - DataClientService-thread-9 32.40% workload is done. 
2026-06-01 17:26:50,594 INFO  cn.edu.tsinghua.iot.benchmark.mode.BaseMode:102 - DataClientService-thread-10 32.70% workload is done. 
2026-06-01 17:26:55,594 INFO  cn.edu.tsinghua.iot.benchmark.mode.BaseMode:102 - DataClientService-thread-1 34.00% workload is done. 
2026-06-01 17:26:55,594 INFO  cn.edu.tsinghua.iot.benchmark.mode.BaseMode:102 - DataClientService-thread-2 33.30% workload is done. 
2026-06-01 17:26:55,594 INFO  cn.edu.tsinghua.iot.benchmark.mode.BaseMode:102 - DataClientService-thread-3 33.30% workload is done. 
2026-06-01 17:26:55,594 INFO  cn.edu.tsinghua.iot.benchmark.mode.BaseMode:102 - DataClientService-thread-4 34.20% workload is done. 
2026-06-01 17:26:55,596 INFO  cn.edu.tsinghua.iot.benchmark.mode.BaseMode:102 - DataClientService-thread-5 33.60% workload is done. 
2026-06-01 17:26:55,596 INFO  cn.edu.tsinghua.iot.benchmark.mode.BaseMode:102 - DataClientService-thread-6 34.20% workload is done. 
2026-06-01 17:26:55,596 INFO  cn.edu.tsinghua.iot.benchmark.mode.BaseMode:102 - DataClientService-thread-7 34.40% workload is done. 
2026-06-01 17:26:55,596 INFO  cn.edu.tsinghua.iot.benchmark.mode.BaseMode:102 - DataClientService-thread-8 33.50% workload is done. 
2026-06-01 17:26:55,596 INFO  cn.edu.tsinghua.iot.benchmark.mode.BaseMode:102 - DataClientService-thread-9 32.70% workload is done. 
2026-06-01 17:26:55,596 INFO  cn.edu.tsinghua.iot.benchmark.mode.BaseMode:102 - DataClientService-thread-10 33.10% workload is done. 
2026-06-01 17:27:00,594 INFO  cn.edu.tsinghua.iot.benchmark.mode.BaseMode:102 - DataClientService-thread-1 34.20% workload is done. 
2026-06-01 17:27:00,594 INFO  cn.edu.tsinghua.iot.benchmark.mode.BaseMode:102 - DataClientService-thread-2 33.50% workload is done. 
2026-06-01 17:27:00,594 INFO  cn.edu.tsinghua.iot.benchmark.mode.BaseMode:102 - DataClientService-thread-3 33.50% workload is done. 
2026-06-01 17:27:00,594 INFO  cn.edu.tsinghua.iot.benchmark.mode.BaseMode:102 - DataClientService-thread-4 34.50% workload is done. 
2026-06-01 17:27:00,594 INFO  cn.edu.tsinghua.iot.benchmark.mode.BaseMode:102 - DataClientService-thread-5 33.90% workload is done. 
2026-06-01 17:27:00,594 INFO  cn.edu.tsinghua.iot.benchmark.mode.BaseMode:102 - DataClientService-thread-6 34.40% workload is done. 
2026-06-01 17:27:00,594 INFO  cn.edu.tsinghua.iot.benchmark.mode.BaseMode:102 - DataClientService-thread-7 34.70% workload is done. 
2026-06-01 17:27:00,594 INFO  cn.edu.tsinghua.iot.benchmark.mode.BaseMode:102 - DataClientService-thread-8 33.80% workload is done. 
2026-06-01 17:27:00,594 INFO  cn.edu.tsinghua.iot.benchmark.mode.BaseMode:102 - DataClientService-thread-9 32.90% workload is done. 
2026-06-01 17:27:00,594 INFO  cn.edu.tsinghua.iot.benchmark.mode.BaseMode:102 - DataClientService-thread-10 33.30% workload is done. 
2026-06-01 17:27:05,594 INFO  cn.edu.tsinghua.iot.benchmark.mode.BaseMode:102 - DataClientService-thread-1 34.50% workload is done. 
2026-06-01 17:27:05,594 INFO  cn.edu.tsinghua.iot.benchmark.mode.BaseMode:102 - DataClientService-thread-2 33.80% workload is done. 
2026-06-01 17:27:05,594 INFO  cn.edu.tsinghua.iot.benchmark.mode.BaseMode:102 - DataClientService-thread-3 33.80% workload is done. 
2026-06-01 17:27:05,594 INFO  cn.edu.tsinghua.iot.benchmark.mode.BaseMode:102 - DataClientService-thread-4 34.80% workload is done. 
2026-06-01 17:27:05,594 INFO  cn.edu.tsinghua.iot.benchmark.mode.BaseMode:102 - DataClientService-thread-5 34.20% workload is done. 
2026-06-01 17:27:05,594 INFO  cn.edu.tsinghua.iot.benchmark.mode.BaseMode:102 - DataClientService-thread-6 34.80% workload is done. 
2026-06-01 17:27:05,594 INFO  cn.edu.tsinghua.iot.benchmark.mode.BaseMode:102 - DataClientService-thread-7 34.90% workload is done. 
2026-06-01 17:27:05,594 INFO  cn.edu.tsinghua.iot.benchmark.mode.BaseMode:102 - DataClientService-thread-8 34.00% workload is done. 
2026-06-01 17:27:05,594 INFO  cn.edu.tsinghua.iot.benchmark.mode.BaseMode:102 - DataClientService-thread-9 33.20% workload is done. 
2026-06-01 17:27:05,594 INFO  cn.edu.tsinghua.iot.benchmark.mode.BaseMode:102 - DataClientService-thread-10 33.60% workload is done. 
2026-06-01 17:27:10,594 INFO  cn.edu.tsinghua.iot.benchmark.mode.BaseMode:102 - DataClientService-thread-1 34.70% workload is done. 
2026-06-01 17:27:10,594 INFO  cn.edu.tsinghua.iot.benchmark.mode.BaseMode:102 - DataClientService-thread-2 34.00% workload is done. 
2026-06-01 17:27:10,594 INFO  cn.edu.tsinghua.iot.benchmark.mode.BaseMode:102 - DataClientService-thread-3 34.00% workload is done. 
2026-06-01 17:27:10,594 INFO  cn.edu.tsinghua.iot.benchmark.mode.BaseMode:102 - DataClientService-thread-4 35.00% workload is done. 
2026-06-01 17:27:10,594 INFO  cn.edu.tsinghua.iot.benchmark.mode.BaseMode:102 - DataClientService-thread-5 34.40% workload is done. 
2026-06-01 17:27:10,594 INFO  cn.edu.tsinghua.iot.benchmark.mode.BaseMode:102 - DataClientService-thread-6 35.00% workload is done. 
2026-06-01 17:27:10,594 INFO  cn.edu.tsinghua.iot.benchmark.mode.BaseMode:102 - DataClientService-thread-7 35.20% workload is done. 
2026-06-01 17:27:10,594 INFO  cn.edu.tsinghua.iot.benchmark.mode.BaseMode:102 - DataClientService-thread-8 34.30% workload is done. 
2026-06-01 17:27:10,594 INFO  cn.edu.tsinghua.iot.benchmark.mode.BaseMode:102 - DataClientService-thread-9 33.40% workload is done. 
2026-06-01 17:27:10,594 INFO  cn.edu.tsinghua.iot.benchmark.mode.BaseMode:102 - DataClientService-thread-10 33.80% workload is done. 
2026-06-01 17:27:15,594 INFO  cn.edu.tsinghua.iot.benchmark.mode.BaseMode:102 - DataClientService-thread-1 35.00% workload is done. 
2026-06-01 17:27:15,594 INFO  cn.edu.tsinghua.iot.benchmark.mode.BaseMode:102 - DataClientService-thread-2 34.30% workload is done. 
2026-06-01 17:27:15,594 INFO  cn.edu.tsinghua.iot.benchmark.mode.BaseMode:102 - DataClientService-thread-3 34.30% workload is done. 
2026-06-01 17:27:15,594 INFO  cn.edu.tsinghua.iot.benchmark.mode.BaseMode:102 - DataClientService-thread-4 35.30% workload is done. 
2026-06-01 17:27:15,594 INFO  cn.edu.tsinghua.iot.benchmark.mode.BaseMode:102 - DataClientService-thread-5 34.70% workload is done. 
2026-06-01 17:27:15,594 INFO  cn.edu.tsinghua.iot.benchmark.mode.BaseMode:102 - DataClientService-thread-6 35.30% workload is done. 
2026-06-01 17:27:15,594 INFO  cn.edu.tsinghua.iot.benchmark.mode.BaseMode:102 - DataClientService-thread-7 35.40% workload is done. 
2026-06-01 17:27:15,594 INFO  cn.edu.tsinghua.iot.benchmark.mode.BaseMode:102 - DataClientService-thread-8 34.40% workload is done. 
2026-06-01 17:27:15,594 INFO  cn.edu.tsinghua.iot.benchmark.mode.BaseMode:102 - DataClientService-thread-9 33.70% workload is done. 
2026-06-01 17:27:15,594 INFO  cn.edu.tsinghua.iot.benchmark.mode.BaseMode:102 - DataClientService-thread-10 34.20% workload is done. 
2026-06-01 17:27:20,594 INFO  cn.edu.tsinghua.iot.benchmark.mode.BaseMode:102 - DataClientService-thread-1 35.20% workload is done. 
2026-06-01 17:27:20,594 INFO  cn.edu.tsinghua.iot.benchmark.mode.BaseMode:102 - DataClientService-thread-2 34.50% workload is done. 
2026-06-01 17:27:20,594 INFO  cn.edu.tsinghua.iot.benchmark.mode.BaseMode:102 - DataClientService-thread-3 34.50% workload is done. 
2026-06-01 17:27:20,594 INFO  cn.edu.tsinghua.iot.benchmark.mode.BaseMode:102 - DataClientService-thread-4 35.50% workload is done. 
2026-06-01 17:27:20,594 INFO  cn.edu.tsinghua.iot.benchmark.mode.BaseMode:102 - DataClientService-thread-5 35.00% workload is done. 
2026-06-01 17:27:20,594 INFO  cn.edu.tsinghua.iot.benchmark.mode.BaseMode:102 - DataClientService-thread-6 35.50% workload is done. 
2026-06-01 17:27:20,594 INFO  cn.edu.tsinghua.iot.benchmark.mode.BaseMode:102 - DataClientService-thread-7 35.70% workload is done. 
2026-06-01 17:27:20,594 INFO  cn.edu.tsinghua.iot.benchmark.mode.BaseMode:102 - DataClientService-thread-8 34.70% workload is done. 
2026-06-01 17:27:20,594 INFO  cn.edu.tsinghua.iot.benchmark.mode.BaseMode:102 - DataClientService-thread-9 33.90% workload is done. 
2026-06-01 17:27:20,594 INFO  cn.edu.tsinghua.iot.benchmark.mode.BaseMode:102 - DataClientService-thread-10 34.40% workload is done. 
2026-06-01 17:27:25,594 INFO  cn.edu.tsinghua.iot.benchmark.mode.BaseMode:102 - DataClientService-thread-1 35.60% workload is done. 
2026-06-01 17:27:25,594 INFO  cn.edu.tsinghua.iot.benchmark.mode.BaseMode:102 - DataClientService-thread-2 34.80% workload is done. 
2026-06-01 17:27:25,594 INFO  cn.edu.tsinghua.iot.benchmark.mode.BaseMode:102 - DataClientService-thread-3 34.70% workload is done. 
2026-06-01 17:27:25,594 INFO  cn.edu.tsinghua.iot.benchmark.mode.BaseMode:102 - DataClientService-thread-4 35.90% workload is done. 
2026-06-01 17:27:25,594 INFO  cn.edu.tsinghua.iot.benchmark.mode.BaseMode:102 - DataClientService-thread-5 35.20% workload is done. 
2026-06-01 17:27:25,594 INFO  cn.edu.tsinghua.iot.benchmark.mode.BaseMode:102 - DataClientService-thread-6 35.90% workload is done. 
2026-06-01 17:27:25,594 INFO  cn.edu.tsinghua.iot.benchmark.mode.BaseMode:102 - DataClientService-thread-7 35.90% workload is done. 
2026-06-01 17:27:25,594 INFO  cn.edu.tsinghua.iot.benchmark.mode.BaseMode:102 - DataClientService-thread-8 34.90% workload is done. 
2026-06-01 17:27:25,594 INFO  cn.edu.tsinghua.iot.benchmark.mode.BaseMode:102 - DataClientService-thread-9 34.20% workload is done. 
2026-06-01 17:27:25,594 INFO  cn.edu.tsinghua.iot.benchmark.mode.BaseMode:102 - DataClientService-thread-10 34.70% workload is done. 
2026-06-01 17:27:30,594 INFO  cn.edu.tsinghua.iot.benchmark.mode.BaseMode:102 - DataClientService-thread-1 35.80% workload is done. 
2026-06-01 17:27:30,594 INFO  cn.edu.tsinghua.iot.benchmark.mode.BaseMode:102 - DataClientService-thread-2 35.00% workload is done. 
2026-06-01 17:27:30,594 INFO  cn.edu.tsinghua.iot.benchmark.mode.BaseMode:102 - DataClientService-thread-3 35.00% workload is done. 
2026-06-01 17:27:30,594 INFO  cn.edu.tsinghua.iot.benchmark.mode.BaseMode:102 - DataClientService-thread-4 36.10% workload is done. 
2026-06-01 17:27:30,594 INFO  cn.edu.tsinghua.iot.benchmark.mode.BaseMode:102 - DataClientService-thread-5 35.50% workload is done. 
2026-06-01 17:27:30,594 INFO  cn.edu.tsinghua.iot.benchmark.mode.BaseMode:102 - DataClientService-thread-6 36.10% workload is done. 
2026-06-01 17:27:30,594 INFO  cn.edu.tsinghua.iot.benchmark.mode.BaseMode:102 - DataClientService-thread-7 36.20% workload is done. 
2026-06-01 17:27:30,594 INFO  cn.edu.tsinghua.iot.benchmark.mode.BaseMode:102 - DataClientService-thread-8 35.20% workload is done. 
2026-06-01 17:27:30,594 INFO  cn.edu.tsinghua.iot.benchmark.mode.BaseMode:102 - DataClientService-thread-9 34.40% workload is done. 
2026-06-01 17:27:30,594 INFO  cn.edu.tsinghua.iot.benchmark.mode.BaseMode:102 - DataClientService-thread-10 34.90% workload is done. 
2026-06-01 17:27:35,594 INFO  cn.edu.tsinghua.iot.benchmark.mode.BaseMode:102 - DataClientService-thread-1 36.10% workload is done. 
2026-06-01 17:27:35,594 INFO  cn.edu.tsinghua.iot.benchmark.mode.BaseMode:102 - DataClientService-thread-2 35.30% workload is done. 
2026-06-01 17:27:35,594 INFO  cn.edu.tsinghua.iot.benchmark.mode.BaseMode:102 - DataClientService-thread-3 35.30% workload is done. 
2026-06-01 17:27:35,594 INFO  cn.edu.tsinghua.iot.benchmark.mode.BaseMode:102 - DataClientService-thread-4 36.40% workload is done. 
2026-06-01 17:27:35,594 INFO  cn.edu.tsinghua.iot.benchmark.mode.BaseMode:102 - DataClientService-thread-5 35.80% workload is done. 
2026-06-01 17:27:35,594 INFO  cn.edu.tsinghua.iot.benchmark.mode.BaseMode:102 - DataClientService-thread-6 36.40% workload is done. 
2026-06-01 17:27:35,594 INFO  cn.edu.tsinghua.iot.benchmark.mode.BaseMode:102 - DataClientService-thread-7 36.40% workload is done. 
2026-06-01 17:27:35,594 INFO  cn.edu.tsinghua.iot.benchmark.mode.BaseMode:102 - DataClientService-thread-8 35.40% workload is done. 
2026-06-01 17:27:35,594 INFO  cn.edu.tsinghua.iot.benchmark.mode.BaseMode:102 - DataClientService-thread-9 34.70% workload is done. 
2026-06-01 17:27:35,594 INFO  cn.edu.tsinghua.iot.benchmark.mode.BaseMode:102 - DataClientService-thread-10 35.20% workload is done. 
2026-06-01 17:27:40,594 INFO  cn.edu.tsinghua.iot.benchmark.mode.BaseMode:102 - DataClientService-thread-1 36.30% workload is done. 
2026-06-01 17:27:40,594 INFO  cn.edu.tsinghua.iot.benchmark.mode.BaseMode:102 - DataClientService-thread-2 35.80% workload is done. 
2026-06-01 17:27:40,594 INFO  cn.edu.tsinghua.iot.benchmark.mode.BaseMode:102 - DataClientService-thread-3 35.60% workload is done. 
2026-06-01 17:27:40,594 INFO  cn.edu.tsinghua.iot.benchmark.mode.BaseMode:102 - DataClientService-thread-4 36.60% workload is done. 
2026-06-01 17:27:40,594 INFO  cn.edu.tsinghua.iot.benchmark.mode.BaseMode:102 - DataClientService-thread-5 36.10% workload is done. 
2026-06-01 17:27:40,594 INFO  cn.edu.tsinghua.iot.benchmark.mode.BaseMode:102 - DataClientService-thread-6 36.60% workload is done. 
2026-06-01 17:27:40,594 INFO  cn.edu.tsinghua.iot.benchmark.mode.BaseMode:102 - DataClientService-thread-7 36.70% workload is done. 
2026-06-01 17:27:40,594 INFO  cn.edu.tsinghua.iot.benchmark.mode.BaseMode:102 - DataClientService-thread-8 35.80% workload is done. 
2026-06-01 17:27:40,594 INFO  cn.edu.tsinghua.iot.benchmark.mode.BaseMode:102 - DataClientService-thread-9 34.90% workload is done. 
2026-06-01 17:27:40,594 INFO  cn.edu.tsinghua.iot.benchmark.mode.BaseMode:102 - DataClientService-thread-10 35.40% workload is done. 
2026-06-01 17:27:45,594 INFO  cn.edu.tsinghua.iot.benchmark.mode.BaseMode:102 - DataClientService-thread-1 36.70% workload is done. 
2026-06-01 17:27:45,594 INFO  cn.edu.tsinghua.iot.benchmark.mode.BaseMode:102 - DataClientService-thread-2 36.10% workload is done. 
2026-06-01 17:27:45,594 INFO  cn.edu.tsinghua.iot.benchmark.mode.BaseMode:102 - DataClientService-thread-3 35.90% workload is done. 
2026-06-01 17:27:45,594 INFO  cn.edu.tsinghua.iot.benchmark.mode.BaseMode:102 - DataClientService-thread-4 37.00% workload is done. 
2026-06-01 17:27:45,594 INFO  cn.edu.tsinghua.iot.benchmark.mode.BaseMode:102 - DataClientService-thread-5 36.30% workload is done. 
2026-06-01 17:27:45,594 INFO  cn.edu.tsinghua.iot.benchmark.mode.BaseMode:102 - DataClientService-thread-6 36.90% workload is done. 
2026-06-01 17:27:45,594 INFO  cn.edu.tsinghua.iot.benchmark.mode.BaseMode:102 - DataClientService-thread-7 37.10% workload is done. 
2026-06-01 17:27:45,594 INFO  cn.edu.tsinghua.iot.benchmark.mode.BaseMode:102 - DataClientService-thread-8 36.00% workload is done. 
2026-06-01 17:27:45,594 INFO  cn.edu.tsinghua.iot.benchmark.mode.BaseMode:102 - DataClientService-thread-9 35.20% workload is done. 
2026-06-01 17:27:45,594 INFO  cn.edu.tsinghua.iot.benchmark.mode.BaseMode:102 - DataClientService-thread-10 35.60% workload is done. 
2026-06-01 17:27:50,594 INFO  cn.edu.tsinghua.iot.benchmark.mode.BaseMode:102 - DataClientService-thread-1 36.90% workload is done. 
2026-06-01 17:27:50,594 INFO  cn.edu.tsinghua.iot.benchmark.mode.BaseMode:102 - DataClientService-thread-2 36.40% workload is done. 
2026-06-01 17:27:50,594 INFO  cn.edu.tsinghua.iot.benchmark.mode.BaseMode:102 - DataClientService-thread-3 36.20% workload is done. 
2026-06-01 17:27:50,594 INFO  cn.edu.tsinghua.iot.benchmark.mode.BaseMode:102 - DataClientService-thread-4 37.20% workload is done. 
2026-06-01 17:27:50,594 INFO  cn.edu.tsinghua.iot.benchmark.mode.BaseMode:102 - DataClientService-thread-5 36.60% workload is done. 
2026-06-01 17:27:50,594 INFO  cn.edu.tsinghua.iot.benchmark.mode.BaseMode:102 - DataClientService-thread-6 37.20% workload is done. 
2026-06-01 17:27:50,594 INFO  cn.edu.tsinghua.iot.benchmark.mode.BaseMode:102 - DataClientService-thread-7 37.30% workload is done. 
2026-06-01 17:27:50,594 INFO  cn.edu.tsinghua.iot.benchmark.mode.BaseMode:102 - DataClientService-thread-8 36.40% workload is done. 
2026-06-01 17:27:50,594 INFO  cn.edu.tsinghua.iot.benchmark.mode.BaseMode:102 - DataClientService-thread-9 35.40% workload is done. 
2026-06-01 17:27:50,594 INFO  cn.edu.tsinghua.iot.benchmark.mode.BaseMode:102 - DataClientService-thread-10 35.90% workload is done. 
2026-06-01 17:27:55,594 INFO  cn.edu.tsinghua.iot.benchmark.mode.BaseMode:102 - DataClientService-thread-1 37.40% workload is done. 
2026-06-01 17:27:55,594 INFO  cn.edu.tsinghua.iot.benchmark.mode.BaseMode:102 - DataClientService-thread-2 36.60% workload is done. 
2026-06-01 17:27:55,594 INFO  cn.edu.tsinghua.iot.benchmark.mode.BaseMode:102 - DataClientService-thread-3 36.40% workload is done. 
2026-06-01 17:27:55,594 INFO  cn.edu.tsinghua.iot.benchmark.mode.BaseMode:102 - DataClientService-thread-4 37.50% workload is done. 
2026-06-01 17:27:55,594 INFO  cn.edu.tsinghua.iot.benchmark.mode.BaseMode:102 - DataClientService-thread-5 36.80% workload is done. 
2026-06-01 17:27:55,594 INFO  cn.edu.tsinghua.iot.benchmark.mode.BaseMode:102 - DataClientService-thread-6 37.50% workload is done. 
2026-06-01 17:27:55,594 INFO  cn.edu.tsinghua.iot.benchmark.mode.BaseMode:102 - DataClientService-thread-7 37.60% workload is done. 
2026-06-01 17:27:55,594 INFO  cn.edu.tsinghua.iot.benchmark.mode.BaseMode:102 - DataClientService-thread-8 36.60% workload is done. 
2026-06-01 17:27:55,594 INFO  cn.edu.tsinghua.iot.benchmark.mode.BaseMode:102 - DataClientService-thread-9 35.70% workload is done. 
2026-06-01 17:27:55,594 INFO  cn.edu.tsinghua.iot.benchmark.mode.BaseMode:102 - DataClientService-thread-10 36.10% workload is done. 
2026-06-01 17:28:00,594 INFO  cn.edu.tsinghua.iot.benchmark.mode.BaseMode:102 - DataClientService-thread-1 37.60% workload is done. 
2026-06-01 17:28:00,594 INFO  cn.edu.tsinghua.iot.benchmark.mode.BaseMode:102 - DataClientService-thread-2 36.90% workload is done. 
2026-06-01 17:28:00,594 INFO  cn.edu.tsinghua.iot.benchmark.mode.BaseMode:102 - DataClientService-thread-3 36.70% workload is done. 
2026-06-01 17:28:00,594 INFO  cn.edu.tsinghua.iot.benchmark.mode.BaseMode:102 - DataClientService-thread-4 37.70% workload is done. 
2026-06-01 17:28:00,594 INFO  cn.edu.tsinghua.iot.benchmark.mode.BaseMode:102 - DataClientService-thread-5 37.10% workload is done. 
2026-06-01 17:28:00,594 INFO  cn.edu.tsinghua.iot.benchmark.mode.BaseMode:102 - DataClientService-thread-6 37.80% workload is done. 
2026-06-01 17:28:00,594 INFO  cn.edu.tsinghua.iot.benchmark.mode.BaseMode:102 - DataClientService-thread-7 37.80% workload is done. 
2026-06-01 17:28:00,594 INFO  cn.edu.tsinghua.iot.benchmark.mode.BaseMode:102 - DataClientService-thread-8 36.90% workload is done. 
2026-06-01 17:28:00,594 INFO  cn.edu.tsinghua.iot.benchmark.mode.BaseMode:102 - DataClientService-thread-9 35.90% workload is done. 
2026-06-01 17:28:00,594 INFO  cn.edu.tsinghua.iot.benchmark.mode.BaseMode:102 - DataClientService-thread-10 36.40% workload is done. 
2026-06-01 17:28:05,594 INFO  cn.edu.tsinghua.iot.benchmark.mode.BaseMode:102 - DataClientService-thread-1 38.00% workload is done. 
2026-06-01 17:28:05,594 INFO  cn.edu.tsinghua.iot.benchmark.mode.BaseMode:102 - DataClientService-thread-2 37.10% workload is done. 
2026-06-01 17:28:05,594 INFO  cn.edu.tsinghua.iot.benchmark.mode.BaseMode:102 - DataClientService-thread-3 36.90% workload is done. 
2026-06-01 17:28:05,594 INFO  cn.edu.tsinghua.iot.benchmark.mode.BaseMode:102 - DataClientService-thread-4 38.00% workload is done. 
2026-06-01 17:28:05,594 INFO  cn.edu.tsinghua.iot.benchmark.mode.BaseMode:102 - DataClientService-thread-5 37.30% workload is done. 
2026-06-01 17:28:05,594 INFO  cn.edu.tsinghua.iot.benchmark.mode.BaseMode:102 - DataClientService-thread-6 38.10% workload is done. 
2026-06-01 17:28:05,594 INFO  cn.edu.tsinghua.iot.benchmark.mode.BaseMode:102 - DataClientService-thread-7 38.10% workload is done. 
2026-06-01 17:28:05,594 INFO  cn.edu.tsinghua.iot.benchmark.mode.BaseMode:102 - DataClientService-thread-8 37.10% workload is done. 
2026-06-01 17:28:05,594 INFO  cn.edu.tsinghua.iot.benchmark.mode.BaseMode:102 - DataClientService-thread-9 36.30% workload is done. 
2026-06-01 17:28:05,594 INFO  cn.edu.tsinghua.iot.benchmark.mode.BaseMode:102 - DataClientService-thread-10 36.60% workload is done. 
2026-06-01 17:28:10,594 INFO  cn.edu.tsinghua.iot.benchmark.mode.BaseMode:102 - DataClientService-thread-1 38.30% workload is done. 
2026-06-01 17:28:10,594 INFO  cn.edu.tsinghua.iot.benchmark.mode.BaseMode:102 - DataClientService-thread-2 37.50% workload is done. 
2026-06-01 17:28:10,594 INFO  cn.edu.tsinghua.iot.benchmark.mode.BaseMode:102 - DataClientService-thread-3 37.20% workload is done. 
2026-06-01 17:28:10,594 INFO  cn.edu.tsinghua.iot.benchmark.mode.BaseMode:102 - DataClientService-thread-4 38.20% workload is done. 
2026-06-01 17:28:10,594 INFO  cn.edu.tsinghua.iot.benchmark.mode.BaseMode:102 - DataClientService-thread-5 37.60% workload is done. 
2026-06-01 17:28:10,594 INFO  cn.edu.tsinghua.iot.benchmark.mode.BaseMode:102 - DataClientService-thread-6 38.40% workload is done. 
2026-06-01 17:28:10,594 INFO  cn.edu.tsinghua.iot.benchmark.mode.BaseMode:102 - DataClientService-thread-7 38.30% workload is done. 
2026-06-01 17:28:10,594 INFO  cn.edu.tsinghua.iot.benchmark.mode.BaseMode:102 - DataClientService-thread-8 37.40% workload is done. 
2026-06-01 17:28:10,594 INFO  cn.edu.tsinghua.iot.benchmark.mode.BaseMode:102 - DataClientService-thread-9 36.60% workload is done. 
2026-06-01 17:28:10,594 INFO  cn.edu.tsinghua.iot.benchmark.mode.BaseMode:102 - DataClientService-thread-10 36.90% workload is done. 
2026-06-01 17:28:15,594 INFO  cn.edu.tsinghua.iot.benchmark.mode.BaseMode:102 - DataClientService-thread-1 38.60% workload is done. 
2026-06-01 17:28:15,594 INFO  cn.edu.tsinghua.iot.benchmark.mode.BaseMode:102 - DataClientService-thread-2 37.70% workload is done. 
2026-06-01 17:28:15,594 INFO  cn.edu.tsinghua.iot.benchmark.mode.BaseMode:102 - DataClientService-thread-3 37.40% workload is done. 
2026-06-01 17:28:15,594 INFO  cn.edu.tsinghua.iot.benchmark.mode.BaseMode:102 - DataClientService-thread-4 38.50% workload is done. 
2026-06-01 17:28:15,594 INFO  cn.edu.tsinghua.iot.benchmark.mode.BaseMode:102 - DataClientService-thread-5 37.80% workload is done. 
2026-06-01 17:28:15,594 INFO  cn.edu.tsinghua.iot.benchmark.mode.BaseMode:102 - DataClientService-thread-6 38.60% workload is done. 
2026-06-01 17:28:15,594 INFO  cn.edu.tsinghua.iot.benchmark.mode.BaseMode:102 - DataClientService-thread-7 38.70% workload is done. 
2026-06-01 17:28:15,594 INFO  cn.edu.tsinghua.iot.benchmark.mode.BaseMode:102 - DataClientService-thread-8 37.70% workload is done. 
2026-06-01 17:28:15,594 INFO  cn.edu.tsinghua.iot.benchmark.mode.BaseMode:102 - DataClientService-thread-9 37.00% workload is done. 
2026-06-01 17:28:15,594 INFO  cn.edu.tsinghua.iot.benchmark.mode.BaseMode:102 - DataClientService-thread-10 37.20% workload is done. 
2026-06-01 17:28:20,594 INFO  cn.edu.tsinghua.iot.benchmark.mode.BaseMode:102 - DataClientService-thread-1 38.80% workload is done. 
2026-06-01 17:28:20,594 INFO  cn.edu.tsinghua.iot.benchmark.mode.BaseMode:102 - DataClientService-thread-2 38.00% workload is done. 
2026-06-01 17:28:20,594 INFO  cn.edu.tsinghua.iot.benchmark.mode.BaseMode:102 - DataClientService-thread-3 37.80% workload is done. 
2026-06-01 17:28:20,594 INFO  cn.edu.tsinghua.iot.benchmark.mode.BaseMode:102 - DataClientService-thread-4 38.70% workload is done. 
2026-06-01 17:28:20,594 INFO  cn.edu.tsinghua.iot.benchmark.mode.BaseMode:102 - DataClientService-thread-5 38.10% workload is done. 
2026-06-01 17:28:20,594 INFO  cn.edu.tsinghua.iot.benchmark.mode.BaseMode:102 - DataClientService-thread-6 38.90% workload is done. 
2026-06-01 17:28:20,594 INFO  cn.edu.tsinghua.iot.benchmark.mode.BaseMode:102 - DataClientService-thread-7 38.90% workload is done. 
2026-06-01 17:28:20,594 INFO  cn.edu.tsinghua.iot.benchmark.mode.BaseMode:102 - DataClientService-thread-8 38.00% workload is done. 
2026-06-01 17:28:20,594 INFO  cn.edu.tsinghua.iot.benchmark.mode.BaseMode:102 - DataClientService-thread-9 37.20% workload is done. 
2026-06-01 17:28:20,594 INFO  cn.edu.tsinghua.iot.benchmark.mode.BaseMode:102 - DataClientService-thread-10 37.60% workload is done. 
2026-06-01 17:28:25,594 INFO  cn.edu.tsinghua.iot.benchmark.mode.BaseMode:102 - DataClientService-thread-1 39.10% workload is done. 
2026-06-01 17:28:25,595 INFO  cn.edu.tsinghua.iot.benchmark.mode.BaseMode:102 - DataClientService-thread-2 38.20% workload is done. 
2026-06-01 17:28:25,595 INFO  cn.edu.tsinghua.iot.benchmark.mode.BaseMode:102 - DataClientService-thread-3 38.00% workload is done. 
2026-06-01 17:28:25,595 INFO  cn.edu.tsinghua.iot.benchmark.mode.BaseMode:102 - DataClientService-thread-4 39.20% workload is done. 
2026-06-01 17:28:25,595 INFO  cn.edu.tsinghua.iot.benchmark.mode.BaseMode:102 - DataClientService-thread-5 38.30% workload is done. 
2026-06-01 17:28:25,596 INFO  cn.edu.tsinghua.iot.benchmark.mode.BaseMode:102 - DataClientService-thread-6 39.10% workload is done. 
2026-06-01 17:28:25,596 INFO  cn.edu.tsinghua.iot.benchmark.mode.BaseMode:102 - DataClientService-thread-7 39.20% workload is done. 
2026-06-01 17:28:25,596 INFO  cn.edu.tsinghua.iot.benchmark.mode.BaseMode:102 - DataClientService-thread-8 38.20% workload is done. 
2026-06-01 17:28:25,596 INFO  cn.edu.tsinghua.iot.benchmark.mode.BaseMode:102 - DataClientService-thread-9 37.50% workload is done. 
2026-06-01 17:28:25,596 INFO  cn.edu.tsinghua.iot.benchmark.mode.BaseMode:102 - DataClientService-thread-10 37.90% workload is done. 
2026-06-01 17:28:30,594 INFO  cn.edu.tsinghua.iot.benchmark.mode.BaseMode:102 - DataClientService-thread-1 39.30% workload is done. 
2026-06-01 17:28:30,594 INFO  cn.edu.tsinghua.iot.benchmark.mode.BaseMode:102 - DataClientService-thread-2 38.50% workload is done. 
2026-06-01 17:28:30,594 INFO  cn.edu.tsinghua.iot.benchmark.mode.BaseMode:102 - DataClientService-thread-3 38.40% workload is done. 
2026-06-01 17:28:30,594 INFO  cn.edu.tsinghua.iot.benchmark.mode.BaseMode:102 - DataClientService-thread-4 39.40% workload is done. 
2026-06-01 17:28:30,594 INFO  cn.edu.tsinghua.iot.benchmark.mode.BaseMode:102 - DataClientService-thread-5 38.60% workload is done. 
2026-06-01 17:28:30,594 INFO  cn.edu.tsinghua.iot.benchmark.mode.BaseMode:102 - DataClientService-thread-6 39.50% workload is done. 
2026-06-01 17:28:30,594 INFO  cn.edu.tsinghua.iot.benchmark.mode.BaseMode:102 - DataClientService-thread-7 39.40% workload is done. 
2026-06-01 17:28:30,594 INFO  cn.edu.tsinghua.iot.benchmark.mode.BaseMode:102 - DataClientService-thread-8 38.50% workload is done. 
2026-06-01 17:28:30,594 INFO  cn.edu.tsinghua.iot.benchmark.mode.BaseMode:102 - DataClientService-thread-9 37.70% workload is done. 
2026-06-01 17:28:30,594 INFO  cn.edu.tsinghua.iot.benchmark.mode.BaseMode:102 - DataClientService-thread-10 38.20% workload is done. 
2026-06-01 17:28:35,594 INFO  cn.edu.tsinghua.iot.benchmark.mode.BaseMode:102 - DataClientService-thread-1 39.70% workload is done. 
2026-06-01 17:28:35,594 INFO  cn.edu.tsinghua.iot.benchmark.mode.BaseMode:102 - DataClientService-thread-2 38.70% workload is done. 
2026-06-01 17:28:35,594 INFO  cn.edu.tsinghua.iot.benchmark.mode.BaseMode:102 - DataClientService-thread-3 38.60% workload is done. 
2026-06-01 17:28:35,594 INFO  cn.edu.tsinghua.iot.benchmark.mode.BaseMode:102 - DataClientService-thread-4 39.70% workload is done. 
2026-06-01 17:28:35,594 INFO  cn.edu.tsinghua.iot.benchmark.mode.BaseMode:102 - DataClientService-thread-5 38.80% workload is done. 
2026-06-01 17:28:35,594 INFO  cn.edu.tsinghua.iot.benchmark.mode.BaseMode:102 - DataClientService-thread-6 39.70% workload is done. 
2026-06-01 17:28:35,594 INFO  cn.edu.tsinghua.iot.benchmark.mode.BaseMode:102 - DataClientService-thread-7 39.70% workload is done. 
2026-06-01 17:28:35,594 INFO  cn.edu.tsinghua.iot.benchmark.mode.BaseMode:102 - DataClientService-thread-8 38.70% workload is done. 
2026-06-01 17:28:35,594 INFO  cn.edu.tsinghua.iot.benchmark.mode.BaseMode:102 - DataClientService-thread-9 38.00% workload is done. 
2026-06-01 17:28:35,594 INFO  cn.edu.tsinghua.iot.benchmark.mode.BaseMode:102 - DataClientService-thread-10 38.50% workload is done. 
2026-06-01 17:28:40,594 INFO  cn.edu.tsinghua.iot.benchmark.mode.BaseMode:102 - DataClientService-thread-1 39.90% workload is done. 
2026-06-01 17:28:40,594 INFO  cn.edu.tsinghua.iot.benchmark.mode.BaseMode:102 - DataClientService-thread-2 39.00% workload is done. 
2026-06-01 17:28:40,594 INFO  cn.edu.tsinghua.iot.benchmark.mode.BaseMode:102 - DataClientService-thread-3 38.90% workload is done. 
2026-06-01 17:28:40,594 INFO  cn.edu.tsinghua.iot.benchmark.mode.BaseMode:102 - DataClientService-thread-4 39.90% workload is done. 
2026-06-01 17:28:40,594 INFO  cn.edu.tsinghua.iot.benchmark.mode.BaseMode:102 - DataClientService-thread-5 39.10% workload is done. 
2026-06-01 17:28:40,594 INFO  cn.edu.tsinghua.iot.benchmark.mode.BaseMode:102 - DataClientService-thread-6 40.00% workload is done. 
2026-06-01 17:28:40,594 INFO  cn.edu.tsinghua.iot.benchmark.mode.BaseMode:102 - DataClientService-thread-7 39.90% workload is done. 
2026-06-01 17:28:40,594 INFO  cn.edu.tsinghua.iot.benchmark.mode.BaseMode:102 - DataClientService-thread-8 39.00% workload is done. 
2026-06-01 17:28:40,594 INFO  cn.edu.tsinghua.iot.benchmark.mode.BaseMode:102 - DataClientService-thread-9 38.20% workload is done. 
2026-06-01 17:28:40,594 INFO  cn.edu.tsinghua.iot.benchmark.mode.BaseMode:102 - DataClientService-thread-10 38.90% workload is done. 
2026-06-01 17:28:45,594 INFO  cn.edu.tsinghua.iot.benchmark.mode.BaseMode:102 - DataClientService-thread-1 40.20% workload is done. 
2026-06-01 17:28:45,594 INFO  cn.edu.tsinghua.iot.benchmark.mode.BaseMode:102 - DataClientService-thread-2 39.30% workload is done. 
2026-06-01 17:28:45,594 INFO  cn.edu.tsinghua.iot.benchmark.mode.BaseMode:102 - DataClientService-thread-3 39.10% workload is done. 
2026-06-01 17:28:45,594 INFO  cn.edu.tsinghua.iot.benchmark.mode.BaseMode:102 - DataClientService-thread-4 40.30% workload is done. 
2026-06-01 17:28:45,594 INFO  cn.edu.tsinghua.iot.benchmark.mode.BaseMode:102 - DataClientService-thread-5 39.30% workload is done. 
2026-06-01 17:28:45,594 INFO  cn.edu.tsinghua.iot.benchmark.mode.BaseMode:102 - DataClientService-thread-6 40.30% workload is done. 
2026-06-01 17:28:45,594 INFO  cn.edu.tsinghua.iot.benchmark.mode.BaseMode:102 - DataClientService-thread-7 40.20% workload is done. 
2026-06-01 17:28:45,594 INFO  cn.edu.tsinghua.iot.benchmark.mode.BaseMode:102 - DataClientService-thread-8 39.40% workload is done. 
2026-06-01 17:28:45,594 INFO  cn.edu.tsinghua.iot.benchmark.mode.BaseMode:102 - DataClientService-thread-9 38.40% workload is done. 
2026-06-01 17:28:45,594 INFO  cn.edu.tsinghua.iot.benchmark.mode.BaseMode:102 - DataClientService-thread-10 39.10% workload is done. 
2026-06-01 17:28:50,594 INFO  cn.edu.tsinghua.iot.benchmark.mode.BaseMode:102 - DataClientService-thread-1 40.40% workload is done. 
2026-06-01 17:28:50,594 INFO  cn.edu.tsinghua.iot.benchmark.mode.BaseMode:102 - DataClientService-thread-2 39.80% workload is done. 
2026-06-01 17:28:50,594 INFO  cn.edu.tsinghua.iot.benchmark.mode.BaseMode:102 - DataClientService-thread-3 39.50% workload is done. 
2026-06-01 17:28:50,594 INFO  cn.edu.tsinghua.iot.benchmark.mode.BaseMode:102 - DataClientService-thread-4 40.50% workload is done. 
2026-06-01 17:28:50,594 INFO  cn.edu.tsinghua.iot.benchmark.mode.BaseMode:102 - DataClientService-thread-5 39.60% workload is done. 
2026-06-01 17:28:50,594 INFO  cn.edu.tsinghua.iot.benchmark.mode.BaseMode:102 - DataClientService-thread-6 40.60% workload is done. 
2026-06-01 17:28:50,594 INFO  cn.edu.tsinghua.iot.benchmark.mode.BaseMode:102 - DataClientService-thread-7 40.40% workload is done. 
2026-06-01 17:28:50,594 INFO  cn.edu.tsinghua.iot.benchmark.mode.BaseMode:102 - DataClientService-thread-8 39.70% workload is done. 
2026-06-01 17:28:50,594 INFO  cn.edu.tsinghua.iot.benchmark.mode.BaseMode:102 - DataClientService-thread-9 38.70% workload is done. 
2026-06-01 17:28:50,594 INFO  cn.edu.tsinghua.iot.benchmark.mode.BaseMode:102 - DataClientService-thread-10 39.60% workload is done. 
2026-06-01 17:28:55,594 INFO  cn.edu.tsinghua.iot.benchmark.mode.BaseMode:102 - DataClientService-thread-1 40.70% workload is done. 
2026-06-01 17:28:55,594 INFO  cn.edu.tsinghua.iot.benchmark.mode.BaseMode:102 - DataClientService-thread-2 40.00% workload is done. 
2026-06-01 17:28:55,594 INFO  cn.edu.tsinghua.iot.benchmark.mode.BaseMode:102 - DataClientService-thread-3 39.70% workload is done. 
2026-06-01 17:28:55,594 INFO  cn.edu.tsinghua.iot.benchmark.mode.BaseMode:102 - DataClientService-thread-4 40.80% workload is done. 
2026-06-01 17:28:55,594 INFO  cn.edu.tsinghua.iot.benchmark.mode.BaseMode:102 - DataClientService-thread-5 39.80% workload is done. 
2026-06-01 17:28:55,594 INFO  cn.edu.tsinghua.iot.benchmark.mode.BaseMode:102 - DataClientService-thread-6 40.90% workload is done. 
2026-06-01 17:28:55,594 INFO  cn.edu.tsinghua.iot.benchmark.mode.BaseMode:102 - DataClientService-thread-7 40.70% workload is done. 
2026-06-01 17:28:55,594 INFO  cn.edu.tsinghua.iot.benchmark.mode.BaseMode:102 - DataClientService-thread-8 39.90% workload is done. 
2026-06-01 17:28:55,594 INFO  cn.edu.tsinghua.iot.benchmark.mode.BaseMode:102 - DataClientService-thread-9 39.00% workload is done. 
2026-06-01 17:28:55,594 INFO  cn.edu.tsinghua.iot.benchmark.mode.BaseMode:102 - DataClientService-thread-10 39.80% workload is done. 
2026-06-01 17:29:00,594 INFO  cn.edu.tsinghua.iot.benchmark.mode.BaseMode:102 - DataClientService-thread-1 40.90% workload is done. 
2026-06-01 17:29:00,594 INFO  cn.edu.tsinghua.iot.benchmark.mode.BaseMode:102 - DataClientService-thread-2 40.30% workload is done. 
2026-06-01 17:29:00,594 INFO  cn.edu.tsinghua.iot.benchmark.mode.BaseMode:102 - DataClientService-thread-3 40.00% workload is done. 
2026-06-01 17:29:00,594 INFO  cn.edu.tsinghua.iot.benchmark.mode.BaseMode:102 - DataClientService-thread-4 41.00% workload is done. 
2026-06-01 17:29:00,594 INFO  cn.edu.tsinghua.iot.benchmark.mode.BaseMode:102 - DataClientService-thread-5 40.10% workload is done. 
2026-06-01 17:29:00,594 INFO  cn.edu.tsinghua.iot.benchmark.mode.BaseMode:102 - DataClientService-thread-6 41.00% workload is done. 
2026-06-01 17:29:00,594 INFO  cn.edu.tsinghua.iot.benchmark.mode.BaseMode:102 - DataClientService-thread-7 40.90% workload is done. 
2026-06-01 17:29:00,594 INFO  cn.edu.tsinghua.iot.benchmark.mode.BaseMode:102 - DataClientService-thread-8 40.20% workload is done. 
2026-06-01 17:29:00,594 INFO  cn.edu.tsinghua.iot.benchmark.mode.BaseMode:102 - DataClientService-thread-9 39.30% workload is done. 
2026-06-01 17:29:00,594 INFO  cn.edu.tsinghua.iot.benchmark.mode.BaseMode:102 - DataClientService-thread-10 40.00% workload is done. 
2026-06-01 17:29:05,594 INFO  cn.edu.tsinghua.iot.benchmark.mode.BaseMode:102 - DataClientService-thread-1 41.30% workload is done. 
2026-06-01 17:29:05,594 INFO  cn.edu.tsinghua.iot.benchmark.mode.BaseMode:102 - DataClientService-thread-2 40.50% workload is done. 
2026-06-01 17:29:05,594 INFO  cn.edu.tsinghua.iot.benchmark.mode.BaseMode:102 - DataClientService-thread-3 40.20% workload is done. 
2026-06-01 17:29:05,594 INFO  cn.edu.tsinghua.iot.benchmark.mode.BaseMode:102 - DataClientService-thread-4 41.40% workload is done. 
2026-06-01 17:29:05,594 INFO  cn.edu.tsinghua.iot.benchmark.mode.BaseMode:102 - DataClientService-thread-5 40.30% workload is done. 
2026-06-01 17:29:05,594 INFO  cn.edu.tsinghua.iot.benchmark.mode.BaseMode:102 - DataClientService-thread-6 41.30% workload is done. 
2026-06-01 17:29:05,594 INFO  cn.edu.tsinghua.iot.benchmark.mode.BaseMode:102 - DataClientService-thread-7 41.10% workload is done. 
2026-06-01 17:29:05,594 INFO  cn.edu.tsinghua.iot.benchmark.mode.BaseMode:102 - DataClientService-thread-8 40.40% workload is done. 
2026-06-01 17:29:05,594 INFO  cn.edu.tsinghua.iot.benchmark.mode.BaseMode:102 - DataClientService-thread-9 39.50% workload is done. 
2026-06-01 17:29:05,594 INFO  cn.edu.tsinghua.iot.benchmark.mode.BaseMode:102 - DataClientService-thread-10 40.30% workload is done. 
2026-06-01 17:29:10,594 INFO  cn.edu.tsinghua.iot.benchmark.mode.BaseMode:102 - DataClientService-thread-1 41.50% workload is done. 
2026-06-01 17:29:10,594 INFO  cn.edu.tsinghua.iot.benchmark.mode.BaseMode:102 - DataClientService-thread-2 40.80% workload is done. 
2026-06-01 17:29:10,594 INFO  cn.edu.tsinghua.iot.benchmark.mode.BaseMode:102 - DataClientService-thread-3 40.50% workload is done. 
2026-06-01 17:29:10,594 INFO  cn.edu.tsinghua.iot.benchmark.mode.BaseMode:102 - DataClientService-thread-4 41.60% workload is done. 
2026-06-01 17:29:10,594 INFO  cn.edu.tsinghua.iot.benchmark.mode.BaseMode:102 - DataClientService-thread-5 40.60% workload is done. 
2026-06-01 17:29:10,594 INFO  cn.edu.tsinghua.iot.benchmark.mode.BaseMode:102 - DataClientService-thread-6 41.50% workload is done. 
2026-06-01 17:29:10,594 INFO  cn.edu.tsinghua.iot.benchmark.mode.BaseMode:102 - DataClientService-thread-7 41.50% workload is done. 
2026-06-01 17:29:10,594 INFO  cn.edu.tsinghua.iot.benchmark.mode.BaseMode:102 - DataClientService-thread-8 40.70% workload is done. 
2026-06-01 17:29:10,594 INFO  cn.edu.tsinghua.iot.benchmark.mode.BaseMode:102 - DataClientService-thread-9 39.90% workload is done. 
2026-06-01 17:29:10,594 INFO  cn.edu.tsinghua.iot.benchmark.mode.BaseMode:102 - DataClientService-thread-10 40.50% workload is done. 
2026-06-01 17:29:15,594 INFO  cn.edu.tsinghua.iot.benchmark.mode.BaseMode:102 - DataClientService-thread-1 41.80% workload is done. 
2026-06-01 17:29:15,594 INFO  cn.edu.tsinghua.iot.benchmark.mode.BaseMode:102 - DataClientService-thread-2 41.00% workload is done. 
2026-06-01 17:29:15,594 INFO  cn.edu.tsinghua.iot.benchmark.mode.BaseMode:102 - DataClientService-thread-3 40.80% workload is done. 
2026-06-01 17:29:15,594 INFO  cn.edu.tsinghua.iot.benchmark.mode.BaseMode:102 - DataClientService-thread-4 41.90% workload is done. 
2026-06-01 17:29:15,594 INFO  cn.edu.tsinghua.iot.benchmark.mode.BaseMode:102 - DataClientService-thread-5 40.80% workload is done. 
2026-06-01 17:29:15,594 INFO  cn.edu.tsinghua.iot.benchmark.mode.BaseMode:102 - DataClientService-thread-6 41.80% workload is done. 
2026-06-01 17:29:15,594 INFO  cn.edu.tsinghua.iot.benchmark.mode.BaseMode:102 - DataClientService-thread-7 41.80% workload is done. 
2026-06-01 17:29:15,594 INFO  cn.edu.tsinghua.iot.benchmark.mode.BaseMode:102 - DataClientService-thread-8 40.90% workload is done. 
2026-06-01 17:29:15,594 INFO  cn.edu.tsinghua.iot.benchmark.mode.BaseMode:102 - DataClientService-thread-9 40.20% workload is done. 
2026-06-01 17:29:15,594 INFO  cn.edu.tsinghua.iot.benchmark.mode.BaseMode:102 - DataClientService-thread-10 40.90% workload is done. 
2026-06-01 17:29:20,594 INFO  cn.edu.tsinghua.iot.benchmark.mode.BaseMode:102 - DataClientService-thread-1 42.00% workload is done. 
2026-06-01 17:29:20,594 INFO  cn.edu.tsinghua.iot.benchmark.mode.BaseMode:102 - DataClientService-thread-2 41.30% workload is done. 
2026-06-01 17:29:20,594 INFO  cn.edu.tsinghua.iot.benchmark.mode.BaseMode:102 - DataClientService-thread-3 41.10% workload is done. 
2026-06-01 17:29:20,594 INFO  cn.edu.tsinghua.iot.benchmark.mode.BaseMode:102 - DataClientService-thread-4 42.10% workload is done. 
2026-06-01 17:29:20,594 INFO  cn.edu.tsinghua.iot.benchmark.mode.BaseMode:102 - DataClientService-thread-5 41.10% workload is done. 
2026-06-01 17:29:20,595 INFO  cn.edu.tsinghua.iot.benchmark.mode.BaseMode:102 - DataClientService-thread-6 42.00% workload is done. 
2026-06-01 17:29:20,595 INFO  cn.edu.tsinghua.iot.benchmark.mode.BaseMode:102 - DataClientService-thread-7 42.10% workload is done. 
2026-06-01 17:29:20,595 INFO  cn.edu.tsinghua.iot.benchmark.mode.BaseMode:102 - DataClientService-thread-8 41.20% workload is done. 
2026-06-01 17:29:20,595 INFO  cn.edu.tsinghua.iot.benchmark.mode.BaseMode:102 - DataClientService-thread-9 40.50% workload is done. 
2026-06-01 17:29:20,595 INFO  cn.edu.tsinghua.iot.benchmark.mode.BaseMode:102 - DataClientService-thread-10 41.10% workload is done. 
2026-06-01 17:29:25,594 INFO  cn.edu.tsinghua.iot.benchmark.mode.BaseMode:102 - DataClientService-thread-1 42.40% workload is done. 
2026-06-01 17:29:25,594 INFO  cn.edu.tsinghua.iot.benchmark.mode.BaseMode:102 - DataClientService-thread-2 41.50% workload is done. 
2026-06-01 17:29:25,594 INFO  cn.edu.tsinghua.iot.benchmark.mode.BaseMode:102 - DataClientService-thread-3 41.40% workload is done. 
2026-06-01 17:29:25,594 INFO  cn.edu.tsinghua.iot.benchmark.mode.BaseMode:102 - DataClientService-thread-4 42.40% workload is done. 
2026-06-01 17:29:25,594 INFO  cn.edu.tsinghua.iot.benchmark.mode.BaseMode:102 - DataClientService-thread-5 41.30% workload is done. 
2026-06-01 17:29:25,594 INFO  cn.edu.tsinghua.iot.benchmark.mode.BaseMode:102 - DataClientService-thread-6 42.30% workload is done. 
2026-06-01 17:29:25,594 INFO  cn.edu.tsinghua.iot.benchmark.mode.BaseMode:102 - DataClientService-thread-7 42.30% workload is done. 
2026-06-01 17:29:25,594 INFO  cn.edu.tsinghua.iot.benchmark.mode.BaseMode:102 - DataClientService-thread-8 41.50% workload is done. 
2026-06-01 17:29:25,594 INFO  cn.edu.tsinghua.iot.benchmark.mode.BaseMode:102 - DataClientService-thread-9 40.70% workload is done. 
2026-06-01 17:29:25,594 INFO  cn.edu.tsinghua.iot.benchmark.mode.BaseMode:102 - DataClientService-thread-10 41.40% workload is done. 
2026-06-01 17:29:30,594 INFO  cn.edu.tsinghua.iot.benchmark.mode.BaseMode:102 - DataClientService-thread-1 42.60% workload is done. 
2026-06-01 17:29:30,594 INFO  cn.edu.tsinghua.iot.benchmark.mode.BaseMode:102 - DataClientService-thread-2 41.80% workload is done. 
2026-06-01 17:29:30,594 INFO  cn.edu.tsinghua.iot.benchmark.mode.BaseMode:102 - DataClientService-thread-3 41.70% workload is done. 
2026-06-01 17:29:30,594 INFO  cn.edu.tsinghua.iot.benchmark.mode.BaseMode:102 - DataClientService-thread-4 42.60% workload is done. 
2026-06-01 17:29:30,594 INFO  cn.edu.tsinghua.iot.benchmark.mode.BaseMode:102 - DataClientService-thread-5 41.60% workload is done. 
2026-06-01 17:29:30,594 INFO  cn.edu.tsinghua.iot.benchmark.mode.BaseMode:102 - DataClientService-thread-6 42.50% workload is done. 
2026-06-01 17:29:30,594 INFO  cn.edu.tsinghua.iot.benchmark.mode.BaseMode:102 - DataClientService-thread-7 42.60% workload is done. 
2026-06-01 17:29:30,594 INFO  cn.edu.tsinghua.iot.benchmark.mode.BaseMode:102 - DataClientService-thread-8 41.90% workload is done. 
2026-06-01 17:29:30,594 INFO  cn.edu.tsinghua.iot.benchmark.mode.BaseMode:102 - DataClientService-thread-9 41.10% workload is done. 
2026-06-01 17:29:30,594 INFO  cn.edu.tsinghua.iot.benchmark.mode.BaseMode:102 - DataClientService-thread-10 41.60% workload is done. 
2026-06-01 17:29:35,594 INFO  cn.edu.tsinghua.iot.benchmark.mode.BaseMode:102 - DataClientService-thread-1 42.90% workload is done. 
2026-06-01 17:29:35,594 INFO  cn.edu.tsinghua.iot.benchmark.mode.BaseMode:102 - DataClientService-thread-2 42.10% workload is done. 
2026-06-01 17:29:35,594 INFO  cn.edu.tsinghua.iot.benchmark.mode.BaseMode:102 - DataClientService-thread-3 41.90% workload is done. 
2026-06-01 17:29:35,594 INFO  cn.edu.tsinghua.iot.benchmark.mode.BaseMode:102 - DataClientService-thread-4 42.80% workload is done. 
2026-06-01 17:29:35,594 INFO  cn.edu.tsinghua.iot.benchmark.mode.BaseMode:102 - DataClientService-thread-5 42.00% workload is done. 
2026-06-01 17:29:35,594 INFO  cn.edu.tsinghua.iot.benchmark.mode.BaseMode:102 - DataClientService-thread-6 42.80% workload is done. 
2026-06-01 17:29:35,594 INFO  cn.edu.tsinghua.iot.benchmark.mode.BaseMode:102 - DataClientService-thread-7 42.80% workload is done. 
2026-06-01 17:29:35,594 INFO  cn.edu.tsinghua.iot.benchmark.mode.BaseMode:102 - DataClientService-thread-8 42.20% workload is done. 
2026-06-01 17:29:35,594 INFO  cn.edu.tsinghua.iot.benchmark.mode.BaseMode:102 - DataClientService-thread-9 41.30% workload is done. 
2026-06-01 17:29:35,594 INFO  cn.edu.tsinghua.iot.benchmark.mode.BaseMode:102 - DataClientService-thread-10 41.90% workload is done. 
2026-06-01 17:29:40,594 INFO  cn.edu.tsinghua.iot.benchmark.mode.BaseMode:102 - DataClientService-thread-1 43.10% workload is done. 
2026-06-01 17:29:40,594 INFO  cn.edu.tsinghua.iot.benchmark.mode.BaseMode:102 - DataClientService-thread-2 42.40% workload is done. 
2026-06-01 17:29:40,594 INFO  cn.edu.tsinghua.iot.benchmark.mode.BaseMode:102 - DataClientService-thread-3 42.20% workload is done. 
2026-06-01 17:29:40,594 INFO  cn.edu.tsinghua.iot.benchmark.mode.BaseMode:102 - DataClientService-thread-4 43.20% workload is done. 
2026-06-01 17:29:40,594 INFO  cn.edu.tsinghua.iot.benchmark.mode.BaseMode:102 - DataClientService-thread-5 42.20% workload is done. 
2026-06-01 17:29:40,594 INFO  cn.edu.tsinghua.iot.benchmark.mode.BaseMode:102 - DataClientService-thread-6 43.00% workload is done. 
2026-06-01 17:29:40,594 INFO  cn.edu.tsinghua.iot.benchmark.mode.BaseMode:102 - DataClientService-thread-7 43.20% workload is done. 
2026-06-01 17:29:40,594 INFO  cn.edu.tsinghua.iot.benchmark.mode.BaseMode:102 - DataClientService-thread-8 42.50% workload is done. 
2026-06-01 17:29:40,594 INFO  cn.edu.tsinghua.iot.benchmark.mode.BaseMode:102 - DataClientService-thread-9 41.60% workload is done. 
2026-06-01 17:29:40,594 INFO  cn.edu.tsinghua.iot.benchmark.mode.BaseMode:102 - DataClientService-thread-10 42.10% workload is done. 
2026-06-01 17:29:45,594 INFO  cn.edu.tsinghua.iot.benchmark.mode.BaseMode:102 - DataClientService-thread-1 43.40% workload is done. 
2026-06-01 17:29:45,594 INFO  cn.edu.tsinghua.iot.benchmark.mode.BaseMode:102 - DataClientService-thread-2 42.60% workload is done. 
2026-06-01 17:29:45,594 INFO  cn.edu.tsinghua.iot.benchmark.mode.BaseMode:102 - DataClientService-thread-3 42.60% workload is done. 
2026-06-01 17:29:45,594 INFO  cn.edu.tsinghua.iot.benchmark.mode.BaseMode:102 - DataClientService-thread-4 43.40% workload is done. 
2026-06-01 17:29:45,594 INFO  cn.edu.tsinghua.iot.benchmark.mode.BaseMode:102 - DataClientService-thread-5 42.50% workload is done. 
2026-06-01 17:29:45,594 INFO  cn.edu.tsinghua.iot.benchmark.mode.BaseMode:102 - DataClientService-thread-6 43.30% workload is done. 
2026-06-01 17:29:45,594 INFO  cn.edu.tsinghua.iot.benchmark.mode.BaseMode:102 - DataClientService-thread-7 43.40% workload is done. 
2026-06-01 17:29:45,594 INFO  cn.edu.tsinghua.iot.benchmark.mode.BaseMode:102 - DataClientService-thread-8 42.70% workload is done. 
2026-06-01 17:29:45,594 INFO  cn.edu.tsinghua.iot.benchmark.mode.BaseMode:102 - DataClientService-thread-9 41.90% workload is done. 
2026-06-01 17:29:45,594 INFO  cn.edu.tsinghua.iot.benchmark.mode.BaseMode:102 - DataClientService-thread-10 42.60% workload is done. 
2026-06-01 17:29:50,594 INFO  cn.edu.tsinghua.iot.benchmark.mode.BaseMode:102 - DataClientService-thread-1 43.70% workload is done. 
2026-06-01 17:29:50,594 INFO  cn.edu.tsinghua.iot.benchmark.mode.BaseMode:102 - DataClientService-thread-2 42.90% workload is done. 
2026-06-01 17:29:50,594 INFO  cn.edu.tsinghua.iot.benchmark.mode.BaseMode:102 - DataClientService-thread-3 42.90% workload is done. 
2026-06-01 17:29:50,594 INFO  cn.edu.tsinghua.iot.benchmark.mode.BaseMode:102 - DataClientService-thread-4 43.70% workload is done. 
2026-06-01 17:29:50,594 INFO  cn.edu.tsinghua.iot.benchmark.mode.BaseMode:102 - DataClientService-thread-5 42.70% workload is done. 
2026-06-01 17:29:50,594 INFO  cn.edu.tsinghua.iot.benchmark.mode.BaseMode:102 - DataClientService-thread-6 43.60% workload is done. 
2026-06-01 17:29:50,594 INFO  cn.edu.tsinghua.iot.benchmark.mode.BaseMode:102 - DataClientService-thread-7 43.80% workload is done. 
2026-06-01 17:29:50,594 INFO  cn.edu.tsinghua.iot.benchmark.mode.BaseMode:102 - DataClientService-thread-8 43.10% workload is done. 
2026-06-01 17:29:50,594 INFO  cn.edu.tsinghua.iot.benchmark.mode.BaseMode:102 - DataClientService-thread-9 42.20% workload is done. 
2026-06-01 17:29:50,594 INFO  cn.edu.tsinghua.iot.benchmark.mode.BaseMode:102 - DataClientService-thread-10 42.80% workload is done. 
2026-06-01 17:29:55,594 INFO  cn.edu.tsinghua.iot.benchmark.mode.BaseMode:102 - DataClientService-thread-1 43.90% workload is done. 
2026-06-01 17:29:55,594 INFO  cn.edu.tsinghua.iot.benchmark.mode.BaseMode:102 - DataClientService-thread-2 43.10% workload is done. 
2026-06-01 17:29:55,594 INFO  cn.edu.tsinghua.iot.benchmark.mode.BaseMode:102 - DataClientService-thread-3 43.10% workload is done. 
2026-06-01 17:29:55,594 INFO  cn.edu.tsinghua.iot.benchmark.mode.BaseMode:102 - DataClientService-thread-4 43.90% workload is done. 
2026-06-01 17:29:55,594 INFO  cn.edu.tsinghua.iot.benchmark.mode.BaseMode:102 - DataClientService-thread-5 43.00% workload is done. 
2026-06-01 17:29:55,594 INFO  cn.edu.tsinghua.iot.benchmark.mode.BaseMode:102 - DataClientService-thread-6 43.90% workload is done. 
2026-06-01 17:29:55,594 INFO  cn.edu.tsinghua.iot.benchmark.mode.BaseMode:102 - DataClientService-thread-7 44.10% workload is done. 
2026-06-01 17:29:55,594 INFO  cn.edu.tsinghua.iot.benchmark.mode.BaseMode:102 - DataClientService-thread-8 43.30% workload is done. 
2026-06-01 17:29:55,594 INFO  cn.edu.tsinghua.iot.benchmark.mode.BaseMode:102 - DataClientService-thread-9 42.40% workload is done. 
2026-06-01 17:29:55,594 INFO  cn.edu.tsinghua.iot.benchmark.mode.BaseMode:102 - DataClientService-thread-10 43.10% workload is done. 
2026-06-01 17:30:00,594 INFO  cn.edu.tsinghua.iot.benchmark.mode.BaseMode:102 - DataClientService-thread-1 44.20% workload is done. 
2026-06-01 17:30:00,594 INFO  cn.edu.tsinghua.iot.benchmark.mode.BaseMode:102 - DataClientService-thread-2 43.40% workload is done. 
2026-06-01 17:30:00,594 INFO  cn.edu.tsinghua.iot.benchmark.mode.BaseMode:102 - DataClientService-thread-3 43.40% workload is done. 
2026-06-01 17:30:00,594 INFO  cn.edu.tsinghua.iot.benchmark.mode.BaseMode:102 - DataClientService-thread-4 44.20% workload is done. 
2026-06-01 17:30:00,594 INFO  cn.edu.tsinghua.iot.benchmark.mode.BaseMode:102 - DataClientService-thread-5 43.20% workload is done. 
2026-06-01 17:30:00,594 INFO  cn.edu.tsinghua.iot.benchmark.mode.BaseMode:102 - DataClientService-thread-6 44.20% workload is done. 
2026-06-01 17:30:00,594 INFO  cn.edu.tsinghua.iot.benchmark.mode.BaseMode:102 - DataClientService-thread-7 44.50% workload is done. 
2026-06-01 17:30:00,594 INFO  cn.edu.tsinghua.iot.benchmark.mode.BaseMode:102 - DataClientService-thread-8 43.50% workload is done. 
2026-06-01 17:30:00,594 INFO  cn.edu.tsinghua.iot.benchmark.mode.BaseMode:102 - DataClientService-thread-9 42.70% workload is done. 
2026-06-01 17:30:00,594 INFO  cn.edu.tsinghua.iot.benchmark.mode.BaseMode:102 - DataClientService-thread-10 43.30% workload is done. 
2026-06-01 17:30:05,594 INFO  cn.edu.tsinghua.iot.benchmark.mode.BaseMode:102 - DataClientService-thread-1 44.40% workload is done. 
2026-06-01 17:30:05,594 INFO  cn.edu.tsinghua.iot.benchmark.mode.BaseMode:102 - DataClientService-thread-2 43.70% workload is done. 
2026-06-01 17:30:05,594 INFO  cn.edu.tsinghua.iot.benchmark.mode.BaseMode:102 - DataClientService-thread-3 43.70% workload is done. 
2026-06-01 17:30:05,594 INFO  cn.edu.tsinghua.iot.benchmark.mode.BaseMode:102 - DataClientService-thread-4 44.50% workload is done. 
2026-06-01 17:30:05,595 INFO  cn.edu.tsinghua.iot.benchmark.mode.BaseMode:102 - DataClientService-thread-5 43.50% workload is done. 
2026-06-01 17:30:05,595 INFO  cn.edu.tsinghua.iot.benchmark.mode.BaseMode:102 - DataClientService-thread-6 44.60% workload is done. 
2026-06-01 17:30:05,595 INFO  cn.edu.tsinghua.iot.benchmark.mode.BaseMode:102 - DataClientService-thread-7 44.70% workload is done. 
2026-06-01 17:30:05,595 INFO  cn.edu.tsinghua.iot.benchmark.mode.BaseMode:102 - DataClientService-thread-8 43.80% workload is done. 
2026-06-01 17:30:05,595 INFO  cn.edu.tsinghua.iot.benchmark.mode.BaseMode:102 - DataClientService-thread-9 43.00% workload is done. 
2026-06-01 17:30:05,595 INFO  cn.edu.tsinghua.iot.benchmark.mode.BaseMode:102 - DataClientService-thread-10 43.60% workload is done. 
2026-06-01 17:30:10,594 INFO  cn.edu.tsinghua.iot.benchmark.mode.BaseMode:102 - DataClientService-thread-1 44.80% workload is done. 
2026-06-01 17:30:10,594 INFO  cn.edu.tsinghua.iot.benchmark.mode.BaseMode:102 - DataClientService-thread-2 44.00% workload is done. 
2026-06-01 17:30:10,594 INFO  cn.edu.tsinghua.iot.benchmark.mode.BaseMode:102 - DataClientService-thread-3 43.90% workload is done. 
2026-06-01 17:30:10,594 INFO  cn.edu.tsinghua.iot.benchmark.mode.BaseMode:102 - DataClientService-thread-4 44.80% workload is done. 
2026-06-01 17:30:10,594 INFO  cn.edu.tsinghua.iot.benchmark.mode.BaseMode:102 - DataClientService-thread-5 43.80% workload is done. 
2026-06-01 17:30:10,594 INFO  cn.edu.tsinghua.iot.benchmark.mode.BaseMode:102 - DataClientService-thread-6 44.90% workload is done. 
2026-06-01 17:30:10,594 INFO  cn.edu.tsinghua.iot.benchmark.mode.BaseMode:102 - DataClientService-thread-7 45.00% workload is done. 
2026-06-01 17:30:10,594 INFO  cn.edu.tsinghua.iot.benchmark.mode.BaseMode:102 - DataClientService-thread-8 44.00% workload is done. 
2026-06-01 17:30:10,594 INFO  cn.edu.tsinghua.iot.benchmark.mode.BaseMode:102 - DataClientService-thread-9 43.30% workload is done. 
2026-06-01 17:30:10,594 INFO  cn.edu.tsinghua.iot.benchmark.mode.BaseMode:102 - DataClientService-thread-10 43.80% workload is done. 
2026-06-01 17:30:15,594 INFO  cn.edu.tsinghua.iot.benchmark.mode.BaseMode:102 - DataClientService-thread-1 45.00% workload is done. 
2026-06-01 17:30:15,594 INFO  cn.edu.tsinghua.iot.benchmark.mode.BaseMode:102 - DataClientService-thread-2 44.20% workload is done. 
2026-06-01 17:30:15,594 INFO  cn.edu.tsinghua.iot.benchmark.mode.BaseMode:102 - DataClientService-thread-3 44.20% workload is done. 
2026-06-01 17:30:15,594 INFO  cn.edu.tsinghua.iot.benchmark.mode.BaseMode:102 - DataClientService-thread-4 45.00% workload is done. 
2026-06-01 17:30:15,594 INFO  cn.edu.tsinghua.iot.benchmark.mode.BaseMode:102 - DataClientService-thread-5 44.30% workload is done. 
2026-06-01 17:30:15,594 INFO  cn.edu.tsinghua.iot.benchmark.mode.BaseMode:102 - DataClientService-thread-6 45.30% workload is done. 
2026-06-01 17:30:15,594 INFO  cn.edu.tsinghua.iot.benchmark.mode.BaseMode:102 - DataClientService-thread-7 45.20% workload is done. 
2026-06-01 17:30:15,594 INFO  cn.edu.tsinghua.iot.benchmark.mode.BaseMode:102 - DataClientService-thread-8 44.40% workload is done. 
2026-06-01 17:30:15,594 INFO  cn.edu.tsinghua.iot.benchmark.mode.BaseMode:102 - DataClientService-thread-9 43.70% workload is done. 
2026-06-01 17:30:15,594 INFO  cn.edu.tsinghua.iot.benchmark.mode.BaseMode:102 - DataClientService-thread-10 44.10% workload is done. 
2026-06-01 17:30:20,594 INFO  cn.edu.tsinghua.iot.benchmark.mode.BaseMode:102 - DataClientService-thread-1 45.10% workload is done. 
2026-06-01 17:30:20,594 INFO  cn.edu.tsinghua.iot.benchmark.mode.BaseMode:102 - DataClientService-thread-2 44.40% workload is done. 
2026-06-01 17:30:20,594 INFO  cn.edu.tsinghua.iot.benchmark.mode.BaseMode:102 - DataClientService-thread-3 44.30% workload is done. 
2026-06-01 17:30:20,594 INFO  cn.edu.tsinghua.iot.benchmark.mode.BaseMode:102 - DataClientService-thread-4 45.10% workload is done. 
2026-06-01 17:30:20,594 INFO  cn.edu.tsinghua.iot.benchmark.mode.BaseMode:102 - DataClientService-thread-5 44.40% workload is done. 
2026-06-01 17:30:20,594 INFO  cn.edu.tsinghua.iot.benchmark.mode.BaseMode:102 - DataClientService-thread-6 45.30% workload is done. 
2026-06-01 17:30:20,594 INFO  cn.edu.tsinghua.iot.benchmark.mode.BaseMode:102 - DataClientService-thread-7 45.30% workload is done. 
2026-06-01 17:30:20,594 INFO  cn.edu.tsinghua.iot.benchmark.mode.BaseMode:102 - DataClientService-thread-8 44.40% workload is done. 
2026-06-01 17:30:20,594 INFO  cn.edu.tsinghua.iot.benchmark.mode.BaseMode:102 - DataClientService-thread-9 43.80% workload is done. 
2026-06-01 17:30:20,594 INFO  cn.edu.tsinghua.iot.benchmark.mode.BaseMode:102 - DataClientService-thread-10 44.20% workload is done. 
2026-06-01 17:30:25,594 INFO  cn.edu.tsinghua.iot.benchmark.mode.BaseMode:102 - DataClientService-thread-1 45.30% workload is done. 
2026-06-01 17:30:25,594 INFO  cn.edu.tsinghua.iot.benchmark.mode.BaseMode:102 - DataClientService-thread-2 44.60% workload is done. 
2026-06-01 17:30:25,594 INFO  cn.edu.tsinghua.iot.benchmark.mode.BaseMode:102 - DataClientService-thread-3 44.40% workload is done. 
2026-06-01 17:30:25,594 INFO  cn.edu.tsinghua.iot.benchmark.mode.BaseMode:102 - DataClientService-thread-4 45.30% workload is done. 
2026-06-01 17:30:25,594 INFO  cn.edu.tsinghua.iot.benchmark.mode.BaseMode:102 - DataClientService-thread-5 44.50% workload is done. 
2026-06-01 17:30:25,594 INFO  cn.edu.tsinghua.iot.benchmark.mode.BaseMode:102 - DataClientService-thread-6 45.50% workload is done. 
2026-06-01 17:30:25,594 INFO  cn.edu.tsinghua.iot.benchmark.mode.BaseMode:102 - DataClientService-thread-7 45.60% workload is done. 
2026-06-01 17:30:25,594 INFO  cn.edu.tsinghua.iot.benchmark.mode.BaseMode:102 - DataClientService-thread-8 44.60% workload is done. 
2026-06-01 17:30:25,594 INFO  cn.edu.tsinghua.iot.benchmark.mode.BaseMode:102 - DataClientService-thread-9 44.00% workload is done. 
2026-06-01 17:30:25,594 INFO  cn.edu.tsinghua.iot.benchmark.mode.BaseMode:102 - DataClientService-thread-10 44.40% workload is done. 
2026-06-01 17:30:30,594 INFO  cn.edu.tsinghua.iot.benchmark.mode.BaseMode:102 - DataClientService-thread-1 45.50% workload is done. 
2026-06-01 17:30:30,594 INFO  cn.edu.tsinghua.iot.benchmark.mode.BaseMode:102 - DataClientService-thread-2 44.90% workload is done. 
2026-06-01 17:30:30,594 INFO  cn.edu.tsinghua.iot.benchmark.mode.BaseMode:102 - DataClientService-thread-3 44.70% workload is done. 
2026-06-01 17:30:30,594 INFO  cn.edu.tsinghua.iot.benchmark.mode.BaseMode:102 - DataClientService-thread-4 45.70% workload is done. 
2026-06-01 17:30:30,594 INFO  cn.edu.tsinghua.iot.benchmark.mode.BaseMode:102 - DataClientService-thread-5 44.60% workload is done. 
2026-06-01 17:30:30,594 INFO  cn.edu.tsinghua.iot.benchmark.mode.BaseMode:102 - DataClientService-thread-6 45.80% workload is done. 
2026-06-01 17:30:30,594 INFO  cn.edu.tsinghua.iot.benchmark.mode.BaseMode:102 - DataClientService-thread-7 45.80% workload is done. 
2026-06-01 17:30:30,594 INFO  cn.edu.tsinghua.iot.benchmark.mode.BaseMode:102 - DataClientService-thread-8 44.90% workload is done. 
2026-06-01 17:30:30,594 INFO  cn.edu.tsinghua.iot.benchmark.mode.BaseMode:102 - DataClientService-thread-9 44.20% workload is done. 
2026-06-01 17:30:30,594 INFO  cn.edu.tsinghua.iot.benchmark.mode.BaseMode:102 - DataClientService-thread-10 44.60% workload is done. 
2026-06-01 17:30:35,594 INFO  cn.edu.tsinghua.iot.benchmark.mode.BaseMode:102 - DataClientService-thread-1 45.90% workload is done. 
2026-06-01 17:30:35,594 INFO  cn.edu.tsinghua.iot.benchmark.mode.BaseMode:102 - DataClientService-thread-2 45.10% workload is done. 
2026-06-01 17:30:35,594 INFO  cn.edu.tsinghua.iot.benchmark.mode.BaseMode:102 - DataClientService-thread-3 45.00% workload is done. 
2026-06-01 17:30:35,594 INFO  cn.edu.tsinghua.iot.benchmark.mode.BaseMode:102 - DataClientService-thread-4 45.90% workload is done. 
2026-06-01 17:30:35,594 INFO  cn.edu.tsinghua.iot.benchmark.mode.BaseMode:102 - DataClientService-thread-5 44.80% workload is done. 
2026-06-01 17:30:35,594 INFO  cn.edu.tsinghua.iot.benchmark.mode.BaseMode:102 - DataClientService-thread-6 46.00% workload is done. 
2026-06-01 17:30:35,594 INFO  cn.edu.tsinghua.iot.benchmark.mode.BaseMode:102 - DataClientService-thread-7 46.20% workload is done. 
2026-06-01 17:30:35,594 INFO  cn.edu.tsinghua.iot.benchmark.mode.BaseMode:102 - DataClientService-thread-8 45.10% workload is done. 
2026-06-01 17:30:35,594 INFO  cn.edu.tsinghua.iot.benchmark.mode.BaseMode:102 - DataClientService-thread-9 44.50% workload is done. 
2026-06-01 17:30:35,594 INFO  cn.edu.tsinghua.iot.benchmark.mode.BaseMode:102 - DataClientService-thread-10 44.90% workload is done. 
2026-06-01 17:30:40,594 INFO  cn.edu.tsinghua.iot.benchmark.mode.BaseMode:102 - DataClientService-thread-1 46.10% workload is done. 
2026-06-01 17:30:40,594 INFO  cn.edu.tsinghua.iot.benchmark.mode.BaseMode:102 - DataClientService-thread-2 45.40% workload is done. 
2026-06-01 17:30:40,594 INFO  cn.edu.tsinghua.iot.benchmark.mode.BaseMode:102 - DataClientService-thread-3 45.40% workload is done. 
2026-06-01 17:30:40,594 INFO  cn.edu.tsinghua.iot.benchmark.mode.BaseMode:102 - DataClientService-thread-4 46.10% workload is done. 
2026-06-01 17:30:40,594 INFO  cn.edu.tsinghua.iot.benchmark.mode.BaseMode:102 - DataClientService-thread-5 45.10% workload is done. 
2026-06-01 17:30:40,594 INFO  cn.edu.tsinghua.iot.benchmark.mode.BaseMode:102 - DataClientService-thread-6 46.30% workload is done. 
2026-06-01 17:30:40,594 INFO  cn.edu.tsinghua.iot.benchmark.mode.BaseMode:102 - DataClientService-thread-7 46.40% workload is done. 
2026-06-01 17:30:40,594 INFO  cn.edu.tsinghua.iot.benchmark.mode.BaseMode:102 - DataClientService-thread-8 45.40% workload is done. 
2026-06-01 17:30:40,594 INFO  cn.edu.tsinghua.iot.benchmark.mode.BaseMode:102 - DataClientService-thread-9 44.70% workload is done. 
2026-06-01 17:30:40,594 INFO  cn.edu.tsinghua.iot.benchmark.mode.BaseMode:102 - DataClientService-thread-10 45.10% workload is done. 
2026-06-01 17:30:45,594 INFO  cn.edu.tsinghua.iot.benchmark.mode.BaseMode:102 - DataClientService-thread-1 46.40% workload is done. 
2026-06-01 17:30:45,594 INFO  cn.edu.tsinghua.iot.benchmark.mode.BaseMode:102 - DataClientService-thread-2 45.60% workload is done. 
2026-06-01 17:30:45,594 INFO  cn.edu.tsinghua.iot.benchmark.mode.BaseMode:102 - DataClientService-thread-3 45.60% workload is done. 
2026-06-01 17:30:45,594 INFO  cn.edu.tsinghua.iot.benchmark.mode.BaseMode:102 - DataClientService-thread-4 46.30% workload is done. 
2026-06-01 17:30:45,594 INFO  cn.edu.tsinghua.iot.benchmark.mode.BaseMode:102 - DataClientService-thread-5 45.30% workload is done. 
2026-06-01 17:30:45,594 INFO  cn.edu.tsinghua.iot.benchmark.mode.BaseMode:102 - DataClientService-thread-6 46.50% workload is done. 
2026-06-01 17:30:45,594 INFO  cn.edu.tsinghua.iot.benchmark.mode.BaseMode:102 - DataClientService-thread-7 46.90% workload is done. 
2026-06-01 17:30:45,594 INFO  cn.edu.tsinghua.iot.benchmark.mode.BaseMode:102 - DataClientService-thread-8 45.60% workload is done. 
2026-06-01 17:30:45,594 INFO  cn.edu.tsinghua.iot.benchmark.mode.BaseMode:102 - DataClientService-thread-9 45.00% workload is done. 
2026-06-01 17:30:45,594 INFO  cn.edu.tsinghua.iot.benchmark.mode.BaseMode:102 - DataClientService-thread-10 45.50% workload is done. 
2026-06-01 17:30:50,594 INFO  cn.edu.tsinghua.iot.benchmark.mode.BaseMode:102 - DataClientService-thread-1 46.60% workload is done. 
2026-06-01 17:30:50,594 INFO  cn.edu.tsinghua.iot.benchmark.mode.BaseMode:102 - DataClientService-thread-2 45.90% workload is done. 
2026-06-01 17:30:50,594 INFO  cn.edu.tsinghua.iot.benchmark.mode.BaseMode:102 - DataClientService-thread-3 45.90% workload is done. 
2026-06-01 17:30:50,594 INFO  cn.edu.tsinghua.iot.benchmark.mode.BaseMode:102 - DataClientService-thread-4 46.80% workload is done. 
2026-06-01 17:30:50,594 INFO  cn.edu.tsinghua.iot.benchmark.mode.BaseMode:102 - DataClientService-thread-5 45.60% workload is done. 
2026-06-01 17:30:50,594 INFO  cn.edu.tsinghua.iot.benchmark.mode.BaseMode:102 - DataClientService-thread-6 46.80% workload is done. 
2026-06-01 17:30:50,594 INFO  cn.edu.tsinghua.iot.benchmark.mode.BaseMode:102 - DataClientService-thread-7 47.20% workload is done. 
2026-06-01 17:30:50,594 INFO  cn.edu.tsinghua.iot.benchmark.mode.BaseMode:102 - DataClientService-thread-8 45.90% workload is done. 
2026-06-01 17:30:50,594 INFO  cn.edu.tsinghua.iot.benchmark.mode.BaseMode:102 - DataClientService-thread-9 45.20% workload is done. 
2026-06-01 17:30:50,594 INFO  cn.edu.tsinghua.iot.benchmark.mode.BaseMode:102 - DataClientService-thread-10 45.70% workload is done. 
2026-06-01 17:30:55,594 INFO  cn.edu.tsinghua.iot.benchmark.mode.BaseMode:102 - DataClientService-thread-1 46.90% workload is done. 
2026-06-01 17:30:55,594 INFO  cn.edu.tsinghua.iot.benchmark.mode.BaseMode:102 - DataClientService-thread-2 46.10% workload is done. 
2026-06-01 17:30:55,594 INFO  cn.edu.tsinghua.iot.benchmark.mode.BaseMode:102 - DataClientService-thread-3 46.20% workload is done. 
2026-06-01 17:30:55,594 INFO  cn.edu.tsinghua.iot.benchmark.mode.BaseMode:102 - DataClientService-thread-4 47.00% workload is done. 
2026-06-01 17:30:55,594 INFO  cn.edu.tsinghua.iot.benchmark.mode.BaseMode:102 - DataClientService-thread-5 45.80% workload is done. 
2026-06-01 17:30:55,594 INFO  cn.edu.tsinghua.iot.benchmark.mode.BaseMode:102 - DataClientService-thread-6 47.00% workload is done. 
2026-06-01 17:30:55,594 INFO  cn.edu.tsinghua.iot.benchmark.mode.BaseMode:102 - DataClientService-thread-7 47.60% workload is done. 
2026-06-01 17:30:55,594 INFO  cn.edu.tsinghua.iot.benchmark.mode.BaseMode:102 - DataClientService-thread-8 46.10% workload is done. 
2026-06-01 17:30:55,594 INFO  cn.edu.tsinghua.iot.benchmark.mode.BaseMode:102 - DataClientService-thread-9 45.50% workload is done. 
2026-06-01 17:30:55,594 INFO  cn.edu.tsinghua.iot.benchmark.mode.BaseMode:102 - DataClientService-thread-10 45.90% workload is done. 
2026-06-01 17:31:00,594 INFO  cn.edu.tsinghua.iot.benchmark.mode.BaseMode:102 - DataClientService-thread-1 47.10% workload is done. 
2026-06-01 17:31:00,594 INFO  cn.edu.tsinghua.iot.benchmark.mode.BaseMode:102 - DataClientService-thread-2 46.40% workload is done. 
2026-06-01 17:31:00,594 INFO  cn.edu.tsinghua.iot.benchmark.mode.BaseMode:102 - DataClientService-thread-3 46.60% workload is done. 
2026-06-01 17:31:00,596 INFO  cn.edu.tsinghua.iot.benchmark.mode.BaseMode:102 - DataClientService-thread-4 47.40% workload is done. 
2026-06-01 17:31:00,596 INFO  cn.edu.tsinghua.iot.benchmark.mode.BaseMode:102 - DataClientService-thread-5 46.00% workload is done. 
2026-06-01 17:31:00,596 INFO  cn.edu.tsinghua.iot.benchmark.mode.BaseMode:102 - DataClientService-thread-6 47.40% workload is done. 
2026-06-01 17:31:00,596 INFO  cn.edu.tsinghua.iot.benchmark.mode.BaseMode:102 - DataClientService-thread-7 47.80% workload is done. 
2026-06-01 17:31:00,596 INFO  cn.edu.tsinghua.iot.benchmark.mode.BaseMode:102 - DataClientService-thread-8 46.40% workload is done. 
2026-06-01 17:31:00,596 INFO  cn.edu.tsinghua.iot.benchmark.mode.BaseMode:102 - DataClientService-thread-9 45.70% workload is done. 
2026-06-01 17:31:00,596 INFO  cn.edu.tsinghua.iot.benchmark.mode.BaseMode:102 - DataClientService-thread-10 46.20% workload is done. 
2026-06-01 17:31:05,594 INFO  cn.edu.tsinghua.iot.benchmark.mode.BaseMode:102 - DataClientService-thread-1 47.50% workload is done. 
2026-06-01 17:31:05,594 INFO  cn.edu.tsinghua.iot.benchmark.mode.BaseMode:102 - DataClientService-thread-2 46.70% workload is done. 
2026-06-01 17:31:05,594 INFO  cn.edu.tsinghua.iot.benchmark.mode.BaseMode:102 - DataClientService-thread-3 46.80% workload is done. 
2026-06-01 17:31:05,594 INFO  cn.edu.tsinghua.iot.benchmark.mode.BaseMode:102 - DataClientService-thread-4 47.60% workload is done. 
2026-06-01 17:31:05,594 INFO  cn.edu.tsinghua.iot.benchmark.mode.BaseMode:102 - DataClientService-thread-5 46.40% workload is done. 
2026-06-01 17:31:05,594 INFO  cn.edu.tsinghua.iot.benchmark.mode.BaseMode:102 - DataClientService-thread-6 47.80% workload is done. 
2026-06-01 17:31:05,594 INFO  cn.edu.tsinghua.iot.benchmark.mode.BaseMode:102 - DataClientService-thread-7 48.10% workload is done. 
2026-06-01 17:31:05,594 INFO  cn.edu.tsinghua.iot.benchmark.mode.BaseMode:102 - DataClientService-thread-8 46.60% workload is done. 
2026-06-01 17:31:05,594 INFO  cn.edu.tsinghua.iot.benchmark.mode.BaseMode:102 - DataClientService-thread-9 46.20% workload is done. 
2026-06-01 17:31:05,594 INFO  cn.edu.tsinghua.iot.benchmark.mode.BaseMode:102 - DataClientService-thread-10 46.40% workload is done. 
2026-06-01 17:31:10,594 INFO  cn.edu.tsinghua.iot.benchmark.mode.BaseMode:102 - DataClientService-thread-1 47.70% workload is done. 
2026-06-01 17:31:10,594 INFO  cn.edu.tsinghua.iot.benchmark.mode.BaseMode:102 - DataClientService-thread-2 46.90% workload is done. 
2026-06-01 17:31:10,594 INFO  cn.edu.tsinghua.iot.benchmark.mode.BaseMode:102 - DataClientService-thread-3 47.10% workload is done. 
2026-06-01 17:31:10,594 INFO  cn.edu.tsinghua.iot.benchmark.mode.BaseMode:102 - DataClientService-thread-4 47.90% workload is done. 
2026-06-01 17:31:10,594 INFO  cn.edu.tsinghua.iot.benchmark.mode.BaseMode:102 - DataClientService-thread-5 46.60% workload is done. 
2026-06-01 17:31:10,594 INFO  cn.edu.tsinghua.iot.benchmark.mode.BaseMode:102 - DataClientService-thread-6 48.00% workload is done. 
2026-06-01 17:31:10,594 INFO  cn.edu.tsinghua.iot.benchmark.mode.BaseMode:102 - DataClientService-thread-7 48.30% workload is done. 
2026-06-01 17:31:10,594 INFO  cn.edu.tsinghua.iot.benchmark.mode.BaseMode:102 - DataClientService-thread-8 46.90% workload is done. 
2026-06-01 17:31:10,594 INFO  cn.edu.tsinghua.iot.benchmark.mode.BaseMode:102 - DataClientService-thread-9 46.50% workload is done. 
2026-06-01 17:31:10,594 INFO  cn.edu.tsinghua.iot.benchmark.mode.BaseMode:102 - DataClientService-thread-10 46.80% workload is done. 
2026-06-01 17:31:15,594 INFO  cn.edu.tsinghua.iot.benchmark.mode.BaseMode:102 - DataClientService-thread-1 48.10% workload is done. 
2026-06-01 17:31:15,594 INFO  cn.edu.tsinghua.iot.benchmark.mode.BaseMode:102 - DataClientService-thread-2 47.20% workload is done. 
2026-06-01 17:31:15,594 INFO  cn.edu.tsinghua.iot.benchmark.mode.BaseMode:102 - DataClientService-thread-3 47.30% workload is done. 
2026-06-01 17:31:15,594 INFO  cn.edu.tsinghua.iot.benchmark.mode.BaseMode:102 - DataClientService-thread-4 48.10% workload is done. 
2026-06-01 17:31:15,594 INFO  cn.edu.tsinghua.iot.benchmark.mode.BaseMode:102 - DataClientService-thread-5 47.00% workload is done. 
2026-06-01 17:31:15,594 INFO  cn.edu.tsinghua.iot.benchmark.mode.BaseMode:102 - DataClientService-thread-6 48.30% workload is done. 
2026-06-01 17:31:15,594 INFO  cn.edu.tsinghua.iot.benchmark.mode.BaseMode:102 - DataClientService-thread-7 48.60% workload is done. 
2026-06-01 17:31:15,594 INFO  cn.edu.tsinghua.iot.benchmark.mode.BaseMode:102 - DataClientService-thread-8 47.10% workload is done. 
2026-06-01 17:31:15,594 INFO  cn.edu.tsinghua.iot.benchmark.mode.BaseMode:102 - DataClientService-thread-9 46.80% workload is done. 
2026-06-01 17:31:15,594 INFO  cn.edu.tsinghua.iot.benchmark.mode.BaseMode:102 - DataClientService-thread-10 47.00% workload is done. 
2026-06-01 17:31:20,594 INFO  cn.edu.tsinghua.iot.benchmark.mode.BaseMode:102 - DataClientService-thread-1 48.40% workload is done. 
2026-06-01 17:31:20,594 INFO  cn.edu.tsinghua.iot.benchmark.mode.BaseMode:102 - DataClientService-thread-2 47.40% workload is done. 
2026-06-01 17:31:20,594 INFO  cn.edu.tsinghua.iot.benchmark.mode.BaseMode:102 - DataClientService-thread-3 47.60% workload is done. 
2026-06-01 17:31:20,594 INFO  cn.edu.tsinghua.iot.benchmark.mode.BaseMode:102 - DataClientService-thread-4 48.50% workload is done. 
2026-06-01 17:31:20,594 INFO  cn.edu.tsinghua.iot.benchmark.mode.BaseMode:102 - DataClientService-thread-5 47.20% workload is done. 
2026-06-01 17:31:20,594 INFO  cn.edu.tsinghua.iot.benchmark.mode.BaseMode:102 - DataClientService-thread-6 48.50% workload is done. 
2026-06-01 17:31:20,594 INFO  cn.edu.tsinghua.iot.benchmark.mode.BaseMode:102 - DataClientService-thread-7 48.90% workload is done. 
2026-06-01 17:31:20,594 INFO  cn.edu.tsinghua.iot.benchmark.mode.BaseMode:102 - DataClientService-thread-8 47.40% workload is done. 
2026-06-01 17:31:20,594 INFO  cn.edu.tsinghua.iot.benchmark.mode.BaseMode:102 - DataClientService-thread-9 47.00% workload is done. 
2026-06-01 17:31:20,594 INFO  cn.edu.tsinghua.iot.benchmark.mode.BaseMode:102 - DataClientService-thread-10 47.30% workload is done. 
2026-06-01 17:31:25,594 INFO  cn.edu.tsinghua.iot.benchmark.mode.BaseMode:102 - DataClientService-thread-1 48.70% workload is done. 
2026-06-01 17:31:25,594 INFO  cn.edu.tsinghua.iot.benchmark.mode.BaseMode:102 - DataClientService-thread-2 47.70% workload is done. 
2026-06-01 17:31:25,594 INFO  cn.edu.tsinghua.iot.benchmark.mode.BaseMode:102 - DataClientService-thread-3 47.80% workload is done. 
2026-06-01 17:31:25,594 INFO  cn.edu.tsinghua.iot.benchmark.mode.BaseMode:102 - DataClientService-thread-4 48.80% workload is done. 
2026-06-01 17:31:25,594 INFO  cn.edu.tsinghua.iot.benchmark.mode.BaseMode:102 - DataClientService-thread-5 47.50% workload is done. 
2026-06-01 17:31:25,594 INFO  cn.edu.tsinghua.iot.benchmark.mode.BaseMode:102 - DataClientService-thread-6 48.80% workload is done. 
2026-06-01 17:31:25,594 INFO  cn.edu.tsinghua.iot.benchmark.mode.BaseMode:102 - DataClientService-thread-7 49.40% workload is done. 
2026-06-01 17:31:25,594 INFO  cn.edu.tsinghua.iot.benchmark.mode.BaseMode:102 - DataClientService-thread-8 47.60% workload is done. 
2026-06-01 17:31:25,594 INFO  cn.edu.tsinghua.iot.benchmark.mode.BaseMode:102 - DataClientService-thread-9 47.50% workload is done. 
2026-06-01 17:31:25,594 INFO  cn.edu.tsinghua.iot.benchmark.mode.BaseMode:102 - DataClientService-thread-10 47.50% workload is done. 
2026-06-01 17:31:30,594 INFO  cn.edu.tsinghua.iot.benchmark.mode.BaseMode:102 - DataClientService-thread-1 48.90% workload is done. 
2026-06-01 17:31:30,594 INFO  cn.edu.tsinghua.iot.benchmark.mode.BaseMode:102 - DataClientService-thread-2 47.90% workload is done. 
2026-06-01 17:31:30,594 INFO  cn.edu.tsinghua.iot.benchmark.mode.BaseMode:102 - DataClientService-thread-3 48.10% workload is done. 
2026-06-01 17:31:30,594 INFO  cn.edu.tsinghua.iot.benchmark.mode.BaseMode:102 - DataClientService-thread-4 49.10% workload is done. 
2026-06-01 17:31:30,594 INFO  cn.edu.tsinghua.iot.benchmark.mode.BaseMode:102 - DataClientService-thread-5 47.70% workload is done. 
2026-06-01 17:31:30,594 INFO  cn.edu.tsinghua.iot.benchmark.mode.BaseMode:102 - DataClientService-thread-6 49.10% workload is done. 
2026-06-01 17:31:30,594 INFO  cn.edu.tsinghua.iot.benchmark.mode.BaseMode:102 - DataClientService-thread-7 49.60% workload is done. 
2026-06-01 17:31:30,594 INFO  cn.edu.tsinghua.iot.benchmark.mode.BaseMode:102 - DataClientService-thread-8 47.90% workload is done. 
2026-06-01 17:31:30,594 INFO  cn.edu.tsinghua.iot.benchmark.mode.BaseMode:102 - DataClientService-thread-9 47.70% workload is done. 
2026-06-01 17:31:30,594 INFO  cn.edu.tsinghua.iot.benchmark.mode.BaseMode:102 - DataClientService-thread-10 47.90% workload is done. 
2026-06-01 17:31:35,594 INFO  cn.edu.tsinghua.iot.benchmark.mode.BaseMode:102 - DataClientService-thread-1 49.20% workload is done. 
2026-06-01 17:31:35,594 INFO  cn.edu.tsinghua.iot.benchmark.mode.BaseMode:102 - DataClientService-thread-2 48.20% workload is done. 
2026-06-01 17:31:35,594 INFO  cn.edu.tsinghua.iot.benchmark.mode.BaseMode:102 - DataClientService-thread-3 48.30% workload is done. 
2026-06-01 17:31:35,594 INFO  cn.edu.tsinghua.iot.benchmark.mode.BaseMode:102 - DataClientService-thread-4 49.30% workload is done. 
2026-06-01 17:31:35,594 INFO  cn.edu.tsinghua.iot.benchmark.mode.BaseMode:102 - DataClientService-thread-5 48.00% workload is done. 
2026-06-01 17:31:35,594 INFO  cn.edu.tsinghua.iot.benchmark.mode.BaseMode:102 - DataClientService-thread-6 49.40% workload is done. 
2026-06-01 17:31:35,594 INFO  cn.edu.tsinghua.iot.benchmark.mode.BaseMode:102 - DataClientService-thread-7 49.90% workload is done. 
2026-06-01 17:31:35,594 INFO  cn.edu.tsinghua.iot.benchmark.mode.BaseMode:102 - DataClientService-thread-8 48.10% workload is done. 
2026-06-01 17:31:35,594 INFO  cn.edu.tsinghua.iot.benchmark.mode.BaseMode:102 - DataClientService-thread-9 48.10% workload is done. 
2026-06-01 17:31:35,594 INFO  cn.edu.tsinghua.iot.benchmark.mode.BaseMode:102 - DataClientService-thread-10 48.10% workload is done. 
2026-06-01 17:31:40,594 INFO  cn.edu.tsinghua.iot.benchmark.mode.BaseMode:102 - DataClientService-thread-1 49.40% workload is done. 
2026-06-01 17:31:40,594 INFO  cn.edu.tsinghua.iot.benchmark.mode.BaseMode:102 - DataClientService-thread-2 48.40% workload is done. 
2026-06-01 17:31:40,594 INFO  cn.edu.tsinghua.iot.benchmark.mode.BaseMode:102 - DataClientService-thread-3 48.60% workload is done. 
2026-06-01 17:31:40,594 INFO  cn.edu.tsinghua.iot.benchmark.mode.BaseMode:102 - DataClientService-thread-4 49.60% workload is done. 
2026-06-01 17:31:40,594 INFO  cn.edu.tsinghua.iot.benchmark.mode.BaseMode:102 - DataClientService-thread-5 48.20% workload is done. 
2026-06-01 17:31:40,594 INFO  cn.edu.tsinghua.iot.benchmark.mode.BaseMode:102 - DataClientService-thread-6 49.60% workload is done. 
2026-06-01 17:31:40,594 INFO  cn.edu.tsinghua.iot.benchmark.mode.BaseMode:102 - DataClientService-thread-7 50.10% workload is done. 
2026-06-01 17:31:40,594 INFO  cn.edu.tsinghua.iot.benchmark.mode.BaseMode:102 - DataClientService-thread-8 48.50% workload is done. 
2026-06-01 17:31:40,594 INFO  cn.edu.tsinghua.iot.benchmark.mode.BaseMode:102 - DataClientService-thread-9 48.30% workload is done. 
2026-06-01 17:31:40,594 INFO  cn.edu.tsinghua.iot.benchmark.mode.BaseMode:102 - DataClientService-thread-10 48.40% workload is done. 
2026-06-01 17:31:45,594 INFO  cn.edu.tsinghua.iot.benchmark.mode.BaseMode:102 - DataClientService-thread-1 49.70% workload is done. 
2026-06-01 17:31:45,594 INFO  cn.edu.tsinghua.iot.benchmark.mode.BaseMode:102 - DataClientService-thread-2 48.70% workload is done. 
2026-06-01 17:31:45,594 INFO  cn.edu.tsinghua.iot.benchmark.mode.BaseMode:102 - DataClientService-thread-3 48.80% workload is done. 
2026-06-01 17:31:45,594 INFO  cn.edu.tsinghua.iot.benchmark.mode.BaseMode:102 - DataClientService-thread-4 49.80% workload is done. 
2026-06-01 17:31:45,594 INFO  cn.edu.tsinghua.iot.benchmark.mode.BaseMode:102 - DataClientService-thread-5 48.50% workload is done. 
2026-06-01 17:31:45,594 INFO  cn.edu.tsinghua.iot.benchmark.mode.BaseMode:102 - DataClientService-thread-6 49.90% workload is done. 
2026-06-01 17:31:45,594 INFO  cn.edu.tsinghua.iot.benchmark.mode.BaseMode:102 - DataClientService-thread-7 50.40% workload is done. 
2026-06-01 17:31:45,594 INFO  cn.edu.tsinghua.iot.benchmark.mode.BaseMode:102 - DataClientService-thread-8 48.70% workload is done. 
2026-06-01 17:31:45,594 INFO  cn.edu.tsinghua.iot.benchmark.mode.BaseMode:102 - DataClientService-thread-9 48.60% workload is done. 
2026-06-01 17:31:45,594 INFO  cn.edu.tsinghua.iot.benchmark.mode.BaseMode:102 - DataClientService-thread-10 48.60% workload is done. 
2026-06-01 17:31:50,594 INFO  cn.edu.tsinghua.iot.benchmark.mode.BaseMode:102 - DataClientService-thread-1 49.90% workload is done. 
2026-06-01 17:31:50,594 INFO  cn.edu.tsinghua.iot.benchmark.mode.BaseMode:102 - DataClientService-thread-2 48.90% workload is done. 
2026-06-01 17:31:50,594 INFO  cn.edu.tsinghua.iot.benchmark.mode.BaseMode:102 - DataClientService-thread-3 49.10% workload is done. 
2026-06-01 17:31:50,594 INFO  cn.edu.tsinghua.iot.benchmark.mode.BaseMode:102 - DataClientService-thread-4 50.20% workload is done. 
2026-06-01 17:31:50,594 INFO  cn.edu.tsinghua.iot.benchmark.mode.BaseMode:102 - DataClientService-thread-5 48.70% workload is done. 
2026-06-01 17:31:50,594 INFO  cn.edu.tsinghua.iot.benchmark.mode.BaseMode:102 - DataClientService-thread-6 50.10% workload is done. 
2026-06-01 17:31:50,594 INFO  cn.edu.tsinghua.iot.benchmark.mode.BaseMode:102 - DataClientService-thread-7 50.60% workload is done. 
2026-06-01 17:31:50,594 INFO  cn.edu.tsinghua.iot.benchmark.mode.BaseMode:102 - DataClientService-thread-8 49.00% workload is done. 
2026-06-01 17:31:50,594 INFO  cn.edu.tsinghua.iot.benchmark.mode.BaseMode:102 - DataClientService-thread-9 48.80% workload is done. 
2026-06-01 17:31:50,594 INFO  cn.edu.tsinghua.iot.benchmark.mode.BaseMode:102 - DataClientService-thread-10 48.90% workload is done. 
2026-06-01 17:31:55,594 INFO  cn.edu.tsinghua.iot.benchmark.mode.BaseMode:102 - DataClientService-thread-1 50.20% workload is done. 
2026-06-01 17:31:55,594 INFO  cn.edu.tsinghua.iot.benchmark.mode.BaseMode:102 - DataClientService-thread-2 49.20% workload is done. 
2026-06-01 17:31:55,594 INFO  cn.edu.tsinghua.iot.benchmark.mode.BaseMode:102 - DataClientService-thread-3 49.30% workload is done. 
2026-06-01 17:31:55,594 INFO  cn.edu.tsinghua.iot.benchmark.mode.BaseMode:102 - DataClientService-thread-4 50.50% workload is done. 
2026-06-01 17:31:55,594 INFO  cn.edu.tsinghua.iot.benchmark.mode.BaseMode:102 - DataClientService-thread-5 49.00% workload is done. 
2026-06-01 17:31:55,594 INFO  cn.edu.tsinghua.iot.benchmark.mode.BaseMode:102 - DataClientService-thread-6 50.50% workload is done. 
2026-06-01 17:31:55,594 INFO  cn.edu.tsinghua.iot.benchmark.mode.BaseMode:102 - DataClientService-thread-7 50.80% workload is done. 
2026-06-01 17:31:55,594 INFO  cn.edu.tsinghua.iot.benchmark.mode.BaseMode:102 - DataClientService-thread-8 49.20% workload is done. 
2026-06-01 17:31:55,594 INFO  cn.edu.tsinghua.iot.benchmark.mode.BaseMode:102 - DataClientService-thread-9 49.20% workload is done. 
2026-06-01 17:31:55,594 INFO  cn.edu.tsinghua.iot.benchmark.mode.BaseMode:102 - DataClientService-thread-10 49.10% workload is done. 
2026-06-01 17:32:00,594 INFO  cn.edu.tsinghua.iot.benchmark.mode.BaseMode:102 - DataClientService-thread-1 50.50% workload is done. 
2026-06-01 17:32:00,594 INFO  cn.edu.tsinghua.iot.benchmark.mode.BaseMode:102 - DataClientService-thread-2 49.50% workload is done. 
2026-06-01 17:32:00,594 INFO  cn.edu.tsinghua.iot.benchmark.mode.BaseMode:102 - DataClientService-thread-3 49.60% workload is done. 
2026-06-01 17:32:00,594 INFO  cn.edu.tsinghua.iot.benchmark.mode.BaseMode:102 - DataClientService-thread-4 50.70% workload is done. 
2026-06-01 17:32:00,594 INFO  cn.edu.tsinghua.iot.benchmark.mode.BaseMode:102 - DataClientService-thread-5 49.20% workload is done. 
2026-06-01 17:32:00,594 INFO  cn.edu.tsinghua.iot.benchmark.mode.BaseMode:102 - DataClientService-thread-6 50.70% workload is done. 
2026-06-01 17:32:00,594 INFO  cn.edu.tsinghua.iot.benchmark.mode.BaseMode:102 - DataClientService-thread-7 51.10% workload is done. 
2026-06-01 17:32:00,594 INFO  cn.edu.tsinghua.iot.benchmark.mode.BaseMode:102 - DataClientService-thread-8 49.50% workload is done. 
2026-06-01 17:32:00,594 INFO  cn.edu.tsinghua.iot.benchmark.mode.BaseMode:102 - DataClientService-thread-9 49.50% workload is done. 
2026-06-01 17:32:00,594 INFO  cn.edu.tsinghua.iot.benchmark.mode.BaseMode:102 - DataClientService-thread-10 49.40% workload is done. 
2026-06-01 17:32:05,594 INFO  cn.edu.tsinghua.iot.benchmark.mode.BaseMode:102 - DataClientService-thread-1 50.80% workload is done. 
2026-06-01 17:32:05,594 INFO  cn.edu.tsinghua.iot.benchmark.mode.BaseMode:102 - DataClientService-thread-2 49.80% workload is done. 
2026-06-01 17:32:05,594 INFO  cn.edu.tsinghua.iot.benchmark.mode.BaseMode:102 - DataClientService-thread-3 49.90% workload is done. 
2026-06-01 17:32:05,594 INFO  cn.edu.tsinghua.iot.benchmark.mode.BaseMode:102 - DataClientService-thread-4 51.10% workload is done. 
2026-06-01 17:32:05,594 INFO  cn.edu.tsinghua.iot.benchmark.mode.BaseMode:102 - DataClientService-thread-5 49.50% workload is done. 
2026-06-01 17:32:05,594 INFO  cn.edu.tsinghua.iot.benchmark.mode.BaseMode:102 - DataClientService-thread-6 51.00% workload is done. 
2026-06-01 17:32:05,594 INFO  cn.edu.tsinghua.iot.benchmark.mode.BaseMode:102 - DataClientService-thread-7 51.30% workload is done. 
2026-06-01 17:32:05,594 INFO  cn.edu.tsinghua.iot.benchmark.mode.BaseMode:102 - DataClientService-thread-8 49.70% workload is done. 
2026-06-01 17:32:05,594 INFO  cn.edu.tsinghua.iot.benchmark.mode.BaseMode:102 - DataClientService-thread-9 49.70% workload is done. 
2026-06-01 17:32:05,594 INFO  cn.edu.tsinghua.iot.benchmark.mode.BaseMode:102 - DataClientService-thread-10 49.60% workload is done. 
2026-06-01 17:32:10,594 INFO  cn.edu.tsinghua.iot.benchmark.mode.BaseMode:102 - DataClientService-thread-1 51.10% workload is done. 
2026-06-01 17:32:10,594 INFO  cn.edu.tsinghua.iot.benchmark.mode.BaseMode:102 - DataClientService-thread-2 50.10% workload is done. 
2026-06-01 17:32:10,594 INFO  cn.edu.tsinghua.iot.benchmark.mode.BaseMode:102 - DataClientService-thread-3 50.40% workload is done. 
2026-06-01 17:32:10,594 INFO  cn.edu.tsinghua.iot.benchmark.mode.BaseMode:102 - DataClientService-thread-4 51.30% workload is done. 
2026-06-01 17:32:10,594 INFO  cn.edu.tsinghua.iot.benchmark.mode.BaseMode:102 - DataClientService-thread-5 49.70% workload is done. 
2026-06-01 17:32:10,594 INFO  cn.edu.tsinghua.iot.benchmark.mode.BaseMode:102 - DataClientService-thread-6 51.20% workload is done. 
2026-06-01 17:32:10,594 INFO  cn.edu.tsinghua.iot.benchmark.mode.BaseMode:102 - DataClientService-thread-7 51.60% workload is done. 
2026-06-01 17:32:10,594 INFO  cn.edu.tsinghua.iot.benchmark.mode.BaseMode:102 - DataClientService-thread-8 50.00% workload is done. 
2026-06-01 17:32:10,594 INFO  cn.edu.tsinghua.iot.benchmark.mode.BaseMode:102 - DataClientService-thread-9 50.00% workload is done. 
2026-06-01 17:32:10,594 INFO  cn.edu.tsinghua.iot.benchmark.mode.BaseMode:102 - DataClientService-thread-10 49.90% workload is done. 
2026-06-01 17:32:15,594 INFO  cn.edu.tsinghua.iot.benchmark.mode.BaseMode:102 - DataClientService-thread-1 51.40% workload is done. 
2026-06-01 17:32:15,594 INFO  cn.edu.tsinghua.iot.benchmark.mode.BaseMode:102 - DataClientService-thread-2 50.40% workload is done. 
2026-06-01 17:32:15,594 INFO  cn.edu.tsinghua.iot.benchmark.mode.BaseMode:102 - DataClientService-thread-3 50.60% workload is done. 
2026-06-01 17:32:15,594 INFO  cn.edu.tsinghua.iot.benchmark.mode.BaseMode:102 - DataClientService-thread-4 51.60% workload is done. 
2026-06-01 17:32:15,594 INFO  cn.edu.tsinghua.iot.benchmark.mode.BaseMode:102 - DataClientService-thread-5 50.00% workload is done. 
2026-06-01 17:32:15,594 INFO  cn.edu.tsinghua.iot.benchmark.mode.BaseMode:102 - DataClientService-thread-6 51.50% workload is done. 
2026-06-01 17:32:15,594 INFO  cn.edu.tsinghua.iot.benchmark.mode.BaseMode:102 - DataClientService-thread-7 51.80% workload is done. 
2026-06-01 17:32:15,594 INFO  cn.edu.tsinghua.iot.benchmark.mode.BaseMode:102 - DataClientService-thread-8 50.20% workload is done. 
2026-06-01 17:32:15,594 INFO  cn.edu.tsinghua.iot.benchmark.mode.BaseMode:102 - DataClientService-thread-9 50.20% workload is done. 
2026-06-01 17:32:15,594 INFO  cn.edu.tsinghua.iot.benchmark.mode.BaseMode:102 - DataClientService-thread-10 50.10% workload is done. 
2026-06-01 17:32:20,594 INFO  cn.edu.tsinghua.iot.benchmark.mode.BaseMode:102 - DataClientService-thread-1 51.70% workload is done. 
2026-06-01 17:32:20,594 INFO  cn.edu.tsinghua.iot.benchmark.mode.BaseMode:102 - DataClientService-thread-2 50.70% workload is done. 
2026-06-01 17:32:20,594 INFO  cn.edu.tsinghua.iot.benchmark.mode.BaseMode:102 - DataClientService-thread-3 50.90% workload is done. 
2026-06-01 17:32:20,594 INFO  cn.edu.tsinghua.iot.benchmark.mode.BaseMode:102 - DataClientService-thread-4 51.80% workload is done. 
2026-06-01 17:32:20,594 INFO  cn.edu.tsinghua.iot.benchmark.mode.BaseMode:102 - DataClientService-thread-5 50.20% workload is done. 
2026-06-01 17:32:20,594 INFO  cn.edu.tsinghua.iot.benchmark.mode.BaseMode:102 - DataClientService-thread-6 51.70% workload is done. 
2026-06-01 17:32:20,594 INFO  cn.edu.tsinghua.iot.benchmark.mode.BaseMode:102 - DataClientService-thread-7 52.10% workload is done. 
2026-06-01 17:32:20,594 INFO  cn.edu.tsinghua.iot.benchmark.mode.BaseMode:102 - DataClientService-thread-8 50.50% workload is done. 
2026-06-01 17:32:20,594 INFO  cn.edu.tsinghua.iot.benchmark.mode.BaseMode:102 - DataClientService-thread-9 50.50% workload is done. 
2026-06-01 17:32:20,594 INFO  cn.edu.tsinghua.iot.benchmark.mode.BaseMode:102 - DataClientService-thread-10 50.40% workload is done. 
2026-06-01 17:32:25,594 INFO  cn.edu.tsinghua.iot.benchmark.mode.BaseMode:102 - DataClientService-thread-1 51.90% workload is done. 
2026-06-01 17:32:25,594 INFO  cn.edu.tsinghua.iot.benchmark.mode.BaseMode:102 - DataClientService-thread-2 51.00% workload is done. 
2026-06-01 17:32:25,594 INFO  cn.edu.tsinghua.iot.benchmark.mode.BaseMode:102 - DataClientService-thread-3 51.10% workload is done. 
2026-06-01 17:32:25,594 INFO  cn.edu.tsinghua.iot.benchmark.mode.BaseMode:102 - DataClientService-thread-4 52.10% workload is done. 
2026-06-01 17:32:25,594 INFO  cn.edu.tsinghua.iot.benchmark.mode.BaseMode:102 - DataClientService-thread-5 50.50% workload is done. 
2026-06-01 17:32:25,594 INFO  cn.edu.tsinghua.iot.benchmark.mode.BaseMode:102 - DataClientService-thread-6 52.00% workload is done. 
2026-06-01 17:32:25,594 INFO  cn.edu.tsinghua.iot.benchmark.mode.BaseMode:102 - DataClientService-thread-7 52.40% workload is done. 
2026-06-01 17:32:25,594 INFO  cn.edu.tsinghua.iot.benchmark.mode.BaseMode:102 - DataClientService-thread-8 50.70% workload is done. 
2026-06-01 17:32:25,594 INFO  cn.edu.tsinghua.iot.benchmark.mode.BaseMode:102 - DataClientService-thread-9 50.70% workload is done. 
2026-06-01 17:32:25,594 INFO  cn.edu.tsinghua.iot.benchmark.mode.BaseMode:102 - DataClientService-thread-10 50.60% workload is done. 
2026-06-01 17:32:30,594 INFO  cn.edu.tsinghua.iot.benchmark.mode.BaseMode:102 - DataClientService-thread-1 52.20% workload is done. 
2026-06-01 17:32:30,595 INFO  cn.edu.tsinghua.iot.benchmark.mode.BaseMode:102 - DataClientService-thread-2 51.20% workload is done. 
2026-06-01 17:32:30,595 INFO  cn.edu.tsinghua.iot.benchmark.mode.BaseMode:102 - DataClientService-thread-3 51.40% workload is done. 
2026-06-01 17:32:30,595 INFO  cn.edu.tsinghua.iot.benchmark.mode.BaseMode:102 - DataClientService-thread-4 52.30% workload is done. 
2026-06-01 17:32:30,595 INFO  cn.edu.tsinghua.iot.benchmark.mode.BaseMode:102 - DataClientService-thread-5 50.70% workload is done. 
2026-06-01 17:32:30,595 INFO  cn.edu.tsinghua.iot.benchmark.mode.BaseMode:102 - DataClientService-thread-6 52.20% workload is done. 
2026-06-01 17:32:30,595 INFO  cn.edu.tsinghua.iot.benchmark.mode.BaseMode:102 - DataClientService-thread-7 52.80% workload is done. 
2026-06-01 17:32:30,595 INFO  cn.edu.tsinghua.iot.benchmark.mode.BaseMode:102 - DataClientService-thread-8 51.20% workload is done. 
2026-06-01 17:32:30,595 INFO  cn.edu.tsinghua.iot.benchmark.mode.BaseMode:102 - DataClientService-thread-9 51.00% workload is done. 
2026-06-01 17:32:30,595 INFO  cn.edu.tsinghua.iot.benchmark.mode.BaseMode:102 - DataClientService-thread-10 50.90% workload is done. 
2026-06-01 17:32:35,594 INFO  cn.edu.tsinghua.iot.benchmark.mode.BaseMode:102 - DataClientService-thread-1 52.50% workload is done. 
2026-06-01 17:32:35,594 INFO  cn.edu.tsinghua.iot.benchmark.mode.BaseMode:102 - DataClientService-thread-2 51.40% workload is done. 
2026-06-01 17:32:35,594 INFO  cn.edu.tsinghua.iot.benchmark.mode.BaseMode:102 - DataClientService-thread-3 51.60% workload is done. 
2026-06-01 17:32:35,594 INFO  cn.edu.tsinghua.iot.benchmark.mode.BaseMode:102 - DataClientService-thread-4 52.60% workload is done. 
2026-06-01 17:32:35,594 INFO  cn.edu.tsinghua.iot.benchmark.mode.BaseMode:102 - DataClientService-thread-5 51.00% workload is done. 
2026-06-01 17:32:35,594 INFO  cn.edu.tsinghua.iot.benchmark.mode.BaseMode:102 - DataClientService-thread-6 52.50% workload is done. 
2026-06-01 17:32:35,594 INFO  cn.edu.tsinghua.iot.benchmark.mode.BaseMode:102 - DataClientService-thread-7 53.00% workload is done. 
2026-06-01 17:32:35,594 INFO  cn.edu.tsinghua.iot.benchmark.mode.BaseMode:102 - DataClientService-thread-8 51.40% workload is done. 
2026-06-01 17:32:35,594 INFO  cn.edu.tsinghua.iot.benchmark.mode.BaseMode:102 - DataClientService-thread-9 51.20% workload is done. 
2026-06-01 17:32:35,594 INFO  cn.edu.tsinghua.iot.benchmark.mode.BaseMode:102 - DataClientService-thread-10 51.10% workload is done. 
2026-06-01 17:32:40,594 INFO  cn.edu.tsinghua.iot.benchmark.mode.BaseMode:102 - DataClientService-thread-1 52.80% workload is done. 
2026-06-01 17:32:40,594 INFO  cn.edu.tsinghua.iot.benchmark.mode.BaseMode:102 - DataClientService-thread-2 51.80% workload is done. 
2026-06-01 17:32:40,594 INFO  cn.edu.tsinghua.iot.benchmark.mode.BaseMode:102 - DataClientService-thread-3 51.90% workload is done. 
2026-06-01 17:32:40,594 INFO  cn.edu.tsinghua.iot.benchmark.mode.BaseMode:102 - DataClientService-thread-4 52.80% workload is done. 
2026-06-01 17:32:40,594 INFO  cn.edu.tsinghua.iot.benchmark.mode.BaseMode:102 - DataClientService-thread-5 51.20% workload is done. 
2026-06-01 17:32:40,594 INFO  cn.edu.tsinghua.iot.benchmark.mode.BaseMode:102 - DataClientService-thread-6 52.70% workload is done. 
2026-06-01 17:32:40,594 INFO  cn.edu.tsinghua.iot.benchmark.mode.BaseMode:102 - DataClientService-thread-7 53.30% workload is done. 
2026-06-01 17:32:40,594 INFO  cn.edu.tsinghua.iot.benchmark.mode.BaseMode:102 - DataClientService-thread-8 51.70% workload is done. 
2026-06-01 17:32:40,594 INFO  cn.edu.tsinghua.iot.benchmark.mode.BaseMode:102 - DataClientService-thread-9 51.50% workload is done. 
2026-06-01 17:32:40,594 INFO  cn.edu.tsinghua.iot.benchmark.mode.BaseMode:102 - DataClientService-thread-10 51.50% workload is done. 
2026-06-01 17:32:45,594 INFO  cn.edu.tsinghua.iot.benchmark.mode.BaseMode:102 - DataClientService-thread-1 53.00% workload is done. 
2026-06-01 17:32:45,594 INFO  cn.edu.tsinghua.iot.benchmark.mode.BaseMode:102 - DataClientService-thread-2 52.20% workload is done. 
2026-06-01 17:32:45,594 INFO  cn.edu.tsinghua.iot.benchmark.mode.BaseMode:102 - DataClientService-thread-3 52.10% workload is done. 
2026-06-01 17:32:45,594 INFO  cn.edu.tsinghua.iot.benchmark.mode.BaseMode:102 - DataClientService-thread-4 53.10% workload is done. 
2026-06-01 17:32:45,594 INFO  cn.edu.tsinghua.iot.benchmark.mode.BaseMode:102 - DataClientService-thread-5 51.50% workload is done. 
2026-06-01 17:32:45,594 INFO  cn.edu.tsinghua.iot.benchmark.mode.BaseMode:102 - DataClientService-thread-6 53.00% workload is done. 
2026-06-01 17:32:45,594 INFO  cn.edu.tsinghua.iot.benchmark.mode.BaseMode:102 - DataClientService-thread-7 53.60% workload is done. 
2026-06-01 17:32:45,594 INFO  cn.edu.tsinghua.iot.benchmark.mode.BaseMode:102 - DataClientService-thread-8 51.90% workload is done. 
2026-06-01 17:32:45,594 INFO  cn.edu.tsinghua.iot.benchmark.mode.BaseMode:102 - DataClientService-thread-9 51.70% workload is done. 
2026-06-01 17:32:45,594 INFO  cn.edu.tsinghua.iot.benchmark.mode.BaseMode:102 - DataClientService-thread-10 51.80% workload is done. 
2026-06-01 17:32:50,594 INFO  cn.edu.tsinghua.iot.benchmark.mode.BaseMode:102 - DataClientService-thread-1 53.30% workload is done. 
2026-06-01 17:32:50,594 INFO  cn.edu.tsinghua.iot.benchmark.mode.BaseMode:102 - DataClientService-thread-2 52.50% workload is done. 
2026-06-01 17:32:50,594 INFO  cn.edu.tsinghua.iot.benchmark.mode.BaseMode:102 - DataClientService-thread-3 52.40% workload is done. 
2026-06-01 17:32:50,594 INFO  cn.edu.tsinghua.iot.benchmark.mode.BaseMode:102 - DataClientService-thread-4 53.30% workload is done. 
2026-06-01 17:32:50,594 INFO  cn.edu.tsinghua.iot.benchmark.mode.BaseMode:102 - DataClientService-thread-5 51.70% workload is done. 
2026-06-01 17:32:50,594 INFO  cn.edu.tsinghua.iot.benchmark.mode.BaseMode:102 - DataClientService-thread-6 53.20% workload is done. 
2026-06-01 17:32:50,594 INFO  cn.edu.tsinghua.iot.benchmark.mode.BaseMode:102 - DataClientService-thread-7 54.00% workload is done. 
2026-06-01 17:32:50,594 INFO  cn.edu.tsinghua.iot.benchmark.mode.BaseMode:102 - DataClientService-thread-8 52.20% workload is done. 
2026-06-01 17:32:50,594 INFO  cn.edu.tsinghua.iot.benchmark.mode.BaseMode:102 - DataClientService-thread-9 52.00% workload is done. 
2026-06-01 17:32:50,594 INFO  cn.edu.tsinghua.iot.benchmark.mode.BaseMode:102 - DataClientService-thread-10 52.10% workload is done. 
2026-06-01 17:32:55,594 INFO  cn.edu.tsinghua.iot.benchmark.mode.BaseMode:102 - DataClientService-thread-1 53.50% workload is done. 
2026-06-01 17:32:55,594 INFO  cn.edu.tsinghua.iot.benchmark.mode.BaseMode:102 - DataClientService-thread-2 52.70% workload is done. 
2026-06-01 17:32:55,594 INFO  cn.edu.tsinghua.iot.benchmark.mode.BaseMode:102 - DataClientService-thread-3 52.60% workload is done. 
2026-06-01 17:32:55,594 INFO  cn.edu.tsinghua.iot.benchmark.mode.BaseMode:102 - DataClientService-thread-4 53.60% workload is done. 
2026-06-01 17:32:55,594 INFO  cn.edu.tsinghua.iot.benchmark.mode.BaseMode:102 - DataClientService-thread-5 52.00% workload is done. 
2026-06-01 17:32:55,594 INFO  cn.edu.tsinghua.iot.benchmark.mode.BaseMode:102 - DataClientService-thread-6 53.50% workload is done. 
2026-06-01 17:32:55,594 INFO  cn.edu.tsinghua.iot.benchmark.mode.BaseMode:102 - DataClientService-thread-7 54.20% workload is done. 
2026-06-01 17:32:55,594 INFO  cn.edu.tsinghua.iot.benchmark.mode.BaseMode:102 - DataClientService-thread-8 52.40% workload is done. 
2026-06-01 17:32:55,594 INFO  cn.edu.tsinghua.iot.benchmark.mode.BaseMode:102 - DataClientService-thread-9 52.20% workload is done. 
2026-06-01 17:32:55,594 INFO  cn.edu.tsinghua.iot.benchmark.mode.BaseMode:102 - DataClientService-thread-10 52.30% workload is done. 
2026-06-01 17:33:00,594 INFO  cn.edu.tsinghua.iot.benchmark.mode.BaseMode:102 - DataClientService-thread-1 53.80% workload is done. 
2026-06-01 17:33:00,594 INFO  cn.edu.tsinghua.iot.benchmark.mode.BaseMode:102 - DataClientService-thread-2 53.00% workload is done. 
2026-06-01 17:33:00,594 INFO  cn.edu.tsinghua.iot.benchmark.mode.BaseMode:102 - DataClientService-thread-3 52.90% workload is done. 
2026-06-01 17:33:00,594 INFO  cn.edu.tsinghua.iot.benchmark.mode.BaseMode:102 - DataClientService-thread-4 53.80% workload is done. 
2026-06-01 17:33:00,594 INFO  cn.edu.tsinghua.iot.benchmark.mode.BaseMode:102 - DataClientService-thread-5 52.20% workload is done. 
2026-06-01 17:33:00,594 INFO  cn.edu.tsinghua.iot.benchmark.mode.BaseMode:102 - DataClientService-thread-6 53.80% workload is done. 
2026-06-01 17:33:00,594 INFO  cn.edu.tsinghua.iot.benchmark.mode.BaseMode:102 - DataClientService-thread-7 54.50% workload is done. 
2026-06-01 17:33:00,594 INFO  cn.edu.tsinghua.iot.benchmark.mode.BaseMode:102 - DataClientService-thread-8 52.70% workload is done. 
2026-06-01 17:33:00,594 INFO  cn.edu.tsinghua.iot.benchmark.mode.BaseMode:102 - DataClientService-thread-9 52.50% workload is done. 
2026-06-01 17:33:00,594 INFO  cn.edu.tsinghua.iot.benchmark.mode.BaseMode:102 - DataClientService-thread-10 52.60% workload is done. 
2026-06-01 17:33:05,594 INFO  cn.edu.tsinghua.iot.benchmark.mode.BaseMode:102 - DataClientService-thread-1 54.00% workload is done. 
2026-06-01 17:33:05,594 INFO  cn.edu.tsinghua.iot.benchmark.mode.BaseMode:102 - DataClientService-thread-2 53.20% workload is done. 
2026-06-01 17:33:05,594 INFO  cn.edu.tsinghua.iot.benchmark.mode.BaseMode:102 - DataClientService-thread-3 53.20% workload is done. 
2026-06-01 17:33:05,594 INFO  cn.edu.tsinghua.iot.benchmark.mode.BaseMode:102 - DataClientService-thread-4 54.10% workload is done. 
2026-06-01 17:33:05,594 INFO  cn.edu.tsinghua.iot.benchmark.mode.BaseMode:102 - DataClientService-thread-5 52.50% workload is done. 
2026-06-01 17:33:05,594 INFO  cn.edu.tsinghua.iot.benchmark.mode.BaseMode:102 - DataClientService-thread-6 54.10% workload is done. 
2026-06-01 17:33:05,594 INFO  cn.edu.tsinghua.iot.benchmark.mode.BaseMode:102 - DataClientService-thread-7 54.70% workload is done. 
2026-06-01 17:33:05,594 INFO  cn.edu.tsinghua.iot.benchmark.mode.BaseMode:102 - DataClientService-thread-8 52.90% workload is done. 
2026-06-01 17:33:05,594 INFO  cn.edu.tsinghua.iot.benchmark.mode.BaseMode:102 - DataClientService-thread-9 52.70% workload is done. 
2026-06-01 17:33:05,594 INFO  cn.edu.tsinghua.iot.benchmark.mode.BaseMode:102 - DataClientService-thread-10 53.00% workload is done. 
2026-06-01 17:33:10,594 INFO  cn.edu.tsinghua.iot.benchmark.mode.BaseMode:102 - DataClientService-thread-1 54.30% workload is done. 
2026-06-01 17:33:10,594 INFO  cn.edu.tsinghua.iot.benchmark.mode.BaseMode:102 - DataClientService-thread-2 53.50% workload is done. 
2026-06-01 17:33:10,594 INFO  cn.edu.tsinghua.iot.benchmark.mode.BaseMode:102 - DataClientService-thread-3 53.50% workload is done. 
2026-06-01 17:33:10,594 INFO  cn.edu.tsinghua.iot.benchmark.mode.BaseMode:102 - DataClientService-thread-4 54.30% workload is done. 
2026-06-01 17:33:10,594 INFO  cn.edu.tsinghua.iot.benchmark.mode.BaseMode:102 - DataClientService-thread-5 52.90% workload is done. 
2026-06-01 17:33:10,594 INFO  cn.edu.tsinghua.iot.benchmark.mode.BaseMode:102 - DataClientService-thread-6 54.40% workload is done. 
2026-06-01 17:33:10,594 INFO  cn.edu.tsinghua.iot.benchmark.mode.BaseMode:102 - DataClientService-thread-7 55.00% workload is done. 
2026-06-01 17:33:10,594 INFO  cn.edu.tsinghua.iot.benchmark.mode.BaseMode:102 - DataClientService-thread-8 53.20% workload is done. 
2026-06-01 17:33:10,594 INFO  cn.edu.tsinghua.iot.benchmark.mode.BaseMode:102 - DataClientService-thread-9 53.00% workload is done. 
2026-06-01 17:33:10,594 INFO  cn.edu.tsinghua.iot.benchmark.mode.BaseMode:102 - DataClientService-thread-10 53.30% workload is done. 
2026-06-01 17:33:15,594 INFO  cn.edu.tsinghua.iot.benchmark.mode.BaseMode:102 - DataClientService-thread-1 54.50% workload is done. 
2026-06-01 17:33:15,594 INFO  cn.edu.tsinghua.iot.benchmark.mode.BaseMode:102 - DataClientService-thread-2 53.70% workload is done. 
2026-06-01 17:33:15,594 INFO  cn.edu.tsinghua.iot.benchmark.mode.BaseMode:102 - DataClientService-thread-3 53.80% workload is done. 
2026-06-01 17:33:15,594 INFO  cn.edu.tsinghua.iot.benchmark.mode.BaseMode:102 - DataClientService-thread-4 54.60% workload is done. 
2026-06-01 17:33:15,594 INFO  cn.edu.tsinghua.iot.benchmark.mode.BaseMode:102 - DataClientService-thread-5 53.20% workload is done. 
2026-06-01 17:33:15,594 INFO  cn.edu.tsinghua.iot.benchmark.mode.BaseMode:102 - DataClientService-thread-6 54.60% workload is done. 
2026-06-01 17:33:15,594 INFO  cn.edu.tsinghua.iot.benchmark.mode.BaseMode:102 - DataClientService-thread-7 55.20% workload is done. 
2026-06-01 17:33:15,594 INFO  cn.edu.tsinghua.iot.benchmark.mode.BaseMode:102 - DataClientService-thread-8 53.40% workload is done. 
2026-06-01 17:33:15,594 INFO  cn.edu.tsinghua.iot.benchmark.mode.BaseMode:102 - DataClientService-thread-9 53.20% workload is done. 
2026-06-01 17:33:15,594 INFO  cn.edu.tsinghua.iot.benchmark.mode.BaseMode:102 - DataClientService-thread-10 53.50% workload is done. 
2026-06-01 17:33:20,594 INFO  cn.edu.tsinghua.iot.benchmark.mode.BaseMode:102 - DataClientService-thread-1 54.80% workload is done. 
2026-06-01 17:33:20,594 INFO  cn.edu.tsinghua.iot.benchmark.mode.BaseMode:102 - DataClientService-thread-2 54.00% workload is done. 
2026-06-01 17:33:20,594 INFO  cn.edu.tsinghua.iot.benchmark.mode.BaseMode:102 - DataClientService-thread-3 54.20% workload is done. 
2026-06-01 17:33:20,594 INFO  cn.edu.tsinghua.iot.benchmark.mode.BaseMode:102 - DataClientService-thread-4 54.90% workload is done. 
2026-06-01 17:33:20,594 INFO  cn.edu.tsinghua.iot.benchmark.mode.BaseMode:102 - DataClientService-thread-5 53.40% workload is done. 
2026-06-01 17:33:20,594 INFO  cn.edu.tsinghua.iot.benchmark.mode.BaseMode:102 - DataClientService-thread-6 54.90% workload is done. 
2026-06-01 17:33:20,594 INFO  cn.edu.tsinghua.iot.benchmark.mode.BaseMode:102 - DataClientService-thread-7 55.50% workload is done. 
2026-06-01 17:33:20,594 INFO  cn.edu.tsinghua.iot.benchmark.mode.BaseMode:102 - DataClientService-thread-8 53.70% workload is done. 
2026-06-01 17:33:20,594 INFO  cn.edu.tsinghua.iot.benchmark.mode.BaseMode:102 - DataClientService-thread-9 53.50% workload is done. 
2026-06-01 17:33:20,594 INFO  cn.edu.tsinghua.iot.benchmark.mode.BaseMode:102 - DataClientService-thread-10 53.90% workload is done. 
2026-06-01 17:33:25,594 INFO  cn.edu.tsinghua.iot.benchmark.mode.BaseMode:102 - DataClientService-thread-1 55.00% workload is done. 
2026-06-01 17:33:25,596 INFO  cn.edu.tsinghua.iot.benchmark.mode.BaseMode:102 - DataClientService-thread-2 54.20% workload is done. 
2026-06-01 17:33:25,596 INFO  cn.edu.tsinghua.iot.benchmark.mode.BaseMode:102 - DataClientService-thread-3 54.40% workload is done. 
2026-06-01 17:33:25,596 INFO  cn.edu.tsinghua.iot.benchmark.mode.BaseMode:102 - DataClientService-thread-4 55.20% workload is done. 
2026-06-01 17:33:25,596 INFO  cn.edu.tsinghua.iot.benchmark.mode.BaseMode:102 - DataClientService-thread-5 53.60% workload is done. 
2026-06-01 17:33:25,596 INFO  cn.edu.tsinghua.iot.benchmark.mode.BaseMode:102 - DataClientService-thread-6 55.20% workload is done. 
2026-06-01 17:33:25,596 INFO  cn.edu.tsinghua.iot.benchmark.mode.BaseMode:102 - DataClientService-thread-7 55.90% workload is done. 
2026-06-01 17:33:25,596 INFO  cn.edu.tsinghua.iot.benchmark.mode.BaseMode:102 - DataClientService-thread-8 53.90% workload is done. 
2026-06-01 17:33:25,596 INFO  cn.edu.tsinghua.iot.benchmark.mode.BaseMode:102 - DataClientService-thread-9 53.70% workload is done. 
2026-06-01 17:33:25,596 INFO  cn.edu.tsinghua.iot.benchmark.mode.BaseMode:102 - DataClientService-thread-10 54.10% workload is done. 
2026-06-01 17:33:30,594 INFO  cn.edu.tsinghua.iot.benchmark.mode.BaseMode:102 - DataClientService-thread-1 55.30% workload is done. 
2026-06-01 17:33:30,594 INFO  cn.edu.tsinghua.iot.benchmark.mode.BaseMode:102 - DataClientService-thread-2 54.50% workload is done. 
2026-06-01 17:33:30,594 INFO  cn.edu.tsinghua.iot.benchmark.mode.BaseMode:102 - DataClientService-thread-3 54.60% workload is done. 
2026-06-01 17:33:30,594 INFO  cn.edu.tsinghua.iot.benchmark.mode.BaseMode:102 - DataClientService-thread-4 55.50% workload is done. 
2026-06-01 17:33:30,594 INFO  cn.edu.tsinghua.iot.benchmark.mode.BaseMode:102 - DataClientService-thread-5 53.90% workload is done. 
2026-06-01 17:33:30,594 INFO  cn.edu.tsinghua.iot.benchmark.mode.BaseMode:102 - DataClientService-thread-6 55.50% workload is done. 
2026-06-01 17:33:30,594 INFO  cn.edu.tsinghua.iot.benchmark.mode.BaseMode:102 - DataClientService-thread-7 56.20% workload is done. 
2026-06-01 17:33:30,594 INFO  cn.edu.tsinghua.iot.benchmark.mode.BaseMode:102 - DataClientService-thread-8 54.20% workload is done. 
2026-06-01 17:33:30,594 INFO  cn.edu.tsinghua.iot.benchmark.mode.BaseMode:102 - DataClientService-thread-9 54.20% workload is done. 
2026-06-01 17:33:30,594 INFO  cn.edu.tsinghua.iot.benchmark.mode.BaseMode:102 - DataClientService-thread-10 54.30% workload is done. 
2026-06-01 17:33:35,594 INFO  cn.edu.tsinghua.iot.benchmark.mode.BaseMode:102 - DataClientService-thread-1 55.60% workload is done. 
2026-06-01 17:33:35,594 INFO  cn.edu.tsinghua.iot.benchmark.mode.BaseMode:102 - DataClientService-thread-2 54.80% workload is done. 
2026-06-01 17:33:35,594 INFO  cn.edu.tsinghua.iot.benchmark.mode.BaseMode:102 - DataClientService-thread-3 54.90% workload is done. 
2026-06-01 17:33:35,594 INFO  cn.edu.tsinghua.iot.benchmark.mode.BaseMode:102 - DataClientService-thread-4 55.80% workload is done. 
2026-06-01 17:33:35,594 INFO  cn.edu.tsinghua.iot.benchmark.mode.BaseMode:102 - DataClientService-thread-5 54.10% workload is done. 
2026-06-01 17:33:35,594 INFO  cn.edu.tsinghua.iot.benchmark.mode.BaseMode:102 - DataClientService-thread-6 55.80% workload is done. 
2026-06-01 17:33:35,594 INFO  cn.edu.tsinghua.iot.benchmark.mode.BaseMode:102 - DataClientService-thread-7 56.50% workload is done. 
2026-06-01 17:33:35,594 INFO  cn.edu.tsinghua.iot.benchmark.mode.BaseMode:102 - DataClientService-thread-8 54.50% workload is done. 
2026-06-01 17:33:35,594 INFO  cn.edu.tsinghua.iot.benchmark.mode.BaseMode:102 - DataClientService-thread-9 54.40% workload is done. 
2026-06-01 17:33:35,594 INFO  cn.edu.tsinghua.iot.benchmark.mode.BaseMode:102 - DataClientService-thread-10 54.60% workload is done. 
2026-06-01 17:33:40,594 INFO  cn.edu.tsinghua.iot.benchmark.mode.BaseMode:102 - DataClientService-thread-1 55.80% workload is done. 
2026-06-01 17:33:40,594 INFO  cn.edu.tsinghua.iot.benchmark.mode.BaseMode:102 - DataClientService-thread-2 55.20% workload is done. 
2026-06-01 17:33:40,594 INFO  cn.edu.tsinghua.iot.benchmark.mode.BaseMode:102 - DataClientService-thread-3 55.30% workload is done. 
2026-06-01 17:33:40,594 INFO  cn.edu.tsinghua.iot.benchmark.mode.BaseMode:102 - DataClientService-thread-4 56.10% workload is done. 
2026-06-01 17:33:40,594 INFO  cn.edu.tsinghua.iot.benchmark.mode.BaseMode:102 - DataClientService-thread-5 54.40% workload is done. 
2026-06-01 17:33:40,594 INFO  cn.edu.tsinghua.iot.benchmark.mode.BaseMode:102 - DataClientService-thread-6 56.20% workload is done. 
2026-06-01 17:33:40,594 INFO  cn.edu.tsinghua.iot.benchmark.mode.BaseMode:102 - DataClientService-thread-7 56.70% workload is done. 
2026-06-01 17:33:40,594 INFO  cn.edu.tsinghua.iot.benchmark.mode.BaseMode:102 - DataClientService-thread-8 54.70% workload is done. 
2026-06-01 17:33:40,594 INFO  cn.edu.tsinghua.iot.benchmark.mode.BaseMode:102 - DataClientService-thread-9 54.70% workload is done. 
2026-06-01 17:33:40,594 INFO  cn.edu.tsinghua.iot.benchmark.mode.BaseMode:102 - DataClientService-thread-10 54.80% workload is done. 
2026-06-01 17:33:45,594 INFO  cn.edu.tsinghua.iot.benchmark.mode.BaseMode:102 - DataClientService-thread-1 56.10% workload is done. 
2026-06-01 17:33:45,594 INFO  cn.edu.tsinghua.iot.benchmark.mode.BaseMode:102 - DataClientService-thread-2 55.40% workload is done. 
2026-06-01 17:33:45,594 INFO  cn.edu.tsinghua.iot.benchmark.mode.BaseMode:102 - DataClientService-thread-3 55.60% workload is done. 
2026-06-01 17:33:45,594 INFO  cn.edu.tsinghua.iot.benchmark.mode.BaseMode:102 - DataClientService-thread-4 56.30% workload is done. 
2026-06-01 17:33:45,594 INFO  cn.edu.tsinghua.iot.benchmark.mode.BaseMode:102 - DataClientService-thread-5 54.60% workload is done. 
2026-06-01 17:33:45,594 INFO  cn.edu.tsinghua.iot.benchmark.mode.BaseMode:102 - DataClientService-thread-6 56.40% workload is done. 
2026-06-01 17:33:45,594 INFO  cn.edu.tsinghua.iot.benchmark.mode.BaseMode:102 - DataClientService-thread-7 57.00% workload is done. 
2026-06-01 17:33:45,594 INFO  cn.edu.tsinghua.iot.benchmark.mode.BaseMode:102 - DataClientService-thread-8 55.00% workload is done. 
2026-06-01 17:33:45,594 INFO  cn.edu.tsinghua.iot.benchmark.mode.BaseMode:102 - DataClientService-thread-9 54.90% workload is done. 
2026-06-01 17:33:45,594 INFO  cn.edu.tsinghua.iot.benchmark.mode.BaseMode:102 - DataClientService-thread-10 55.10% workload is done. 
2026-06-01 17:33:50,594 INFO  cn.edu.tsinghua.iot.benchmark.mode.BaseMode:102 - DataClientService-thread-1 56.30% workload is done. 
2026-06-01 17:33:50,594 INFO  cn.edu.tsinghua.iot.benchmark.mode.BaseMode:102 - DataClientService-thread-2 55.70% workload is done. 
2026-06-01 17:33:50,594 INFO  cn.edu.tsinghua.iot.benchmark.mode.BaseMode:102 - DataClientService-thread-3 55.80% workload is done. 
2026-06-01 17:33:50,594 INFO  cn.edu.tsinghua.iot.benchmark.mode.BaseMode:102 - DataClientService-thread-4 56.60% workload is done. 
2026-06-01 17:33:50,594 INFO  cn.edu.tsinghua.iot.benchmark.mode.BaseMode:102 - DataClientService-thread-5 54.90% workload is done. 
2026-06-01 17:33:50,594 INFO  cn.edu.tsinghua.iot.benchmark.mode.BaseMode:102 - DataClientService-thread-6 56.70% workload is done. 
2026-06-01 17:33:50,594 INFO  cn.edu.tsinghua.iot.benchmark.mode.BaseMode:102 - DataClientService-thread-7 57.20% workload is done. 
2026-06-01 17:33:50,594 INFO  cn.edu.tsinghua.iot.benchmark.mode.BaseMode:102 - DataClientService-thread-8 55.30% workload is done. 
2026-06-01 17:33:50,594 INFO  cn.edu.tsinghua.iot.benchmark.mode.BaseMode:102 - DataClientService-thread-9 55.20% workload is done. 
2026-06-01 17:33:50,594 INFO  cn.edu.tsinghua.iot.benchmark.mode.BaseMode:102 - DataClientService-thread-10 55.40% workload is done. 
2026-06-01 17:33:55,594 INFO  cn.edu.tsinghua.iot.benchmark.mode.BaseMode:102 - DataClientService-thread-1 56.60% workload is done. 
2026-06-01 17:33:55,594 INFO  cn.edu.tsinghua.iot.benchmark.mode.BaseMode:102 - DataClientService-thread-2 55.90% workload is done. 
2026-06-01 17:33:55,594 INFO  cn.edu.tsinghua.iot.benchmark.mode.BaseMode:102 - DataClientService-thread-3 56.20% workload is done. 
2026-06-01 17:33:55,594 INFO  cn.edu.tsinghua.iot.benchmark.mode.BaseMode:102 - DataClientService-thread-4 56.80% workload is done. 
2026-06-01 17:33:55,594 INFO  cn.edu.tsinghua.iot.benchmark.mode.BaseMode:102 - DataClientService-thread-5 55.10% workload is done. 
2026-06-01 17:33:55,594 INFO  cn.edu.tsinghua.iot.benchmark.mode.BaseMode:102 - DataClientService-thread-6 56.90% workload is done. 
2026-06-01 17:33:55,594 INFO  cn.edu.tsinghua.iot.benchmark.mode.BaseMode:102 - DataClientService-thread-7 57.80% workload is done. 
2026-06-01 17:33:55,594 INFO  cn.edu.tsinghua.iot.benchmark.mode.BaseMode:102 - DataClientService-thread-8 55.70% workload is done. 
2026-06-01 17:33:55,594 INFO  cn.edu.tsinghua.iot.benchmark.mode.BaseMode:102 - DataClientService-thread-9 55.50% workload is done. 
2026-06-01 17:33:55,594 INFO  cn.edu.tsinghua.iot.benchmark.mode.BaseMode:102 - DataClientService-thread-10 55.70% workload is done. 
2026-06-01 17:34:00,594 INFO  cn.edu.tsinghua.iot.benchmark.mode.BaseMode:102 - DataClientService-thread-1 56.80% workload is done. 
2026-06-01 17:34:00,594 INFO  cn.edu.tsinghua.iot.benchmark.mode.BaseMode:102 - DataClientService-thread-2 56.10% workload is done. 
2026-06-01 17:34:00,594 INFO  cn.edu.tsinghua.iot.benchmark.mode.BaseMode:102 - DataClientService-thread-3 56.40% workload is done. 
2026-06-01 17:34:00,594 INFO  cn.edu.tsinghua.iot.benchmark.mode.BaseMode:102 - DataClientService-thread-4 57.00% workload is done. 
2026-06-01 17:34:00,594 INFO  cn.edu.tsinghua.iot.benchmark.mode.BaseMode:102 - DataClientService-thread-5 55.30% workload is done. 
2026-06-01 17:34:00,594 INFO  cn.edu.tsinghua.iot.benchmark.mode.BaseMode:102 - DataClientService-thread-6 57.10% workload is done. 
2026-06-01 17:34:00,594 INFO  cn.edu.tsinghua.iot.benchmark.mode.BaseMode:102 - DataClientService-thread-7 58.00% workload is done. 
2026-06-01 17:34:00,594 INFO  cn.edu.tsinghua.iot.benchmark.mode.BaseMode:102 - DataClientService-thread-8 55.90% workload is done. 
2026-06-01 17:34:00,594 INFO  cn.edu.tsinghua.iot.benchmark.mode.BaseMode:102 - DataClientService-thread-9 55.80% workload is done. 
2026-06-01 17:34:00,594 INFO  cn.edu.tsinghua.iot.benchmark.mode.BaseMode:102 - DataClientService-thread-10 55.90% workload is done. 
2026-06-01 17:34:05,594 INFO  cn.edu.tsinghua.iot.benchmark.mode.BaseMode:102 - DataClientService-thread-1 57.10% workload is done. 
2026-06-01 17:34:05,594 INFO  cn.edu.tsinghua.iot.benchmark.mode.BaseMode:102 - DataClientService-thread-2 56.40% workload is done. 
2026-06-01 17:34:05,594 INFO  cn.edu.tsinghua.iot.benchmark.mode.BaseMode:102 - DataClientService-thread-3 56.60% workload is done. 
2026-06-01 17:34:05,594 INFO  cn.edu.tsinghua.iot.benchmark.mode.BaseMode:102 - DataClientService-thread-4 57.30% workload is done. 
2026-06-01 17:34:05,594 INFO  cn.edu.tsinghua.iot.benchmark.mode.BaseMode:102 - DataClientService-thread-5 55.60% workload is done. 
2026-06-01 17:34:05,594 INFO  cn.edu.tsinghua.iot.benchmark.mode.BaseMode:102 - DataClientService-thread-6 57.50% workload is done. 
2026-06-01 17:34:05,594 INFO  cn.edu.tsinghua.iot.benchmark.mode.BaseMode:102 - DataClientService-thread-7 58.20% workload is done. 
2026-06-01 17:34:05,594 INFO  cn.edu.tsinghua.iot.benchmark.mode.BaseMode:102 - DataClientService-thread-8 56.10% workload is done. 
2026-06-01 17:34:05,594 INFO  cn.edu.tsinghua.iot.benchmark.mode.BaseMode:102 - DataClientService-thread-9 56.10% workload is done. 
2026-06-01 17:34:05,594 INFO  cn.edu.tsinghua.iot.benchmark.mode.BaseMode:102 - DataClientService-thread-10 56.10% workload is done. 
2026-06-01 17:34:10,594 INFO  cn.edu.tsinghua.iot.benchmark.mode.BaseMode:102 - DataClientService-thread-1 57.30% workload is done. 
2026-06-01 17:34:10,594 INFO  cn.edu.tsinghua.iot.benchmark.mode.BaseMode:102 - DataClientService-thread-2 56.60% workload is done. 
2026-06-01 17:34:10,594 INFO  cn.edu.tsinghua.iot.benchmark.mode.BaseMode:102 - DataClientService-thread-3 57.00% workload is done. 
2026-06-01 17:34:10,594 INFO  cn.edu.tsinghua.iot.benchmark.mode.BaseMode:102 - DataClientService-thread-4 57.60% workload is done. 
2026-06-01 17:34:10,594 INFO  cn.edu.tsinghua.iot.benchmark.mode.BaseMode:102 - DataClientService-thread-5 55.80% workload is done. 
2026-06-01 17:34:10,594 INFO  cn.edu.tsinghua.iot.benchmark.mode.BaseMode:102 - DataClientService-thread-6 57.70% workload is done. 
2026-06-01 17:34:10,594 INFO  cn.edu.tsinghua.iot.benchmark.mode.BaseMode:102 - DataClientService-thread-7 58.50% workload is done. 
2026-06-01 17:34:10,594 INFO  cn.edu.tsinghua.iot.benchmark.mode.BaseMode:102 - DataClientService-thread-8 56.40% workload is done. 
2026-06-01 17:34:10,594 INFO  cn.edu.tsinghua.iot.benchmark.mode.BaseMode:102 - DataClientService-thread-9 56.30% workload is done. 
2026-06-01 17:34:10,594 INFO  cn.edu.tsinghua.iot.benchmark.mode.BaseMode:102 - DataClientService-thread-10 56.40% workload is done. 
2026-06-01 17:34:15,594 INFO  cn.edu.tsinghua.iot.benchmark.mode.BaseMode:102 - DataClientService-thread-1 57.60% workload is done. 
2026-06-01 17:34:15,594 INFO  cn.edu.tsinghua.iot.benchmark.mode.BaseMode:102 - DataClientService-thread-2 56.90% workload is done. 
2026-06-01 17:34:15,594 INFO  cn.edu.tsinghua.iot.benchmark.mode.BaseMode:102 - DataClientService-thread-3 57.20% workload is done. 
2026-06-01 17:34:15,594 INFO  cn.edu.tsinghua.iot.benchmark.mode.BaseMode:102 - DataClientService-thread-4 57.90% workload is done. 
2026-06-01 17:34:15,594 INFO  cn.edu.tsinghua.iot.benchmark.mode.BaseMode:102 - DataClientService-thread-5 56.10% workload is done. 
2026-06-01 17:34:15,594 INFO  cn.edu.tsinghua.iot.benchmark.mode.BaseMode:102 - DataClientService-thread-6 58.00% workload is done. 
2026-06-01 17:34:15,594 INFO  cn.edu.tsinghua.iot.benchmark.mode.BaseMode:102 - DataClientService-thread-7 58.70% workload is done. 
2026-06-01 17:34:15,594 INFO  cn.edu.tsinghua.iot.benchmark.mode.BaseMode:102 - DataClientService-thread-8 56.60% workload is done. 
2026-06-01 17:34:15,594 INFO  cn.edu.tsinghua.iot.benchmark.mode.BaseMode:102 - DataClientService-thread-9 56.60% workload is done. 
2026-06-01 17:34:15,594 INFO  cn.edu.tsinghua.iot.benchmark.mode.BaseMode:102 - DataClientService-thread-10 56.60% workload is done. 
2026-06-01 17:34:20,594 INFO  cn.edu.tsinghua.iot.benchmark.mode.BaseMode:102 - DataClientService-thread-1 57.80% workload is done. 
2026-06-01 17:34:20,595 INFO  cn.edu.tsinghua.iot.benchmark.mode.BaseMode:102 - DataClientService-thread-2 57.10% workload is done. 
2026-06-01 17:34:20,595 INFO  cn.edu.tsinghua.iot.benchmark.mode.BaseMode:102 - DataClientService-thread-3 57.40% workload is done. 
2026-06-01 17:34:20,595 INFO  cn.edu.tsinghua.iot.benchmark.mode.BaseMode:102 - DataClientService-thread-4 58.10% workload is done. 
2026-06-01 17:34:20,595 INFO  cn.edu.tsinghua.iot.benchmark.mode.BaseMode:102 - DataClientService-thread-5 56.40% workload is done. 
2026-06-01 17:34:20,595 INFO  cn.edu.tsinghua.iot.benchmark.mode.BaseMode:102 - DataClientService-thread-6 58.20% workload is done. 
2026-06-01 17:34:20,595 INFO  cn.edu.tsinghua.iot.benchmark.mode.BaseMode:102 - DataClientService-thread-7 58.90% workload is done. 
2026-06-01 17:34:20,595 INFO  cn.edu.tsinghua.iot.benchmark.mode.BaseMode:102 - DataClientService-thread-8 57.00% workload is done. 
2026-06-01 17:34:20,595 INFO  cn.edu.tsinghua.iot.benchmark.mode.BaseMode:102 - DataClientService-thread-9 56.80% workload is done. 
2026-06-01 17:34:20,595 INFO  cn.edu.tsinghua.iot.benchmark.mode.BaseMode:102 - DataClientService-thread-10 56.90% workload is done. 
2026-06-01 17:34:25,594 INFO  cn.edu.tsinghua.iot.benchmark.mode.BaseMode:102 - DataClientService-thread-1 58.10% workload is done. 
2026-06-01 17:34:25,594 INFO  cn.edu.tsinghua.iot.benchmark.mode.BaseMode:102 - DataClientService-thread-2 57.40% workload is done. 
2026-06-01 17:34:25,594 INFO  cn.edu.tsinghua.iot.benchmark.mode.BaseMode:102 - DataClientService-thread-3 57.60% workload is done. 
2026-06-01 17:34:25,594 INFO  cn.edu.tsinghua.iot.benchmark.mode.BaseMode:102 - DataClientService-thread-4 58.60% workload is done. 
2026-06-01 17:34:25,594 INFO  cn.edu.tsinghua.iot.benchmark.mode.BaseMode:102 - DataClientService-thread-5 56.90% workload is done. 
2026-06-01 17:34:25,594 INFO  cn.edu.tsinghua.iot.benchmark.mode.BaseMode:102 - DataClientService-thread-6 58.60% workload is done. 
2026-06-01 17:34:25,594 INFO  cn.edu.tsinghua.iot.benchmark.mode.BaseMode:102 - DataClientService-thread-7 59.10% workload is done. 
2026-06-01 17:34:25,594 INFO  cn.edu.tsinghua.iot.benchmark.mode.BaseMode:102 - DataClientService-thread-8 57.30% workload is done. 
2026-06-01 17:34:25,594 INFO  cn.edu.tsinghua.iot.benchmark.mode.BaseMode:102 - DataClientService-thread-9 57.10% workload is done. 
2026-06-01 17:34:25,594 INFO  cn.edu.tsinghua.iot.benchmark.mode.BaseMode:102 - DataClientService-thread-10 57.10% workload is done. 
2026-06-01 17:34:30,594 INFO  cn.edu.tsinghua.iot.benchmark.mode.BaseMode:102 - DataClientService-thread-1 58.30% workload is done. 
2026-06-01 17:34:30,594 INFO  cn.edu.tsinghua.iot.benchmark.mode.BaseMode:102 - DataClientService-thread-2 57.60% workload is done. 
2026-06-01 17:34:30,594 INFO  cn.edu.tsinghua.iot.benchmark.mode.BaseMode:102 - DataClientService-thread-3 57.90% workload is done. 
2026-06-01 17:34:30,594 INFO  cn.edu.tsinghua.iot.benchmark.mode.BaseMode:102 - DataClientService-thread-4 58.90% workload is done. 
2026-06-01 17:34:30,594 INFO  cn.edu.tsinghua.iot.benchmark.mode.BaseMode:102 - DataClientService-thread-5 57.10% workload is done. 
2026-06-01 17:34:30,594 INFO  cn.edu.tsinghua.iot.benchmark.mode.BaseMode:102 - DataClientService-thread-6 58.80% workload is done. 
2026-06-01 17:34:30,594 INFO  cn.edu.tsinghua.iot.benchmark.mode.BaseMode:102 - DataClientService-thread-7 59.50% workload is done. 
2026-06-01 17:34:30,594 INFO  cn.edu.tsinghua.iot.benchmark.mode.BaseMode:102 - DataClientService-thread-8 57.60% workload is done. 
2026-06-01 17:34:30,594 INFO  cn.edu.tsinghua.iot.benchmark.mode.BaseMode:102 - DataClientService-thread-9 57.30% workload is done. 
2026-06-01 17:34:30,594 INFO  cn.edu.tsinghua.iot.benchmark.mode.BaseMode:102 - DataClientService-thread-10 57.50% workload is done. 
2026-06-01 17:34:35,594 INFO  cn.edu.tsinghua.iot.benchmark.mode.BaseMode:102 - DataClientService-thread-1 58.60% workload is done. 
2026-06-01 17:34:35,594 INFO  cn.edu.tsinghua.iot.benchmark.mode.BaseMode:102 - DataClientService-thread-2 57.90% workload is done. 
2026-06-01 17:34:35,594 INFO  cn.edu.tsinghua.iot.benchmark.mode.BaseMode:102 - DataClientService-thread-3 58.10% workload is done. 
2026-06-01 17:34:35,594 INFO  cn.edu.tsinghua.iot.benchmark.mode.BaseMode:102 - DataClientService-thread-4 59.20% workload is done. 
2026-06-01 17:34:35,594 INFO  cn.edu.tsinghua.iot.benchmark.mode.BaseMode:102 - DataClientService-thread-5 57.40% workload is done. 
2026-06-01 17:34:35,594 INFO  cn.edu.tsinghua.iot.benchmark.mode.BaseMode:102 - DataClientService-thread-6 59.10% workload is done. 
2026-06-01 17:34:35,594 INFO  cn.edu.tsinghua.iot.benchmark.mode.BaseMode:102 - DataClientService-thread-7 59.70% workload is done. 
2026-06-01 17:34:35,594 INFO  cn.edu.tsinghua.iot.benchmark.mode.BaseMode:102 - DataClientService-thread-8 57.80% workload is done. 
2026-06-01 17:34:35,594 INFO  cn.edu.tsinghua.iot.benchmark.mode.BaseMode:102 - DataClientService-thread-9 57.60% workload is done. 
2026-06-01 17:34:35,594 INFO  cn.edu.tsinghua.iot.benchmark.mode.BaseMode:102 - DataClientService-thread-10 57.70% workload is done. 
2026-06-01 17:34:40,594 INFO  cn.edu.tsinghua.iot.benchmark.mode.BaseMode:102 - DataClientService-thread-1 58.80% workload is done. 
2026-06-01 17:34:40,594 INFO  cn.edu.tsinghua.iot.benchmark.mode.BaseMode:102 - DataClientService-thread-2 58.10% workload is done. 
2026-06-01 17:34:40,594 INFO  cn.edu.tsinghua.iot.benchmark.mode.BaseMode:102 - DataClientService-thread-3 58.40% workload is done. 
2026-06-01 17:34:40,594 INFO  cn.edu.tsinghua.iot.benchmark.mode.BaseMode:102 - DataClientService-thread-4 59.40% workload is done. 
2026-06-01 17:34:40,594 INFO  cn.edu.tsinghua.iot.benchmark.mode.BaseMode:102 - DataClientService-thread-5 57.60% workload is done. 
2026-06-01 17:34:40,594 INFO  cn.edu.tsinghua.iot.benchmark.mode.BaseMode:102 - DataClientService-thread-6 59.30% workload is done. 
2026-06-01 17:34:40,594 INFO  cn.edu.tsinghua.iot.benchmark.mode.BaseMode:102 - DataClientService-thread-7 60.00% workload is done. 
2026-06-01 17:34:40,594 INFO  cn.edu.tsinghua.iot.benchmark.mode.BaseMode:102 - DataClientService-thread-8 58.20% workload is done. 
2026-06-01 17:34:40,594 INFO  cn.edu.tsinghua.iot.benchmark.mode.BaseMode:102 - DataClientService-thread-9 58.00% workload is done. 
2026-06-01 17:34:40,594 INFO  cn.edu.tsinghua.iot.benchmark.mode.BaseMode:102 - DataClientService-thread-10 58.00% workload is done. 
2026-06-01 17:34:45,594 INFO  cn.edu.tsinghua.iot.benchmark.mode.BaseMode:102 - DataClientService-thread-1 59.10% workload is done. 
2026-06-01 17:34:45,594 INFO  cn.edu.tsinghua.iot.benchmark.mode.BaseMode:102 - DataClientService-thread-2 58.40% workload is done. 
2026-06-01 17:34:45,594 INFO  cn.edu.tsinghua.iot.benchmark.mode.BaseMode:102 - DataClientService-thread-3 58.60% workload is done. 
2026-06-01 17:34:45,594 INFO  cn.edu.tsinghua.iot.benchmark.mode.BaseMode:102 - DataClientService-thread-4 59.70% workload is done. 
2026-06-01 17:34:45,594 INFO  cn.edu.tsinghua.iot.benchmark.mode.BaseMode:102 - DataClientService-thread-5 58.00% workload is done. 
2026-06-01 17:34:45,594 INFO  cn.edu.tsinghua.iot.benchmark.mode.BaseMode:102 - DataClientService-thread-6 59.50% workload is done. 
2026-06-01 17:34:45,594 INFO  cn.edu.tsinghua.iot.benchmark.mode.BaseMode:102 - DataClientService-thread-7 60.20% workload is done. 
2026-06-01 17:34:45,594 INFO  cn.edu.tsinghua.iot.benchmark.mode.BaseMode:102 - DataClientService-thread-8 58.40% workload is done. 
2026-06-01 17:34:45,594 INFO  cn.edu.tsinghua.iot.benchmark.mode.BaseMode:102 - DataClientService-thread-9 58.20% workload is done. 
2026-06-01 17:34:45,594 INFO  cn.edu.tsinghua.iot.benchmark.mode.BaseMode:102 - DataClientService-thread-10 58.20% workload is done. 
2026-06-01 17:34:50,594 INFO  cn.edu.tsinghua.iot.benchmark.mode.BaseMode:102 - DataClientService-thread-1 59.30% workload is done. 
2026-06-01 17:34:50,594 INFO  cn.edu.tsinghua.iot.benchmark.mode.BaseMode:102 - DataClientService-thread-2 58.60% workload is done. 
2026-06-01 17:34:50,594 INFO  cn.edu.tsinghua.iot.benchmark.mode.BaseMode:102 - DataClientService-thread-3 58.90% workload is done. 
2026-06-01 17:34:50,594 INFO  cn.edu.tsinghua.iot.benchmark.mode.BaseMode:102 - DataClientService-thread-4 59.90% workload is done. 
2026-06-01 17:34:50,594 INFO  cn.edu.tsinghua.iot.benchmark.mode.BaseMode:102 - DataClientService-thread-5 58.30% workload is done. 
2026-06-01 17:34:50,594 INFO  cn.edu.tsinghua.iot.benchmark.mode.BaseMode:102 - DataClientService-thread-6 59.80% workload is done. 
2026-06-01 17:34:50,594 INFO  cn.edu.tsinghua.iot.benchmark.mode.BaseMode:102 - DataClientService-thread-7 60.50% workload is done. 
2026-06-01 17:34:50,594 INFO  cn.edu.tsinghua.iot.benchmark.mode.BaseMode:102 - DataClientService-thread-8 58.70% workload is done. 
2026-06-01 17:34:50,594 INFO  cn.edu.tsinghua.iot.benchmark.mode.BaseMode:102 - DataClientService-thread-9 58.50% workload is done. 
2026-06-01 17:34:50,594 INFO  cn.edu.tsinghua.iot.benchmark.mode.BaseMode:102 - DataClientService-thread-10 58.50% workload is done. 
2026-06-01 17:34:55,594 INFO  cn.edu.tsinghua.iot.benchmark.mode.BaseMode:102 - DataClientService-thread-1 59.60% workload is done. 
2026-06-01 17:34:55,594 INFO  cn.edu.tsinghua.iot.benchmark.mode.BaseMode:102 - DataClientService-thread-2 58.90% workload is done. 
2026-06-01 17:34:55,594 INFO  cn.edu.tsinghua.iot.benchmark.mode.BaseMode:102 - DataClientService-thread-3 59.20% workload is done. 
2026-06-01 17:34:55,594 INFO  cn.edu.tsinghua.iot.benchmark.mode.BaseMode:102 - DataClientService-thread-4 60.20% workload is done. 
2026-06-01 17:34:55,594 INFO  cn.edu.tsinghua.iot.benchmark.mode.BaseMode:102 - DataClientService-thread-5 58.60% workload is done. 
2026-06-01 17:34:55,594 INFO  cn.edu.tsinghua.iot.benchmark.mode.BaseMode:102 - DataClientService-thread-6 60.00% workload is done. 
2026-06-01 17:34:55,594 INFO  cn.edu.tsinghua.iot.benchmark.mode.BaseMode:102 - DataClientService-thread-7 60.70% workload is done. 
2026-06-01 17:34:55,594 INFO  cn.edu.tsinghua.iot.benchmark.mode.BaseMode:102 - DataClientService-thread-8 58.90% workload is done. 
2026-06-01 17:34:55,594 INFO  cn.edu.tsinghua.iot.benchmark.mode.BaseMode:102 - DataClientService-thread-9 58.70% workload is done. 
2026-06-01 17:34:55,594 INFO  cn.edu.tsinghua.iot.benchmark.mode.BaseMode:102 - DataClientService-thread-10 58.80% workload is done. 
2026-06-01 17:35:00,594 INFO  cn.edu.tsinghua.iot.benchmark.mode.BaseMode:102 - DataClientService-thread-1 59.90% workload is done. 
2026-06-01 17:35:00,594 INFO  cn.edu.tsinghua.iot.benchmark.mode.BaseMode:102 - DataClientService-thread-2 59.20% workload is done. 
2026-06-01 17:35:00,594 INFO  cn.edu.tsinghua.iot.benchmark.mode.BaseMode:102 - DataClientService-thread-3 59.50% workload is done. 
2026-06-01 17:35:00,594 INFO  cn.edu.tsinghua.iot.benchmark.mode.BaseMode:102 - DataClientService-thread-4 60.50% workload is done. 
2026-06-01 17:35:00,594 INFO  cn.edu.tsinghua.iot.benchmark.mode.BaseMode:102 - DataClientService-thread-5 58.80% workload is done. 
2026-06-01 17:35:00,594 INFO  cn.edu.tsinghua.iot.benchmark.mode.BaseMode:102 - DataClientService-thread-6 60.30% workload is done. 
2026-06-01 17:35:00,594 INFO  cn.edu.tsinghua.iot.benchmark.mode.BaseMode:102 - DataClientService-thread-7 61.00% workload is done. 
2026-06-01 17:35:00,594 INFO  cn.edu.tsinghua.iot.benchmark.mode.BaseMode:102 - DataClientService-thread-8 59.20% workload is done. 
2026-06-01 17:35:00,594 INFO  cn.edu.tsinghua.iot.benchmark.mode.BaseMode:102 - DataClientService-thread-9 59.00% workload is done. 
2026-06-01 17:35:00,594 INFO  cn.edu.tsinghua.iot.benchmark.mode.BaseMode:102 - DataClientService-thread-10 59.10% workload is done. 
2026-06-01 17:35:05,594 INFO  cn.edu.tsinghua.iot.benchmark.mode.BaseMode:102 - DataClientService-thread-1 60.30% workload is done. 
2026-06-01 17:35:05,594 INFO  cn.edu.tsinghua.iot.benchmark.mode.BaseMode:102 - DataClientService-thread-2 59.60% workload is done. 
2026-06-01 17:35:05,594 INFO  cn.edu.tsinghua.iot.benchmark.mode.BaseMode:102 - DataClientService-thread-3 59.70% workload is done. 
2026-06-01 17:35:05,594 INFO  cn.edu.tsinghua.iot.benchmark.mode.BaseMode:102 - DataClientService-thread-4 60.80% workload is done. 
2026-06-01 17:35:05,594 INFO  cn.edu.tsinghua.iot.benchmark.mode.BaseMode:102 - DataClientService-thread-5 59.10% workload is done. 
2026-06-01 17:35:05,594 INFO  cn.edu.tsinghua.iot.benchmark.mode.BaseMode:102 - DataClientService-thread-6 60.50% workload is done. 
2026-06-01 17:35:05,594 INFO  cn.edu.tsinghua.iot.benchmark.mode.BaseMode:102 - DataClientService-thread-7 61.30% workload is done. 
2026-06-01 17:35:05,594 INFO  cn.edu.tsinghua.iot.benchmark.mode.BaseMode:102 - DataClientService-thread-8 59.40% workload is done. 
2026-06-01 17:35:05,594 INFO  cn.edu.tsinghua.iot.benchmark.mode.BaseMode:102 - DataClientService-thread-9 59.20% workload is done. 
2026-06-01 17:35:05,594 INFO  cn.edu.tsinghua.iot.benchmark.mode.BaseMode:102 - DataClientService-thread-10 59.30% workload is done. 
2026-06-01 17:35:10,594 INFO  cn.edu.tsinghua.iot.benchmark.mode.BaseMode:102 - DataClientService-thread-1 60.50% workload is done. 
2026-06-01 17:35:10,594 INFO  cn.edu.tsinghua.iot.benchmark.mode.BaseMode:102 - DataClientService-thread-2 59.80% workload is done. 
2026-06-01 17:35:10,594 INFO  cn.edu.tsinghua.iot.benchmark.mode.BaseMode:102 - DataClientService-thread-3 60.00% workload is done. 
2026-06-01 17:35:10,594 INFO  cn.edu.tsinghua.iot.benchmark.mode.BaseMode:102 - DataClientService-thread-4 61.00% workload is done. 
2026-06-01 17:35:10,594 INFO  cn.edu.tsinghua.iot.benchmark.mode.BaseMode:102 - DataClientService-thread-5 59.40% workload is done. 
2026-06-01 17:35:10,594 INFO  cn.edu.tsinghua.iot.benchmark.mode.BaseMode:102 - DataClientService-thread-6 60.90% workload is done. 
2026-06-01 17:35:10,594 INFO  cn.edu.tsinghua.iot.benchmark.mode.BaseMode:102 - DataClientService-thread-7 61.60% workload is done. 
2026-06-01 17:35:10,594 INFO  cn.edu.tsinghua.iot.benchmark.mode.BaseMode:102 - DataClientService-thread-8 59.70% workload is done. 
2026-06-01 17:35:10,594 INFO  cn.edu.tsinghua.iot.benchmark.mode.BaseMode:102 - DataClientService-thread-9 59.50% workload is done. 
2026-06-01 17:35:10,594 INFO  cn.edu.tsinghua.iot.benchmark.mode.BaseMode:102 - DataClientService-thread-10 59.70% workload is done. 
2026-06-01 17:35:15,594 INFO  cn.edu.tsinghua.iot.benchmark.mode.BaseMode:102 - DataClientService-thread-1 60.70% workload is done. 
2026-06-01 17:35:15,594 INFO  cn.edu.tsinghua.iot.benchmark.mode.BaseMode:102 - DataClientService-thread-2 60.00% workload is done. 
2026-06-01 17:35:15,594 INFO  cn.edu.tsinghua.iot.benchmark.mode.BaseMode:102 - DataClientService-thread-3 60.20% workload is done. 
2026-06-01 17:35:15,594 INFO  cn.edu.tsinghua.iot.benchmark.mode.BaseMode:102 - DataClientService-thread-4 61.30% workload is done. 
2026-06-01 17:35:15,594 INFO  cn.edu.tsinghua.iot.benchmark.mode.BaseMode:102 - DataClientService-thread-5 59.70% workload is done. 
2026-06-01 17:35:15,594 INFO  cn.edu.tsinghua.iot.benchmark.mode.BaseMode:102 - DataClientService-thread-6 61.40% workload is done. 
2026-06-01 17:35:15,594 INFO  cn.edu.tsinghua.iot.benchmark.mode.BaseMode:102 - DataClientService-thread-7 61.90% workload is done. 
2026-06-01 17:35:15,594 INFO  cn.edu.tsinghua.iot.benchmark.mode.BaseMode:102 - DataClientService-thread-8 59.90% workload is done. 
2026-06-01 17:35:15,594 INFO  cn.edu.tsinghua.iot.benchmark.mode.BaseMode:102 - DataClientService-thread-9 59.70% workload is done. 
2026-06-01 17:35:15,594 INFO  cn.edu.tsinghua.iot.benchmark.mode.BaseMode:102 - DataClientService-thread-10 59.90% workload is done. 
2026-06-01 17:35:20,594 INFO  cn.edu.tsinghua.iot.benchmark.mode.BaseMode:102 - DataClientService-thread-1 61.00% workload is done. 
2026-06-01 17:35:20,594 INFO  cn.edu.tsinghua.iot.benchmark.mode.BaseMode:102 - DataClientService-thread-2 60.40% workload is done. 
2026-06-01 17:35:20,594 INFO  cn.edu.tsinghua.iot.benchmark.mode.BaseMode:102 - DataClientService-thread-3 60.50% workload is done. 
2026-06-01 17:35:20,594 INFO  cn.edu.tsinghua.iot.benchmark.mode.BaseMode:102 - DataClientService-thread-4 61.60% workload is done. 
2026-06-01 17:35:20,594 INFO  cn.edu.tsinghua.iot.benchmark.mode.BaseMode:102 - DataClientService-thread-5 60.00% workload is done. 
2026-06-01 17:35:20,594 INFO  cn.edu.tsinghua.iot.benchmark.mode.BaseMode:102 - DataClientService-thread-6 61.70% workload is done. 
2026-06-01 17:35:20,595 INFO  cn.edu.tsinghua.iot.benchmark.mode.BaseMode:102 - DataClientService-thread-7 62.30% workload is done. 
2026-06-01 17:35:20,595 INFO  cn.edu.tsinghua.iot.benchmark.mode.BaseMode:102 - DataClientService-thread-8 60.30% workload is done. 
2026-06-01 17:35:20,595 INFO  cn.edu.tsinghua.iot.benchmark.mode.BaseMode:102 - DataClientService-thread-9 60.00% workload is done. 
2026-06-01 17:35:20,595 INFO  cn.edu.tsinghua.iot.benchmark.mode.BaseMode:102 - DataClientService-thread-10 60.20% workload is done. 
2026-06-01 17:35:25,594 INFO  cn.edu.tsinghua.iot.benchmark.mode.BaseMode:102 - DataClientService-thread-1 61.20% workload is done. 
2026-06-01 17:35:25,594 INFO  cn.edu.tsinghua.iot.benchmark.mode.BaseMode:102 - DataClientService-thread-2 60.60% workload is done. 
2026-06-01 17:35:25,594 INFO  cn.edu.tsinghua.iot.benchmark.mode.BaseMode:102 - DataClientService-thread-3 60.80% workload is done. 
2026-06-01 17:35:25,594 INFO  cn.edu.tsinghua.iot.benchmark.mode.BaseMode:102 - DataClientService-thread-4 61.80% workload is done. 
2026-06-01 17:35:25,594 INFO  cn.edu.tsinghua.iot.benchmark.mode.BaseMode:102 - DataClientService-thread-5 60.30% workload is done. 
2026-06-01 17:35:25,594 INFO  cn.edu.tsinghua.iot.benchmark.mode.BaseMode:102 - DataClientService-thread-6 62.00% workload is done. 
2026-06-01 17:35:25,594 INFO  cn.edu.tsinghua.iot.benchmark.mode.BaseMode:102 - DataClientService-thread-7 62.50% workload is done. 
2026-06-01 17:35:25,594 INFO  cn.edu.tsinghua.iot.benchmark.mode.BaseMode:102 - DataClientService-thread-8 60.50% workload is done. 
2026-06-01 17:35:25,594 INFO  cn.edu.tsinghua.iot.benchmark.mode.BaseMode:102 - DataClientService-thread-9 60.20% workload is done. 
2026-06-01 17:35:25,594 INFO  cn.edu.tsinghua.iot.benchmark.mode.BaseMode:102 - DataClientService-thread-10 60.40% workload is done. 
2026-06-01 17:35:30,594 INFO  cn.edu.tsinghua.iot.benchmark.mode.BaseMode:102 - DataClientService-thread-1 61.50% workload is done. 
2026-06-01 17:35:30,594 INFO  cn.edu.tsinghua.iot.benchmark.mode.BaseMode:102 - DataClientService-thread-2 60.90% workload is done. 
2026-06-01 17:35:30,594 INFO  cn.edu.tsinghua.iot.benchmark.mode.BaseMode:102 - DataClientService-thread-3 61.00% workload is done. 
2026-06-01 17:35:30,594 INFO  cn.edu.tsinghua.iot.benchmark.mode.BaseMode:102 - DataClientService-thread-4 62.10% workload is done. 
2026-06-01 17:35:30,594 INFO  cn.edu.tsinghua.iot.benchmark.mode.BaseMode:102 - DataClientService-thread-5 60.60% workload is done. 
2026-06-01 17:35:30,594 INFO  cn.edu.tsinghua.iot.benchmark.mode.BaseMode:102 - DataClientService-thread-6 62.30% workload is done. 
2026-06-01 17:35:30,594 INFO  cn.edu.tsinghua.iot.benchmark.mode.BaseMode:102 - DataClientService-thread-7 62.80% workload is done. 
2026-06-01 17:35:30,594 INFO  cn.edu.tsinghua.iot.benchmark.mode.BaseMode:102 - DataClientService-thread-8 60.90% workload is done. 
2026-06-01 17:35:30,594 INFO  cn.edu.tsinghua.iot.benchmark.mode.BaseMode:102 - DataClientService-thread-9 60.60% workload is done. 
2026-06-01 17:35:30,594 INFO  cn.edu.tsinghua.iot.benchmark.mode.BaseMode:102 - DataClientService-thread-10 60.70% workload is done. 
2026-06-01 17:35:35,594 INFO  cn.edu.tsinghua.iot.benchmark.mode.BaseMode:102 - DataClientService-thread-1 61.70% workload is done. 
2026-06-01 17:35:35,594 INFO  cn.edu.tsinghua.iot.benchmark.mode.BaseMode:102 - DataClientService-thread-2 61.10% workload is done. 
2026-06-01 17:35:35,594 INFO  cn.edu.tsinghua.iot.benchmark.mode.BaseMode:102 - DataClientService-thread-3 61.30% workload is done. 
2026-06-01 17:35:35,594 INFO  cn.edu.tsinghua.iot.benchmark.mode.BaseMode:102 - DataClientService-thread-4 62.30% workload is done. 
2026-06-01 17:35:35,594 INFO  cn.edu.tsinghua.iot.benchmark.mode.BaseMode:102 - DataClientService-thread-5 60.80% workload is done. 
2026-06-01 17:35:35,594 INFO  cn.edu.tsinghua.iot.benchmark.mode.BaseMode:102 - DataClientService-thread-6 62.50% workload is done. 
2026-06-01 17:35:35,594 INFO  cn.edu.tsinghua.iot.benchmark.mode.BaseMode:102 - DataClientService-thread-7 63.10% workload is done. 
2026-06-01 17:35:35,594 INFO  cn.edu.tsinghua.iot.benchmark.mode.BaseMode:102 - DataClientService-thread-8 61.10% workload is done. 
2026-06-01 17:35:35,594 INFO  cn.edu.tsinghua.iot.benchmark.mode.BaseMode:102 - DataClientService-thread-9 60.80% workload is done. 
2026-06-01 17:35:35,594 INFO  cn.edu.tsinghua.iot.benchmark.mode.BaseMode:102 - DataClientService-thread-10 60.90% workload is done. 
2026-06-01 17:35:40,594 INFO  cn.edu.tsinghua.iot.benchmark.mode.BaseMode:102 - DataClientService-thread-1 62.00% workload is done. 
2026-06-01 17:35:40,594 INFO  cn.edu.tsinghua.iot.benchmark.mode.BaseMode:102 - DataClientService-thread-2 61.40% workload is done. 
2026-06-01 17:35:40,594 INFO  cn.edu.tsinghua.iot.benchmark.mode.BaseMode:102 - DataClientService-thread-3 61.60% workload is done. 
2026-06-01 17:35:40,594 INFO  cn.edu.tsinghua.iot.benchmark.mode.BaseMode:102 - DataClientService-thread-4 62.60% workload is done. 
2026-06-01 17:35:40,594 INFO  cn.edu.tsinghua.iot.benchmark.mode.BaseMode:102 - DataClientService-thread-5 61.10% workload is done. 
2026-06-01 17:35:40,594 INFO  cn.edu.tsinghua.iot.benchmark.mode.BaseMode:102 - DataClientService-thread-6 62.80% workload is done. 
2026-06-01 17:35:40,594 INFO  cn.edu.tsinghua.iot.benchmark.mode.BaseMode:102 - DataClientService-thread-7 63.40% workload is done. 
2026-06-01 17:35:40,594 INFO  cn.edu.tsinghua.iot.benchmark.mode.BaseMode:102 - DataClientService-thread-8 61.40% workload is done. 
2026-06-01 17:35:40,594 INFO  cn.edu.tsinghua.iot.benchmark.mode.BaseMode:102 - DataClientService-thread-9 61.20% workload is done. 
2026-06-01 17:35:40,594 INFO  cn.edu.tsinghua.iot.benchmark.mode.BaseMode:102 - DataClientService-thread-10 61.20% workload is done. 
2026-06-01 17:35:45,594 INFO  cn.edu.tsinghua.iot.benchmark.mode.BaseMode:102 - DataClientService-thread-1 62.20% workload is done. 
2026-06-01 17:35:45,594 INFO  cn.edu.tsinghua.iot.benchmark.mode.BaseMode:102 - DataClientService-thread-2 61.60% workload is done. 
2026-06-01 17:35:45,594 INFO  cn.edu.tsinghua.iot.benchmark.mode.BaseMode:102 - DataClientService-thread-3 61.90% workload is done. 
2026-06-01 17:35:45,594 INFO  cn.edu.tsinghua.iot.benchmark.mode.BaseMode:102 - DataClientService-thread-4 62.80% workload is done. 
2026-06-01 17:35:45,594 INFO  cn.edu.tsinghua.iot.benchmark.mode.BaseMode:102 - DataClientService-thread-5 61.30% workload is done. 
2026-06-01 17:35:45,594 INFO  cn.edu.tsinghua.iot.benchmark.mode.BaseMode:102 - DataClientService-thread-6 63.00% workload is done. 
2026-06-01 17:35:45,594 INFO  cn.edu.tsinghua.iot.benchmark.mode.BaseMode:102 - DataClientService-thread-7 63.60% workload is done. 
2026-06-01 17:35:45,594 INFO  cn.edu.tsinghua.iot.benchmark.mode.BaseMode:102 - DataClientService-thread-8 61.70% workload is done. 
2026-06-01 17:35:45,594 INFO  cn.edu.tsinghua.iot.benchmark.mode.BaseMode:102 - DataClientService-thread-9 61.40% workload is done. 
2026-06-01 17:35:45,594 INFO  cn.edu.tsinghua.iot.benchmark.mode.BaseMode:102 - DataClientService-thread-10 61.40% workload is done. 
2026-06-01 17:35:50,594 INFO  cn.edu.tsinghua.iot.benchmark.mode.BaseMode:102 - DataClientService-thread-1 62.50% workload is done. 
2026-06-01 17:35:50,594 INFO  cn.edu.tsinghua.iot.benchmark.mode.BaseMode:102 - DataClientService-thread-2 61.90% workload is done. 
2026-06-01 17:35:50,594 INFO  cn.edu.tsinghua.iot.benchmark.mode.BaseMode:102 - DataClientService-thread-3 62.10% workload is done. 
2026-06-01 17:35:50,594 INFO  cn.edu.tsinghua.iot.benchmark.mode.BaseMode:102 - DataClientService-thread-4 63.10% workload is done. 
2026-06-01 17:35:50,594 INFO  cn.edu.tsinghua.iot.benchmark.mode.BaseMode:102 - DataClientService-thread-5 61.60% workload is done. 
2026-06-01 17:35:50,594 INFO  cn.edu.tsinghua.iot.benchmark.mode.BaseMode:102 - DataClientService-thread-6 63.30% workload is done. 
2026-06-01 17:35:50,594 INFO  cn.edu.tsinghua.iot.benchmark.mode.BaseMode:102 - DataClientService-thread-7 63.90% workload is done. 
2026-06-01 17:35:50,594 INFO  cn.edu.tsinghua.iot.benchmark.mode.BaseMode:102 - DataClientService-thread-8 62.20% workload is done. 
2026-06-01 17:35:50,594 INFO  cn.edu.tsinghua.iot.benchmark.mode.BaseMode:102 - DataClientService-thread-9 61.80% workload is done. 
2026-06-01 17:35:50,594 INFO  cn.edu.tsinghua.iot.benchmark.mode.BaseMode:102 - DataClientService-thread-10 61.70% workload is done. 
2026-06-01 17:35:55,594 INFO  cn.edu.tsinghua.iot.benchmark.mode.BaseMode:102 - DataClientService-thread-1 62.70% workload is done. 
2026-06-01 17:35:55,594 INFO  cn.edu.tsinghua.iot.benchmark.mode.BaseMode:102 - DataClientService-thread-2 62.10% workload is done. 
2026-06-01 17:35:55,594 INFO  cn.edu.tsinghua.iot.benchmark.mode.BaseMode:102 - DataClientService-thread-3 62.40% workload is done. 
2026-06-01 17:35:55,594 INFO  cn.edu.tsinghua.iot.benchmark.mode.BaseMode:102 - DataClientService-thread-4 63.30% workload is done. 
2026-06-01 17:35:55,594 INFO  cn.edu.tsinghua.iot.benchmark.mode.BaseMode:102 - DataClientService-thread-5 61.80% workload is done. 
2026-06-01 17:35:55,594 INFO  cn.edu.tsinghua.iot.benchmark.mode.BaseMode:102 - DataClientService-thread-6 63.50% workload is done. 
2026-06-01 17:35:55,594 INFO  cn.edu.tsinghua.iot.benchmark.mode.BaseMode:102 - DataClientService-thread-7 64.10% workload is done. 
2026-06-01 17:35:55,594 INFO  cn.edu.tsinghua.iot.benchmark.mode.BaseMode:102 - DataClientService-thread-8 62.40% workload is done. 
2026-06-01 17:35:55,594 INFO  cn.edu.tsinghua.iot.benchmark.mode.BaseMode:102 - DataClientService-thread-9 62.00% workload is done. 
2026-06-01 17:35:55,594 INFO  cn.edu.tsinghua.iot.benchmark.mode.BaseMode:102 - DataClientService-thread-10 61.90% workload is done. 
2026-06-01 17:36:00,594 INFO  cn.edu.tsinghua.iot.benchmark.mode.BaseMode:102 - DataClientService-thread-1 63.00% workload is done. 
2026-06-01 17:36:00,594 INFO  cn.edu.tsinghua.iot.benchmark.mode.BaseMode:102 - DataClientService-thread-2 62.40% workload is done. 
2026-06-01 17:36:00,594 INFO  cn.edu.tsinghua.iot.benchmark.mode.BaseMode:102 - DataClientService-thread-3 62.60% workload is done. 
2026-06-01 17:36:00,594 INFO  cn.edu.tsinghua.iot.benchmark.mode.BaseMode:102 - DataClientService-thread-4 63.60% workload is done. 
2026-06-01 17:36:00,594 INFO  cn.edu.tsinghua.iot.benchmark.mode.BaseMode:102 - DataClientService-thread-5 62.10% workload is done. 
2026-06-01 17:36:00,594 INFO  cn.edu.tsinghua.iot.benchmark.mode.BaseMode:102 - DataClientService-thread-6 63.80% workload is done. 
2026-06-01 17:36:00,594 INFO  cn.edu.tsinghua.iot.benchmark.mode.BaseMode:102 - DataClientService-thread-7 64.40% workload is done. 
2026-06-01 17:36:00,594 INFO  cn.edu.tsinghua.iot.benchmark.mode.BaseMode:102 - DataClientService-thread-8 62.60% workload is done. 
2026-06-01 17:36:00,594 INFO  cn.edu.tsinghua.iot.benchmark.mode.BaseMode:102 - DataClientService-thread-9 62.30% workload is done. 
2026-06-01 17:36:00,594 INFO  cn.edu.tsinghua.iot.benchmark.mode.BaseMode:102 - DataClientService-thread-10 62.10% workload is done. 
2026-06-01 17:36:05,594 INFO  cn.edu.tsinghua.iot.benchmark.mode.BaseMode:102 - DataClientService-thread-1 63.20% workload is done. 
2026-06-01 17:36:05,594 INFO  cn.edu.tsinghua.iot.benchmark.mode.BaseMode:102 - DataClientService-thread-2 62.60% workload is done. 
2026-06-01 17:36:05,594 INFO  cn.edu.tsinghua.iot.benchmark.mode.BaseMode:102 - DataClientService-thread-3 62.90% workload is done. 
2026-06-01 17:36:05,594 INFO  cn.edu.tsinghua.iot.benchmark.mode.BaseMode:102 - DataClientService-thread-4 63.80% workload is done. 
2026-06-01 17:36:05,594 INFO  cn.edu.tsinghua.iot.benchmark.mode.BaseMode:102 - DataClientService-thread-5 62.30% workload is done. 
2026-06-01 17:36:05,594 INFO  cn.edu.tsinghua.iot.benchmark.mode.BaseMode:102 - DataClientService-thread-6 64.00% workload is done. 
2026-06-01 17:36:05,594 INFO  cn.edu.tsinghua.iot.benchmark.mode.BaseMode:102 - DataClientService-thread-7 64.60% workload is done. 
2026-06-01 17:36:05,594 INFO  cn.edu.tsinghua.iot.benchmark.mode.BaseMode:102 - DataClientService-thread-8 62.90% workload is done. 
2026-06-01 17:36:05,594 INFO  cn.edu.tsinghua.iot.benchmark.mode.BaseMode:102 - DataClientService-thread-9 62.50% workload is done. 
2026-06-01 17:36:05,594 INFO  cn.edu.tsinghua.iot.benchmark.mode.BaseMode:102 - DataClientService-thread-10 62.40% workload is done. 
2026-06-01 17:36:10,594 INFO  cn.edu.tsinghua.iot.benchmark.mode.BaseMode:102 - DataClientService-thread-1 63.70% workload is done. 
2026-06-01 17:36:10,594 INFO  cn.edu.tsinghua.iot.benchmark.mode.BaseMode:102 - DataClientService-thread-2 62.90% workload is done. 
2026-06-01 17:36:10,594 INFO  cn.edu.tsinghua.iot.benchmark.mode.BaseMode:102 - DataClientService-thread-3 63.10% workload is done. 
2026-06-01 17:36:10,594 INFO  cn.edu.tsinghua.iot.benchmark.mode.BaseMode:102 - DataClientService-thread-4 64.10% workload is done. 
2026-06-01 17:36:10,594 INFO  cn.edu.tsinghua.iot.benchmark.mode.BaseMode:102 - DataClientService-thread-5 62.60% workload is done. 
2026-06-01 17:36:10,594 INFO  cn.edu.tsinghua.iot.benchmark.mode.BaseMode:102 - DataClientService-thread-6 64.30% workload is done. 
2026-06-01 17:36:10,594 INFO  cn.edu.tsinghua.iot.benchmark.mode.BaseMode:102 - DataClientService-thread-7 64.90% workload is done. 
2026-06-01 17:36:10,594 INFO  cn.edu.tsinghua.iot.benchmark.mode.BaseMode:102 - DataClientService-thread-8 63.10% workload is done. 
2026-06-01 17:36:10,594 INFO  cn.edu.tsinghua.iot.benchmark.mode.BaseMode:102 - DataClientService-thread-9 62.80% workload is done. 
2026-06-01 17:36:10,594 INFO  cn.edu.tsinghua.iot.benchmark.mode.BaseMode:102 - DataClientService-thread-10 62.60% workload is done. 
2026-06-01 17:36:15,594 INFO  cn.edu.tsinghua.iot.benchmark.mode.BaseMode:102 - DataClientService-thread-1 63.90% workload is done. 
2026-06-01 17:36:15,596 INFO  cn.edu.tsinghua.iot.benchmark.mode.BaseMode:102 - DataClientService-thread-2 63.10% workload is done. 
2026-06-01 17:36:15,596 INFO  cn.edu.tsinghua.iot.benchmark.mode.BaseMode:102 - DataClientService-thread-3 63.40% workload is done. 
2026-06-01 17:36:15,596 INFO  cn.edu.tsinghua.iot.benchmark.mode.BaseMode:102 - DataClientService-thread-4 64.40% workload is done. 
2026-06-01 17:36:15,596 INFO  cn.edu.tsinghua.iot.benchmark.mode.BaseMode:102 - DataClientService-thread-5 62.80% workload is done. 
2026-06-01 17:36:15,596 INFO  cn.edu.tsinghua.iot.benchmark.mode.BaseMode:102 - DataClientService-thread-6 64.50% workload is done. 
2026-06-01 17:36:15,596 INFO  cn.edu.tsinghua.iot.benchmark.mode.BaseMode:102 - DataClientService-thread-7 65.10% workload is done. 
2026-06-01 17:36:15,596 INFO  cn.edu.tsinghua.iot.benchmark.mode.BaseMode:102 - DataClientService-thread-8 63.40% workload is done. 
2026-06-01 17:36:15,596 INFO  cn.edu.tsinghua.iot.benchmark.mode.BaseMode:102 - DataClientService-thread-9 63.10% workload is done. 
2026-06-01 17:36:15,596 INFO  cn.edu.tsinghua.iot.benchmark.mode.BaseMode:102 - DataClientService-thread-10 62.90% workload is done. 
2026-06-01 17:36:20,594 INFO  cn.edu.tsinghua.iot.benchmark.mode.BaseMode:102 - DataClientService-thread-1 64.30% workload is done. 
2026-06-01 17:36:20,594 INFO  cn.edu.tsinghua.iot.benchmark.mode.BaseMode:102 - DataClientService-thread-2 63.60% workload is done. 
2026-06-01 17:36:20,594 INFO  cn.edu.tsinghua.iot.benchmark.mode.BaseMode:102 - DataClientService-thread-3 63.60% workload is done. 
2026-06-01 17:36:20,594 INFO  cn.edu.tsinghua.iot.benchmark.mode.BaseMode:102 - DataClientService-thread-4 64.70% workload is done. 
2026-06-01 17:36:20,594 INFO  cn.edu.tsinghua.iot.benchmark.mode.BaseMode:102 - DataClientService-thread-5 63.10% workload is done. 
2026-06-01 17:36:20,594 INFO  cn.edu.tsinghua.iot.benchmark.mode.BaseMode:102 - DataClientService-thread-6 64.90% workload is done. 
2026-06-01 17:36:20,594 INFO  cn.edu.tsinghua.iot.benchmark.mode.BaseMode:102 - DataClientService-thread-7 65.50% workload is done. 
2026-06-01 17:36:20,594 INFO  cn.edu.tsinghua.iot.benchmark.mode.BaseMode:102 - DataClientService-thread-8 63.60% workload is done. 
2026-06-01 17:36:20,594 INFO  cn.edu.tsinghua.iot.benchmark.mode.BaseMode:102 - DataClientService-thread-9 63.40% workload is done. 
2026-06-01 17:36:20,594 INFO  cn.edu.tsinghua.iot.benchmark.mode.BaseMode:102 - DataClientService-thread-10 63.10% workload is done. 
2026-06-01 17:36:25,594 INFO  cn.edu.tsinghua.iot.benchmark.mode.BaseMode:102 - DataClientService-thread-1 64.50% workload is done. 
2026-06-01 17:36:25,594 INFO  cn.edu.tsinghua.iot.benchmark.mode.BaseMode:102 - DataClientService-thread-2 63.80% workload is done. 
2026-06-01 17:36:25,594 INFO  cn.edu.tsinghua.iot.benchmark.mode.BaseMode:102 - DataClientService-thread-3 63.90% workload is done. 
2026-06-01 17:36:25,594 INFO  cn.edu.tsinghua.iot.benchmark.mode.BaseMode:102 - DataClientService-thread-4 64.90% workload is done. 
2026-06-01 17:36:25,594 INFO  cn.edu.tsinghua.iot.benchmark.mode.BaseMode:102 - DataClientService-thread-5 63.50% workload is done. 
2026-06-01 17:36:25,594 INFO  cn.edu.tsinghua.iot.benchmark.mode.BaseMode:102 - DataClientService-thread-6 65.20% workload is done. 
2026-06-01 17:36:25,594 INFO  cn.edu.tsinghua.iot.benchmark.mode.BaseMode:102 - DataClientService-thread-7 65.70% workload is done. 
2026-06-01 17:36:25,594 INFO  cn.edu.tsinghua.iot.benchmark.mode.BaseMode:102 - DataClientService-thread-8 63.90% workload is done. 
2026-06-01 17:36:25,594 INFO  cn.edu.tsinghua.iot.benchmark.mode.BaseMode:102 - DataClientService-thread-9 63.70% workload is done. 
2026-06-01 17:36:25,594 INFO  cn.edu.tsinghua.iot.benchmark.mode.BaseMode:102 - DataClientService-thread-10 63.40% workload is done. 
2026-06-01 17:36:30,594 INFO  cn.edu.tsinghua.iot.benchmark.mode.BaseMode:102 - DataClientService-thread-1 64.90% workload is done. 
2026-06-01 17:36:30,594 INFO  cn.edu.tsinghua.iot.benchmark.mode.BaseMode:102 - DataClientService-thread-2 64.00% workload is done. 
2026-06-01 17:36:30,594 INFO  cn.edu.tsinghua.iot.benchmark.mode.BaseMode:102 - DataClientService-thread-3 64.10% workload is done. 
2026-06-01 17:36:30,594 INFO  cn.edu.tsinghua.iot.benchmark.mode.BaseMode:102 - DataClientService-thread-4 65.20% workload is done. 
2026-06-01 17:36:30,594 INFO  cn.edu.tsinghua.iot.benchmark.mode.BaseMode:102 - DataClientService-thread-5 63.70% workload is done. 
2026-06-01 17:36:30,594 INFO  cn.edu.tsinghua.iot.benchmark.mode.BaseMode:102 - DataClientService-thread-6 65.40% workload is done. 
2026-06-01 17:36:30,594 INFO  cn.edu.tsinghua.iot.benchmark.mode.BaseMode:102 - DataClientService-thread-7 66.00% workload is done. 
2026-06-01 17:36:30,594 INFO  cn.edu.tsinghua.iot.benchmark.mode.BaseMode:102 - DataClientService-thread-8 64.10% workload is done. 
2026-06-01 17:36:30,594 INFO  cn.edu.tsinghua.iot.benchmark.mode.BaseMode:102 - DataClientService-thread-9 64.00% workload is done. 
2026-06-01 17:36:30,594 INFO  cn.edu.tsinghua.iot.benchmark.mode.BaseMode:102 - DataClientService-thread-10 63.60% workload is done. 
2026-06-01 17:36:35,594 INFO  cn.edu.tsinghua.iot.benchmark.mode.BaseMode:102 - DataClientService-thread-1 65.10% workload is done. 
2026-06-01 17:36:35,594 INFO  cn.edu.tsinghua.iot.benchmark.mode.BaseMode:102 - DataClientService-thread-2 64.30% workload is done. 
2026-06-01 17:36:35,594 INFO  cn.edu.tsinghua.iot.benchmark.mode.BaseMode:102 - DataClientService-thread-3 64.40% workload is done. 
2026-06-01 17:36:35,594 INFO  cn.edu.tsinghua.iot.benchmark.mode.BaseMode:102 - DataClientService-thread-4 65.40% workload is done. 
2026-06-01 17:36:35,594 INFO  cn.edu.tsinghua.iot.benchmark.mode.BaseMode:102 - DataClientService-thread-5 64.00% workload is done. 
2026-06-01 17:36:35,594 INFO  cn.edu.tsinghua.iot.benchmark.mode.BaseMode:102 - DataClientService-thread-6 65.80% workload is done. 
2026-06-01 17:36:35,594 INFO  cn.edu.tsinghua.iot.benchmark.mode.BaseMode:102 - DataClientService-thread-7 66.20% workload is done. 
2026-06-01 17:36:35,594 INFO  cn.edu.tsinghua.iot.benchmark.mode.BaseMode:102 - DataClientService-thread-8 64.50% workload is done. 
2026-06-01 17:36:35,594 INFO  cn.edu.tsinghua.iot.benchmark.mode.BaseMode:102 - DataClientService-thread-9 64.20% workload is done. 
2026-06-01 17:36:35,594 INFO  cn.edu.tsinghua.iot.benchmark.mode.BaseMode:102 - DataClientService-thread-10 63.90% workload is done. 
2026-06-01 17:36:40,594 INFO  cn.edu.tsinghua.iot.benchmark.mode.BaseMode:102 - DataClientService-thread-1 65.40% workload is done. 
2026-06-01 17:36:40,594 INFO  cn.edu.tsinghua.iot.benchmark.mode.BaseMode:102 - DataClientService-thread-2 64.60% workload is done. 
2026-06-01 17:36:40,594 INFO  cn.edu.tsinghua.iot.benchmark.mode.BaseMode:102 - DataClientService-thread-3 64.60% workload is done. 
2026-06-01 17:36:40,594 INFO  cn.edu.tsinghua.iot.benchmark.mode.BaseMode:102 - DataClientService-thread-4 65.70% workload is done. 
2026-06-01 17:36:40,594 INFO  cn.edu.tsinghua.iot.benchmark.mode.BaseMode:102 - DataClientService-thread-5 64.20% workload is done. 
2026-06-01 17:36:40,594 INFO  cn.edu.tsinghua.iot.benchmark.mode.BaseMode:102 - DataClientService-thread-6 66.00% workload is done. 
2026-06-01 17:36:40,594 INFO  cn.edu.tsinghua.iot.benchmark.mode.BaseMode:102 - DataClientService-thread-7 66.40% workload is done. 
2026-06-01 17:36:40,594 INFO  cn.edu.tsinghua.iot.benchmark.mode.BaseMode:102 - DataClientService-thread-8 64.80% workload is done. 
2026-06-01 17:36:40,594 INFO  cn.edu.tsinghua.iot.benchmark.mode.BaseMode:102 - DataClientService-thread-9 64.50% workload is done. 
2026-06-01 17:36:40,594 INFO  cn.edu.tsinghua.iot.benchmark.mode.BaseMode:102 - DataClientService-thread-10 64.20% workload is done. 
2026-06-01 17:36:45,594 INFO  cn.edu.tsinghua.iot.benchmark.mode.BaseMode:102 - DataClientService-thread-1 65.80% workload is done. 
2026-06-01 17:36:45,594 INFO  cn.edu.tsinghua.iot.benchmark.mode.BaseMode:102 - DataClientService-thread-2 64.90% workload is done. 
2026-06-01 17:36:45,594 INFO  cn.edu.tsinghua.iot.benchmark.mode.BaseMode:102 - DataClientService-thread-3 64.90% workload is done. 
2026-06-01 17:36:45,594 INFO  cn.edu.tsinghua.iot.benchmark.mode.BaseMode:102 - DataClientService-thread-4 65.90% workload is done. 
2026-06-01 17:36:45,594 INFO  cn.edu.tsinghua.iot.benchmark.mode.BaseMode:102 - DataClientService-thread-5 64.50% workload is done. 
2026-06-01 17:36:45,594 INFO  cn.edu.tsinghua.iot.benchmark.mode.BaseMode:102 - DataClientService-thread-6 66.30% workload is done. 
2026-06-01 17:36:45,594 INFO  cn.edu.tsinghua.iot.benchmark.mode.BaseMode:102 - DataClientService-thread-7 66.80% workload is done. 
2026-06-01 17:36:45,594 INFO  cn.edu.tsinghua.iot.benchmark.mode.BaseMode:102 - DataClientService-thread-8 65.10% workload is done. 
2026-06-01 17:36:45,594 INFO  cn.edu.tsinghua.iot.benchmark.mode.BaseMode:102 - DataClientService-thread-9 64.70% workload is done. 
2026-06-01 17:36:45,594 INFO  cn.edu.tsinghua.iot.benchmark.mode.BaseMode:102 - DataClientService-thread-10 64.60% workload is done. 
2026-06-01 17:36:50,594 INFO  cn.edu.tsinghua.iot.benchmark.mode.BaseMode:102 - DataClientService-thread-1 66.10% workload is done. 
2026-06-01 17:36:50,594 INFO  cn.edu.tsinghua.iot.benchmark.mode.BaseMode:102 - DataClientService-thread-2 65.20% workload is done. 
2026-06-01 17:36:50,594 INFO  cn.edu.tsinghua.iot.benchmark.mode.BaseMode:102 - DataClientService-thread-3 65.10% workload is done. 
2026-06-01 17:36:50,594 INFO  cn.edu.tsinghua.iot.benchmark.mode.BaseMode:102 - DataClientService-thread-4 66.30% workload is done. 
2026-06-01 17:36:50,594 INFO  cn.edu.tsinghua.iot.benchmark.mode.BaseMode:102 - DataClientService-thread-5 64.70% workload is done. 
2026-06-01 17:36:50,594 INFO  cn.edu.tsinghua.iot.benchmark.mode.BaseMode:102 - DataClientService-thread-6 66.50% workload is done. 
2026-06-01 17:36:50,594 INFO  cn.edu.tsinghua.iot.benchmark.mode.BaseMode:102 - DataClientService-thread-7 67.10% workload is done. 
2026-06-01 17:36:50,594 INFO  cn.edu.tsinghua.iot.benchmark.mode.BaseMode:102 - DataClientService-thread-8 65.40% workload is done. 
2026-06-01 17:36:50,594 INFO  cn.edu.tsinghua.iot.benchmark.mode.BaseMode:102 - DataClientService-thread-9 65.00% workload is done. 
2026-06-01 17:36:50,594 INFO  cn.edu.tsinghua.iot.benchmark.mode.BaseMode:102 - DataClientService-thread-10 64.80% workload is done. 
2026-06-01 17:36:55,594 INFO  cn.edu.tsinghua.iot.benchmark.mode.BaseMode:102 - DataClientService-thread-1 66.30% workload is done. 
2026-06-01 17:36:55,594 INFO  cn.edu.tsinghua.iot.benchmark.mode.BaseMode:102 - DataClientService-thread-2 65.50% workload is done. 
2026-06-01 17:36:55,594 INFO  cn.edu.tsinghua.iot.benchmark.mode.BaseMode:102 - DataClientService-thread-3 65.40% workload is done. 
2026-06-01 17:36:55,594 INFO  cn.edu.tsinghua.iot.benchmark.mode.BaseMode:102 - DataClientService-thread-4 66.50% workload is done. 
2026-06-01 17:36:55,594 INFO  cn.edu.tsinghua.iot.benchmark.mode.BaseMode:102 - DataClientService-thread-5 65.00% workload is done. 
2026-06-01 17:36:55,594 INFO  cn.edu.tsinghua.iot.benchmark.mode.BaseMode:102 - DataClientService-thread-6 66.80% workload is done. 
2026-06-01 17:36:55,594 INFO  cn.edu.tsinghua.iot.benchmark.mode.BaseMode:102 - DataClientService-thread-7 67.50% workload is done. 
2026-06-01 17:36:55,594 INFO  cn.edu.tsinghua.iot.benchmark.mode.BaseMode:102 - DataClientService-thread-8 65.70% workload is done. 
2026-06-01 17:36:55,594 INFO  cn.edu.tsinghua.iot.benchmark.mode.BaseMode:102 - DataClientService-thread-9 65.20% workload is done. 
2026-06-01 17:36:55,594 INFO  cn.edu.tsinghua.iot.benchmark.mode.BaseMode:102 - DataClientService-thread-10 65.10% workload is done. 
2026-06-01 17:37:00,594 INFO  cn.edu.tsinghua.iot.benchmark.mode.BaseMode:102 - DataClientService-thread-1 66.60% workload is done. 
2026-06-01 17:37:00,594 INFO  cn.edu.tsinghua.iot.benchmark.mode.BaseMode:102 - DataClientService-thread-2 65.70% workload is done. 
2026-06-01 17:37:00,594 INFO  cn.edu.tsinghua.iot.benchmark.mode.BaseMode:102 - DataClientService-thread-3 65.60% workload is done. 
2026-06-01 17:37:00,594 INFO  cn.edu.tsinghua.iot.benchmark.mode.BaseMode:102 - DataClientService-thread-4 66.80% workload is done. 
2026-06-01 17:37:00,594 INFO  cn.edu.tsinghua.iot.benchmark.mode.BaseMode:102 - DataClientService-thread-5 65.20% workload is done. 
2026-06-01 17:37:00,594 INFO  cn.edu.tsinghua.iot.benchmark.mode.BaseMode:102 - DataClientService-thread-6 67.20% workload is done. 
2026-06-01 17:37:00,594 INFO  cn.edu.tsinghua.iot.benchmark.mode.BaseMode:102 - DataClientService-thread-7 67.70% workload is done. 
2026-06-01 17:37:00,594 INFO  cn.edu.tsinghua.iot.benchmark.mode.BaseMode:102 - DataClientService-thread-8 65.90% workload is done. 
2026-06-01 17:37:00,594 INFO  cn.edu.tsinghua.iot.benchmark.mode.BaseMode:102 - DataClientService-thread-9 65.50% workload is done. 
2026-06-01 17:37:00,594 INFO  cn.edu.tsinghua.iot.benchmark.mode.BaseMode:102 - DataClientService-thread-10 65.30% workload is done. 
2026-06-01 17:37:05,594 INFO  cn.edu.tsinghua.iot.benchmark.mode.BaseMode:102 - DataClientService-thread-1 66.80% workload is done. 
2026-06-01 17:37:05,594 INFO  cn.edu.tsinghua.iot.benchmark.mode.BaseMode:102 - DataClientService-thread-2 66.00% workload is done. 
2026-06-01 17:37:05,594 INFO  cn.edu.tsinghua.iot.benchmark.mode.BaseMode:102 - DataClientService-thread-3 65.90% workload is done. 
2026-06-01 17:37:05,594 INFO  cn.edu.tsinghua.iot.benchmark.mode.BaseMode:102 - DataClientService-thread-4 67.00% workload is done. 
2026-06-01 17:37:05,594 INFO  cn.edu.tsinghua.iot.benchmark.mode.BaseMode:102 - DataClientService-thread-5 65.50% workload is done. 
2026-06-01 17:37:05,594 INFO  cn.edu.tsinghua.iot.benchmark.mode.BaseMode:102 - DataClientService-thread-6 67.60% workload is done. 
2026-06-01 17:37:05,594 INFO  cn.edu.tsinghua.iot.benchmark.mode.BaseMode:102 - DataClientService-thread-7 68.00% workload is done. 
2026-06-01 17:37:05,594 INFO  cn.edu.tsinghua.iot.benchmark.mode.BaseMode:102 - DataClientService-thread-8 66.20% workload is done. 
2026-06-01 17:37:05,594 INFO  cn.edu.tsinghua.iot.benchmark.mode.BaseMode:102 - DataClientService-thread-9 65.70% workload is done. 
2026-06-01 17:37:05,594 INFO  cn.edu.tsinghua.iot.benchmark.mode.BaseMode:102 - DataClientService-thread-10 65.70% workload is done. 
2026-06-01 17:37:10,594 INFO  cn.edu.tsinghua.iot.benchmark.mode.BaseMode:102 - DataClientService-thread-1 67.10% workload is done. 
2026-06-01 17:37:10,594 INFO  cn.edu.tsinghua.iot.benchmark.mode.BaseMode:102 - DataClientService-thread-2 66.20% workload is done. 
2026-06-01 17:37:10,594 INFO  cn.edu.tsinghua.iot.benchmark.mode.BaseMode:102 - DataClientService-thread-3 66.10% workload is done. 
2026-06-01 17:37:10,594 INFO  cn.edu.tsinghua.iot.benchmark.mode.BaseMode:102 - DataClientService-thread-4 67.30% workload is done. 
2026-06-01 17:37:10,594 INFO  cn.edu.tsinghua.iot.benchmark.mode.BaseMode:102 - DataClientService-thread-5 65.70% workload is done. 
2026-06-01 17:37:10,594 INFO  cn.edu.tsinghua.iot.benchmark.mode.BaseMode:102 - DataClientService-thread-6 67.80% workload is done. 
2026-06-01 17:37:10,594 INFO  cn.edu.tsinghua.iot.benchmark.mode.BaseMode:102 - DataClientService-thread-7 68.20% workload is done. 
2026-06-01 17:37:10,594 INFO  cn.edu.tsinghua.iot.benchmark.mode.BaseMode:102 - DataClientService-thread-8 66.40% workload is done. 
2026-06-01 17:37:10,594 INFO  cn.edu.tsinghua.iot.benchmark.mode.BaseMode:102 - DataClientService-thread-9 66.00% workload is done. 
2026-06-01 17:37:10,594 INFO  cn.edu.tsinghua.iot.benchmark.mode.BaseMode:102 - DataClientService-thread-10 65.90% workload is done. 
2026-06-01 17:37:15,594 INFO  cn.edu.tsinghua.iot.benchmark.mode.BaseMode:102 - DataClientService-thread-1 67.30% workload is done. 
2026-06-01 17:37:15,594 INFO  cn.edu.tsinghua.iot.benchmark.mode.BaseMode:102 - DataClientService-thread-2 66.50% workload is done. 
2026-06-01 17:37:15,594 INFO  cn.edu.tsinghua.iot.benchmark.mode.BaseMode:102 - DataClientService-thread-3 66.40% workload is done. 
2026-06-01 17:37:15,594 INFO  cn.edu.tsinghua.iot.benchmark.mode.BaseMode:102 - DataClientService-thread-4 67.50% workload is done. 
2026-06-01 17:37:15,594 INFO  cn.edu.tsinghua.iot.benchmark.mode.BaseMode:102 - DataClientService-thread-5 66.10% workload is done. 
2026-06-01 17:37:15,594 INFO  cn.edu.tsinghua.iot.benchmark.mode.BaseMode:102 - DataClientService-thread-6 68.10% workload is done. 
2026-06-01 17:37:15,594 INFO  cn.edu.tsinghua.iot.benchmark.mode.BaseMode:102 - DataClientService-thread-7 68.50% workload is done. 
2026-06-01 17:37:15,594 INFO  cn.edu.tsinghua.iot.benchmark.mode.BaseMode:102 - DataClientService-thread-8 66.70% workload is done. 
2026-06-01 17:37:15,594 INFO  cn.edu.tsinghua.iot.benchmark.mode.BaseMode:102 - DataClientService-thread-9 66.20% workload is done. 
2026-06-01 17:37:15,594 INFO  cn.edu.tsinghua.iot.benchmark.mode.BaseMode:102 - DataClientService-thread-10 66.20% workload is done. 
2026-06-01 17:37:20,594 INFO  cn.edu.tsinghua.iot.benchmark.mode.BaseMode:102 - DataClientService-thread-1 67.60% workload is done. 
2026-06-01 17:37:20,594 INFO  cn.edu.tsinghua.iot.benchmark.mode.BaseMode:102 - DataClientService-thread-2 66.70% workload is done. 
2026-06-01 17:37:20,594 INFO  cn.edu.tsinghua.iot.benchmark.mode.BaseMode:102 - DataClientService-thread-3 66.60% workload is done. 
2026-06-01 17:37:20,594 INFO  cn.edu.tsinghua.iot.benchmark.mode.BaseMode:102 - DataClientService-thread-4 67.80% workload is done. 
2026-06-01 17:37:20,594 INFO  cn.edu.tsinghua.iot.benchmark.mode.BaseMode:102 - DataClientService-thread-5 66.30% workload is done. 
2026-06-01 17:37:20,594 INFO  cn.edu.tsinghua.iot.benchmark.mode.BaseMode:102 - DataClientService-thread-6 68.30% workload is done. 
2026-06-01 17:37:20,594 INFO  cn.edu.tsinghua.iot.benchmark.mode.BaseMode:102 - DataClientService-thread-7 68.70% workload is done. 
2026-06-01 17:37:20,594 INFO  cn.edu.tsinghua.iot.benchmark.mode.BaseMode:102 - DataClientService-thread-8 67.00% workload is done. 
2026-06-01 17:37:20,594 INFO  cn.edu.tsinghua.iot.benchmark.mode.BaseMode:102 - DataClientService-thread-9 66.50% workload is done. 
2026-06-01 17:37:20,594 INFO  cn.edu.tsinghua.iot.benchmark.mode.BaseMode:102 - DataClientService-thread-10 66.40% workload is done. 
2026-06-01 17:37:25,594 INFO  cn.edu.tsinghua.iot.benchmark.mode.BaseMode:102 - DataClientService-thread-1 67.80% workload is done. 
2026-06-01 17:37:25,594 INFO  cn.edu.tsinghua.iot.benchmark.mode.BaseMode:102 - DataClientService-thread-2 67.20% workload is done. 
2026-06-01 17:37:25,594 INFO  cn.edu.tsinghua.iot.benchmark.mode.BaseMode:102 - DataClientService-thread-3 66.90% workload is done. 
2026-06-01 17:37:25,594 INFO  cn.edu.tsinghua.iot.benchmark.mode.BaseMode:102 - DataClientService-thread-4 68.00% workload is done. 
2026-06-01 17:37:25,594 INFO  cn.edu.tsinghua.iot.benchmark.mode.BaseMode:102 - DataClientService-thread-5 66.70% workload is done. 
2026-06-01 17:37:25,594 INFO  cn.edu.tsinghua.iot.benchmark.mode.BaseMode:102 - DataClientService-thread-6 68.70% workload is done. 
2026-06-01 17:37:25,594 INFO  cn.edu.tsinghua.iot.benchmark.mode.BaseMode:102 - DataClientService-thread-7 69.00% workload is done. 
2026-06-01 17:37:25,594 INFO  cn.edu.tsinghua.iot.benchmark.mode.BaseMode:102 - DataClientService-thread-8 67.30% workload is done. 
2026-06-01 17:37:25,594 INFO  cn.edu.tsinghua.iot.benchmark.mode.BaseMode:102 - DataClientService-thread-9 66.80% workload is done. 
2026-06-01 17:37:25,594 INFO  cn.edu.tsinghua.iot.benchmark.mode.BaseMode:102 - DataClientService-thread-10 66.70% workload is done. 
2026-06-01 17:37:30,594 INFO  cn.edu.tsinghua.iot.benchmark.mode.BaseMode:102 - DataClientService-thread-1 68.00% workload is done. 
2026-06-01 17:37:30,594 INFO  cn.edu.tsinghua.iot.benchmark.mode.BaseMode:102 - DataClientService-thread-2 67.40% workload is done. 
2026-06-01 17:37:30,594 INFO  cn.edu.tsinghua.iot.benchmark.mode.BaseMode:102 - DataClientService-thread-3 67.10% workload is done. 
2026-06-01 17:37:30,594 INFO  cn.edu.tsinghua.iot.benchmark.mode.BaseMode:102 - DataClientService-thread-4 68.20% workload is done. 
2026-06-01 17:37:30,594 INFO  cn.edu.tsinghua.iot.benchmark.mode.BaseMode:102 - DataClientService-thread-5 67.00% workload is done. 
2026-06-01 17:37:30,594 INFO  cn.edu.tsinghua.iot.benchmark.mode.BaseMode:102 - DataClientService-thread-6 68.90% workload is done. 
2026-06-01 17:37:30,594 INFO  cn.edu.tsinghua.iot.benchmark.mode.BaseMode:102 - DataClientService-thread-7 69.30% workload is done. 
2026-06-01 17:37:30,594 INFO  cn.edu.tsinghua.iot.benchmark.mode.BaseMode:102 - DataClientService-thread-8 67.50% workload is done. 
2026-06-01 17:37:30,594 INFO  cn.edu.tsinghua.iot.benchmark.mode.BaseMode:102 - DataClientService-thread-9 67.00% workload is done. 
2026-06-01 17:37:30,594 INFO  cn.edu.tsinghua.iot.benchmark.mode.BaseMode:102 - DataClientService-thread-10 66.90% workload is done. 
2026-06-01 17:37:35,594 INFO  cn.edu.tsinghua.iot.benchmark.mode.BaseMode:102 - DataClientService-thread-1 68.40% workload is done. 
2026-06-01 17:37:35,594 INFO  cn.edu.tsinghua.iot.benchmark.mode.BaseMode:102 - DataClientService-thread-2 67.80% workload is done. 
2026-06-01 17:37:35,594 INFO  cn.edu.tsinghua.iot.benchmark.mode.BaseMode:102 - DataClientService-thread-3 67.30% workload is done. 
2026-06-01 17:37:35,594 INFO  cn.edu.tsinghua.iot.benchmark.mode.BaseMode:102 - DataClientService-thread-4 68.50% workload is done. 
2026-06-01 17:37:35,594 INFO  cn.edu.tsinghua.iot.benchmark.mode.BaseMode:102 - DataClientService-thread-5 67.20% workload is done. 
2026-06-01 17:37:35,594 INFO  cn.edu.tsinghua.iot.benchmark.mode.BaseMode:102 - DataClientService-thread-6 69.20% workload is done. 
2026-06-01 17:37:35,594 INFO  cn.edu.tsinghua.iot.benchmark.mode.BaseMode:102 - DataClientService-thread-7 69.60% workload is done. 
2026-06-01 17:37:35,594 INFO  cn.edu.tsinghua.iot.benchmark.mode.BaseMode:102 - DataClientService-thread-8 67.90% workload is done. 
2026-06-01 17:37:35,594 INFO  cn.edu.tsinghua.iot.benchmark.mode.BaseMode:102 - DataClientService-thread-9 67.30% workload is done. 
2026-06-01 17:37:35,594 INFO  cn.edu.tsinghua.iot.benchmark.mode.BaseMode:102 - DataClientService-thread-10 67.20% workload is done. 
2026-06-01 17:37:40,594 INFO  cn.edu.tsinghua.iot.benchmark.mode.BaseMode:102 - DataClientService-thread-1 68.60% workload is done. 
2026-06-01 17:37:40,594 INFO  cn.edu.tsinghua.iot.benchmark.mode.BaseMode:102 - DataClientService-thread-2 68.00% workload is done. 
2026-06-01 17:37:40,594 INFO  cn.edu.tsinghua.iot.benchmark.mode.BaseMode:102 - DataClientService-thread-3 67.60% workload is done. 
2026-06-01 17:37:40,594 INFO  cn.edu.tsinghua.iot.benchmark.mode.BaseMode:102 - DataClientService-thread-4 68.70% workload is done. 
2026-06-01 17:37:40,594 INFO  cn.edu.tsinghua.iot.benchmark.mode.BaseMode:102 - DataClientService-thread-5 67.50% workload is done. 
2026-06-01 17:37:40,594 INFO  cn.edu.tsinghua.iot.benchmark.mode.BaseMode:102 - DataClientService-thread-6 69.50% workload is done. 
2026-06-01 17:37:40,594 INFO  cn.edu.tsinghua.iot.benchmark.mode.BaseMode:102 - DataClientService-thread-7 69.80% workload is done. 
2026-06-01 17:37:40,594 INFO  cn.edu.tsinghua.iot.benchmark.mode.BaseMode:102 - DataClientService-thread-8 68.10% workload is done. 
2026-06-01 17:37:40,594 INFO  cn.edu.tsinghua.iot.benchmark.mode.BaseMode:102 - DataClientService-thread-9 67.50% workload is done. 
2026-06-01 17:37:40,594 INFO  cn.edu.tsinghua.iot.benchmark.mode.BaseMode:102 - DataClientService-thread-10 67.40% workload is done. 
2026-06-01 17:37:45,594 INFO  cn.edu.tsinghua.iot.benchmark.mode.BaseMode:102 - DataClientService-thread-1 69.00% workload is done. 
2026-06-01 17:37:45,595 INFO  cn.edu.tsinghua.iot.benchmark.mode.BaseMode:102 - DataClientService-thread-2 68.40% workload is done. 
2026-06-01 17:37:45,596 INFO  cn.edu.tsinghua.iot.benchmark.mode.BaseMode:102 - DataClientService-thread-3 67.80% workload is done. 
2026-06-01 17:37:45,596 INFO  cn.edu.tsinghua.iot.benchmark.mode.BaseMode:102 - DataClientService-thread-4 69.00% workload is done. 
2026-06-01 17:37:45,596 INFO  cn.edu.tsinghua.iot.benchmark.mode.BaseMode:102 - DataClientService-thread-5 67.70% workload is done. 
2026-06-01 17:37:45,596 INFO  cn.edu.tsinghua.iot.benchmark.mode.BaseMode:102 - DataClientService-thread-6 69.80% workload is done. 
2026-06-01 17:37:45,596 INFO  cn.edu.tsinghua.iot.benchmark.mode.BaseMode:102 - DataClientService-thread-7 70.10% workload is done. 
2026-06-01 17:37:45,596 INFO  cn.edu.tsinghua.iot.benchmark.mode.BaseMode:102 - DataClientService-thread-8 68.40% workload is done. 
2026-06-01 17:37:45,596 INFO  cn.edu.tsinghua.iot.benchmark.mode.BaseMode:102 - DataClientService-thread-9 67.80% workload is done. 
2026-06-01 17:37:45,596 INFO  cn.edu.tsinghua.iot.benchmark.mode.BaseMode:102 - DataClientService-thread-10 67.70% workload is done. 
2026-06-01 17:37:50,594 INFO  cn.edu.tsinghua.iot.benchmark.mode.BaseMode:102 - DataClientService-thread-1 69.20% workload is done. 
2026-06-01 17:37:50,594 INFO  cn.edu.tsinghua.iot.benchmark.mode.BaseMode:102 - DataClientService-thread-2 68.60% workload is done. 
2026-06-01 17:37:50,594 INFO  cn.edu.tsinghua.iot.benchmark.mode.BaseMode:102 - DataClientService-thread-3 68.30% workload is done. 
2026-06-01 17:37:50,594 INFO  cn.edu.tsinghua.iot.benchmark.mode.BaseMode:102 - DataClientService-thread-4 69.30% workload is done. 
2026-06-01 17:37:50,594 INFO  cn.edu.tsinghua.iot.benchmark.mode.BaseMode:102 - DataClientService-thread-5 68.00% workload is done. 
2026-06-01 17:37:50,594 INFO  cn.edu.tsinghua.iot.benchmark.mode.BaseMode:102 - DataClientService-thread-6 70.00% workload is done. 
2026-06-01 17:37:50,594 INFO  cn.edu.tsinghua.iot.benchmark.mode.BaseMode:102 - DataClientService-thread-7 70.30% workload is done. 
2026-06-01 17:37:50,594 INFO  cn.edu.tsinghua.iot.benchmark.mode.BaseMode:102 - DataClientService-thread-8 68.60% workload is done. 
2026-06-01 17:37:50,594 INFO  cn.edu.tsinghua.iot.benchmark.mode.BaseMode:102 - DataClientService-thread-9 68.00% workload is done. 
2026-06-01 17:37:50,598 INFO  cn.edu.tsinghua.iot.benchmark.mode.BaseMode:102 - DataClientService-thread-10 67.90% workload is done. 
2026-06-01 17:37:55,594 INFO  cn.edu.tsinghua.iot.benchmark.mode.BaseMode:102 - DataClientService-thread-1 69.50% workload is done. 
2026-06-01 17:37:55,594 INFO  cn.edu.tsinghua.iot.benchmark.mode.BaseMode:102 - DataClientService-thread-2 68.90% workload is done. 
2026-06-01 17:37:55,594 INFO  cn.edu.tsinghua.iot.benchmark.mode.BaseMode:102 - DataClientService-thread-3 68.50% workload is done. 
2026-06-01 17:37:55,594 INFO  cn.edu.tsinghua.iot.benchmark.mode.BaseMode:102 - DataClientService-thread-4 69.60% workload is done. 
2026-06-01 17:37:55,594 INFO  cn.edu.tsinghua.iot.benchmark.mode.BaseMode:102 - DataClientService-thread-5 68.20% workload is done. 
2026-06-01 17:37:55,594 INFO  cn.edu.tsinghua.iot.benchmark.mode.BaseMode:102 - DataClientService-thread-6 70.30% workload is done. 
2026-06-01 17:37:55,594 INFO  cn.edu.tsinghua.iot.benchmark.mode.BaseMode:102 - DataClientService-thread-7 70.50% workload is done. 
2026-06-01 17:37:55,594 INFO  cn.edu.tsinghua.iot.benchmark.mode.BaseMode:102 - DataClientService-thread-8 68.90% workload is done. 
2026-06-01 17:37:55,594 INFO  cn.edu.tsinghua.iot.benchmark.mode.BaseMode:102 - DataClientService-thread-9 68.30% workload is done. 
2026-06-01 17:37:55,594 INFO  cn.edu.tsinghua.iot.benchmark.mode.BaseMode:102 - DataClientService-thread-10 68.30% workload is done. 
2026-06-01 17:38:00,594 INFO  cn.edu.tsinghua.iot.benchmark.mode.BaseMode:102 - DataClientService-thread-1 69.70% workload is done. 
2026-06-01 17:38:00,594 INFO  cn.edu.tsinghua.iot.benchmark.mode.BaseMode:102 - DataClientService-thread-2 69.10% workload is done. 
2026-06-01 17:38:00,594 INFO  cn.edu.tsinghua.iot.benchmark.mode.BaseMode:102 - DataClientService-thread-3 69.00% workload is done. 
2026-06-01 17:38:00,594 INFO  cn.edu.tsinghua.iot.benchmark.mode.BaseMode:102 - DataClientService-thread-4 69.90% workload is done. 
2026-06-01 17:38:00,594 INFO  cn.edu.tsinghua.iot.benchmark.mode.BaseMode:102 - DataClientService-thread-5 68.50% workload is done. 
2026-06-01 17:38:00,594 INFO  cn.edu.tsinghua.iot.benchmark.mode.BaseMode:102 - DataClientService-thread-6 70.70% workload is done. 
2026-06-01 17:38:00,594 INFO  cn.edu.tsinghua.iot.benchmark.mode.BaseMode:102 - DataClientService-thread-7 70.80% workload is done. 
2026-06-01 17:38:00,594 INFO  cn.edu.tsinghua.iot.benchmark.mode.BaseMode:102 - DataClientService-thread-8 69.10% workload is done. 
2026-06-01 17:38:00,594 INFO  cn.edu.tsinghua.iot.benchmark.mode.BaseMode:102 - DataClientService-thread-9 68.50% workload is done. 
2026-06-01 17:38:00,594 INFO  cn.edu.tsinghua.iot.benchmark.mode.BaseMode:102 - DataClientService-thread-10 68.50% workload is done. 
2026-06-01 17:38:05,594 INFO  cn.edu.tsinghua.iot.benchmark.mode.BaseMode:102 - DataClientService-thread-1 70.00% workload is done. 
2026-06-01 17:38:05,595 INFO  cn.edu.tsinghua.iot.benchmark.mode.BaseMode:102 - DataClientService-thread-2 69.40% workload is done. 
2026-06-01 17:38:05,595 INFO  cn.edu.tsinghua.iot.benchmark.mode.BaseMode:102 - DataClientService-thread-3 69.20% workload is done. 
2026-06-01 17:38:05,595 INFO  cn.edu.tsinghua.iot.benchmark.mode.BaseMode:102 - DataClientService-thread-4 70.20% workload is done. 
2026-06-01 17:38:05,595 INFO  cn.edu.tsinghua.iot.benchmark.mode.BaseMode:102 - DataClientService-thread-5 68.70% workload is done. 
2026-06-01 17:38:05,595 INFO  cn.edu.tsinghua.iot.benchmark.mode.BaseMode:102 - DataClientService-thread-6 71.00% workload is done. 
2026-06-01 17:38:05,595 INFO  cn.edu.tsinghua.iot.benchmark.mode.BaseMode:102 - DataClientService-thread-7 71.00% workload is done. 
2026-06-01 17:38:05,595 INFO  cn.edu.tsinghua.iot.benchmark.mode.BaseMode:102 - DataClientService-thread-8 69.60% workload is done. 
2026-06-01 17:38:05,595 INFO  cn.edu.tsinghua.iot.benchmark.mode.BaseMode:102 - DataClientService-thread-9 68.80% workload is done. 
2026-06-01 17:38:05,595 INFO  cn.edu.tsinghua.iot.benchmark.mode.BaseMode:102 - DataClientService-thread-10 68.80% workload is done. 
2026-06-01 17:38:10,594 INFO  cn.edu.tsinghua.iot.benchmark.mode.BaseMode:102 - DataClientService-thread-1 70.40% workload is done. 
2026-06-01 17:38:10,594 INFO  cn.edu.tsinghua.iot.benchmark.mode.BaseMode:102 - DataClientService-thread-2 69.60% workload is done. 
2026-06-01 17:38:10,594 INFO  cn.edu.tsinghua.iot.benchmark.mode.BaseMode:102 - DataClientService-thread-3 69.70% workload is done. 
2026-06-01 17:38:10,594 INFO  cn.edu.tsinghua.iot.benchmark.mode.BaseMode:102 - DataClientService-thread-4 70.40% workload is done. 
2026-06-01 17:38:10,594 INFO  cn.edu.tsinghua.iot.benchmark.mode.BaseMode:102 - DataClientService-thread-5 69.00% workload is done. 
2026-06-01 17:38:10,594 INFO  cn.edu.tsinghua.iot.benchmark.mode.BaseMode:102 - DataClientService-thread-6 71.20% workload is done. 
2026-06-01 17:38:10,594 INFO  cn.edu.tsinghua.iot.benchmark.mode.BaseMode:102 - DataClientService-thread-7 71.40% workload is done. 
2026-06-01 17:38:10,594 INFO  cn.edu.tsinghua.iot.benchmark.mode.BaseMode:102 - DataClientService-thread-8 69.80% workload is done. 
2026-06-01 17:38:10,594 INFO  cn.edu.tsinghua.iot.benchmark.mode.BaseMode:102 - DataClientService-thread-9 69.00% workload is done. 
2026-06-01 17:38:10,594 INFO  cn.edu.tsinghua.iot.benchmark.mode.BaseMode:102 - DataClientService-thread-10 69.00% workload is done. 
2026-06-01 17:38:15,594 INFO  cn.edu.tsinghua.iot.benchmark.mode.BaseMode:102 - DataClientService-thread-1 70.70% workload is done. 
2026-06-01 17:38:15,594 INFO  cn.edu.tsinghua.iot.benchmark.mode.BaseMode:102 - DataClientService-thread-2 69.80% workload is done. 
2026-06-01 17:38:15,594 INFO  cn.edu.tsinghua.iot.benchmark.mode.BaseMode:102 - DataClientService-thread-3 69.90% workload is done. 
2026-06-01 17:38:15,594 INFO  cn.edu.tsinghua.iot.benchmark.mode.BaseMode:102 - DataClientService-thread-4 70.70% workload is done. 
2026-06-01 17:38:15,594 INFO  cn.edu.tsinghua.iot.benchmark.mode.BaseMode:102 - DataClientService-thread-5 69.20% workload is done. 
2026-06-01 17:38:15,594 INFO  cn.edu.tsinghua.iot.benchmark.mode.BaseMode:102 - DataClientService-thread-6 71.50% workload is done. 
2026-06-01 17:38:15,594 INFO  cn.edu.tsinghua.iot.benchmark.mode.BaseMode:102 - DataClientService-thread-7 71.60% workload is done. 
2026-06-01 17:38:15,594 INFO  cn.edu.tsinghua.iot.benchmark.mode.BaseMode:102 - DataClientService-thread-8 70.10% workload is done. 
2026-06-01 17:38:15,594 INFO  cn.edu.tsinghua.iot.benchmark.mode.BaseMode:102 - DataClientService-thread-9 69.40% workload is done. 
2026-06-01 17:38:15,594 INFO  cn.edu.tsinghua.iot.benchmark.mode.BaseMode:102 - DataClientService-thread-10 69.20% workload is done. 
2026-06-01 17:38:20,594 INFO  cn.edu.tsinghua.iot.benchmark.mode.BaseMode:102 - DataClientService-thread-1 71.00% workload is done. 
2026-06-01 17:38:20,594 INFO  cn.edu.tsinghua.iot.benchmark.mode.BaseMode:102 - DataClientService-thread-2 70.10% workload is done. 
2026-06-01 17:38:20,594 INFO  cn.edu.tsinghua.iot.benchmark.mode.BaseMode:102 - DataClientService-thread-3 70.20% workload is done. 
2026-06-01 17:38:20,594 INFO  cn.edu.tsinghua.iot.benchmark.mode.BaseMode:102 - DataClientService-thread-4 70.90% workload is done. 
2026-06-01 17:38:20,594 INFO  cn.edu.tsinghua.iot.benchmark.mode.BaseMode:102 - DataClientService-thread-5 69.60% workload is done. 
2026-06-01 17:38:20,594 INFO  cn.edu.tsinghua.iot.benchmark.mode.BaseMode:102 - DataClientService-thread-6 71.70% workload is done. 
2026-06-01 17:38:20,594 INFO  cn.edu.tsinghua.iot.benchmark.mode.BaseMode:102 - DataClientService-thread-7 71.90% workload is done. 
2026-06-01 17:38:20,594 INFO  cn.edu.tsinghua.iot.benchmark.mode.BaseMode:102 - DataClientService-thread-8 70.30% workload is done. 
2026-06-01 17:38:20,594 INFO  cn.edu.tsinghua.iot.benchmark.mode.BaseMode:102 - DataClientService-thread-9 69.60% workload is done. 
2026-06-01 17:38:20,594 INFO  cn.edu.tsinghua.iot.benchmark.mode.BaseMode:102 - DataClientService-thread-10 69.50% workload is done. 
2026-06-01 17:38:25,594 INFO  cn.edu.tsinghua.iot.benchmark.mode.BaseMode:102 - DataClientService-thread-1 71.30% workload is done. 
2026-06-01 17:38:25,594 INFO  cn.edu.tsinghua.iot.benchmark.mode.BaseMode:102 - DataClientService-thread-2 70.30% workload is done. 
2026-06-01 17:38:25,594 INFO  cn.edu.tsinghua.iot.benchmark.mode.BaseMode:102 - DataClientService-thread-3 70.40% workload is done. 
2026-06-01 17:38:25,594 INFO  cn.edu.tsinghua.iot.benchmark.mode.BaseMode:102 - DataClientService-thread-4 71.20% workload is done. 
2026-06-01 17:38:25,594 INFO  cn.edu.tsinghua.iot.benchmark.mode.BaseMode:102 - DataClientService-thread-5 69.80% workload is done. 
2026-06-01 17:38:25,594 INFO  cn.edu.tsinghua.iot.benchmark.mode.BaseMode:102 - DataClientService-thread-6 72.00% workload is done. 
2026-06-01 17:38:25,594 INFO  cn.edu.tsinghua.iot.benchmark.mode.BaseMode:102 - DataClientService-thread-7 72.10% workload is done. 
2026-06-01 17:38:25,594 INFO  cn.edu.tsinghua.iot.benchmark.mode.BaseMode:102 - DataClientService-thread-8 70.60% workload is done. 
2026-06-01 17:38:25,594 INFO  cn.edu.tsinghua.iot.benchmark.mode.BaseMode:102 - DataClientService-thread-9 69.90% workload is done. 
2026-06-01 17:38:25,594 INFO  cn.edu.tsinghua.iot.benchmark.mode.BaseMode:102 - DataClientService-thread-10 69.70% workload is done. 
2026-06-01 17:38:30,594 INFO  cn.edu.tsinghua.iot.benchmark.mode.BaseMode:102 - DataClientService-thread-1 71.60% workload is done. 
2026-06-01 17:38:30,594 INFO  cn.edu.tsinghua.iot.benchmark.mode.BaseMode:102 - DataClientService-thread-2 70.60% workload is done. 
2026-06-01 17:38:30,594 INFO  cn.edu.tsinghua.iot.benchmark.mode.BaseMode:102 - DataClientService-thread-3 70.70% workload is done. 
2026-06-01 17:38:30,594 INFO  cn.edu.tsinghua.iot.benchmark.mode.BaseMode:102 - DataClientService-thread-4 71.40% workload is done. 
2026-06-01 17:38:30,594 INFO  cn.edu.tsinghua.iot.benchmark.mode.BaseMode:102 - DataClientService-thread-5 70.10% workload is done. 
2026-06-01 17:38:30,594 INFO  cn.edu.tsinghua.iot.benchmark.mode.BaseMode:102 - DataClientService-thread-6 72.20% workload is done. 
2026-06-01 17:38:30,594 INFO  cn.edu.tsinghua.iot.benchmark.mode.BaseMode:102 - DataClientService-thread-7 72.50% workload is done. 
2026-06-01 17:38:30,594 INFO  cn.edu.tsinghua.iot.benchmark.mode.BaseMode:102 - DataClientService-thread-8 70.90% workload is done. 
2026-06-01 17:38:30,594 INFO  cn.edu.tsinghua.iot.benchmark.mode.BaseMode:102 - DataClientService-thread-9 70.10% workload is done. 
2026-06-01 17:38:30,594 INFO  cn.edu.tsinghua.iot.benchmark.mode.BaseMode:102 - DataClientService-thread-10 70.00% workload is done. 
2026-06-01 17:38:35,594 INFO  cn.edu.tsinghua.iot.benchmark.mode.BaseMode:102 - DataClientService-thread-1 71.90% workload is done. 
2026-06-01 17:38:35,594 INFO  cn.edu.tsinghua.iot.benchmark.mode.BaseMode:102 - DataClientService-thread-2 70.80% workload is done. 
2026-06-01 17:38:35,594 INFO  cn.edu.tsinghua.iot.benchmark.mode.BaseMode:102 - DataClientService-thread-3 70.90% workload is done. 
2026-06-01 17:38:35,594 INFO  cn.edu.tsinghua.iot.benchmark.mode.BaseMode:102 - DataClientService-thread-4 71.80% workload is done. 
2026-06-01 17:38:35,594 INFO  cn.edu.tsinghua.iot.benchmark.mode.BaseMode:102 - DataClientService-thread-5 70.40% workload is done. 
2026-06-01 17:38:35,594 INFO  cn.edu.tsinghua.iot.benchmark.mode.BaseMode:102 - DataClientService-thread-6 72.50% workload is done. 
2026-06-01 17:38:35,594 INFO  cn.edu.tsinghua.iot.benchmark.mode.BaseMode:102 - DataClientService-thread-7 72.80% workload is done. 
2026-06-01 17:38:35,594 INFO  cn.edu.tsinghua.iot.benchmark.mode.BaseMode:102 - DataClientService-thread-8 71.10% workload is done. 
2026-06-01 17:38:35,594 INFO  cn.edu.tsinghua.iot.benchmark.mode.BaseMode:102 - DataClientService-thread-9 70.40% workload is done. 
2026-06-01 17:38:35,594 INFO  cn.edu.tsinghua.iot.benchmark.mode.BaseMode:102 - DataClientService-thread-10 70.20% workload is done. 
2026-06-01 17:38:40,594 INFO  cn.edu.tsinghua.iot.benchmark.mode.BaseMode:102 - DataClientService-thread-1 72.10% workload is done. 
2026-06-01 17:38:40,594 INFO  cn.edu.tsinghua.iot.benchmark.mode.BaseMode:102 - DataClientService-thread-2 71.10% workload is done. 
2026-06-01 17:38:40,594 INFO  cn.edu.tsinghua.iot.benchmark.mode.BaseMode:102 - DataClientService-thread-3 71.20% workload is done. 
2026-06-01 17:38:40,594 INFO  cn.edu.tsinghua.iot.benchmark.mode.BaseMode:102 - DataClientService-thread-4 72.00% workload is done. 
2026-06-01 17:38:40,594 INFO  cn.edu.tsinghua.iot.benchmark.mode.BaseMode:102 - DataClientService-thread-5 70.80% workload is done. 
2026-06-01 17:38:40,594 INFO  cn.edu.tsinghua.iot.benchmark.mode.BaseMode:102 - DataClientService-thread-6 72.80% workload is done. 
2026-06-01 17:38:40,594 INFO  cn.edu.tsinghua.iot.benchmark.mode.BaseMode:102 - DataClientService-thread-7 73.00% workload is done. 
2026-06-01 17:38:40,594 INFO  cn.edu.tsinghua.iot.benchmark.mode.BaseMode:102 - DataClientService-thread-8 71.40% workload is done. 
2026-06-01 17:38:40,594 INFO  cn.edu.tsinghua.iot.benchmark.mode.BaseMode:102 - DataClientService-thread-9 70.60% workload is done. 
2026-06-01 17:38:40,594 INFO  cn.edu.tsinghua.iot.benchmark.mode.BaseMode:102 - DataClientService-thread-10 70.50% workload is done. 
2026-06-01 17:38:45,594 INFO  cn.edu.tsinghua.iot.benchmark.mode.BaseMode:102 - DataClientService-thread-1 72.50% workload is done. 
2026-06-01 17:38:45,594 INFO  cn.edu.tsinghua.iot.benchmark.mode.BaseMode:102 - DataClientService-thread-2 71.40% workload is done. 
2026-06-01 17:38:45,594 INFO  cn.edu.tsinghua.iot.benchmark.mode.BaseMode:102 - DataClientService-thread-3 71.40% workload is done. 
2026-06-01 17:38:45,594 INFO  cn.edu.tsinghua.iot.benchmark.mode.BaseMode:102 - DataClientService-thread-4 72.40% workload is done. 
2026-06-01 17:38:45,594 INFO  cn.edu.tsinghua.iot.benchmark.mode.BaseMode:102 - DataClientService-thread-5 71.00% workload is done. 
2026-06-01 17:38:45,594 INFO  cn.edu.tsinghua.iot.benchmark.mode.BaseMode:102 - DataClientService-thread-6 73.20% workload is done. 
2026-06-01 17:38:45,594 INFO  cn.edu.tsinghua.iot.benchmark.mode.BaseMode:102 - DataClientService-thread-7 73.30% workload is done. 
2026-06-01 17:38:45,594 INFO  cn.edu.tsinghua.iot.benchmark.mode.BaseMode:102 - DataClientService-thread-8 71.60% workload is done. 
2026-06-01 17:38:45,594 INFO  cn.edu.tsinghua.iot.benchmark.mode.BaseMode:102 - DataClientService-thread-9 71.00% workload is done. 
2026-06-01 17:38:45,594 INFO  cn.edu.tsinghua.iot.benchmark.mode.BaseMode:102 - DataClientService-thread-10 70.70% workload is done. 
2026-06-01 17:38:50,594 INFO  cn.edu.tsinghua.iot.benchmark.mode.BaseMode:102 - DataClientService-thread-1 72.70% workload is done. 
2026-06-01 17:38:50,594 INFO  cn.edu.tsinghua.iot.benchmark.mode.BaseMode:102 - DataClientService-thread-2 71.80% workload is done. 
2026-06-01 17:38:50,594 INFO  cn.edu.tsinghua.iot.benchmark.mode.BaseMode:102 - DataClientService-thread-3 71.70% workload is done. 
2026-06-01 17:38:50,595 INFO  cn.edu.tsinghua.iot.benchmark.mode.BaseMode:102 - DataClientService-thread-4 72.60% workload is done. 
2026-06-01 17:38:50,595 INFO  cn.edu.tsinghua.iot.benchmark.mode.BaseMode:102 - DataClientService-thread-5 71.30% workload is done. 
2026-06-01 17:38:50,596 INFO  cn.edu.tsinghua.iot.benchmark.mode.BaseMode:102 - DataClientService-thread-6 73.40% workload is done. 
2026-06-01 17:38:50,596 INFO  cn.edu.tsinghua.iot.benchmark.mode.BaseMode:102 - DataClientService-thread-7 73.50% workload is done. 
2026-06-01 17:38:50,596 INFO  cn.edu.tsinghua.iot.benchmark.mode.BaseMode:102 - DataClientService-thread-8 71.90% workload is done. 
2026-06-01 17:38:50,596 INFO  cn.edu.tsinghua.iot.benchmark.mode.BaseMode:102 - DataClientService-thread-9 71.20% workload is done. 
2026-06-01 17:38:50,596 INFO  cn.edu.tsinghua.iot.benchmark.mode.BaseMode:102 - DataClientService-thread-10 71.00% workload is done. 
2026-06-01 17:38:55,594 INFO  cn.edu.tsinghua.iot.benchmark.mode.BaseMode:102 - DataClientService-thread-1 73.00% workload is done. 
2026-06-01 17:38:55,594 INFO  cn.edu.tsinghua.iot.benchmark.mode.BaseMode:102 - DataClientService-thread-2 72.00% workload is done. 
2026-06-01 17:38:55,594 INFO  cn.edu.tsinghua.iot.benchmark.mode.BaseMode:102 - DataClientService-thread-3 71.90% workload is done. 
2026-06-01 17:38:55,594 INFO  cn.edu.tsinghua.iot.benchmark.mode.BaseMode:102 - DataClientService-thread-4 73.00% workload is done. 
2026-06-01 17:38:55,594 INFO  cn.edu.tsinghua.iot.benchmark.mode.BaseMode:102 - DataClientService-thread-5 71.50% workload is done. 
2026-06-01 17:38:55,594 INFO  cn.edu.tsinghua.iot.benchmark.mode.BaseMode:102 - DataClientService-thread-6 73.70% workload is done. 
2026-06-01 17:38:55,594 INFO  cn.edu.tsinghua.iot.benchmark.mode.BaseMode:102 - DataClientService-thread-7 73.80% workload is done. 
2026-06-01 17:38:55,594 INFO  cn.edu.tsinghua.iot.benchmark.mode.BaseMode:102 - DataClientService-thread-8 72.10% workload is done. 
2026-06-01 17:38:55,594 INFO  cn.edu.tsinghua.iot.benchmark.mode.BaseMode:102 - DataClientService-thread-9 71.50% workload is done. 
2026-06-01 17:38:55,594 INFO  cn.edu.tsinghua.iot.benchmark.mode.BaseMode:102 - DataClientService-thread-10 71.20% workload is done. 
2026-06-01 17:39:00,594 INFO  cn.edu.tsinghua.iot.benchmark.mode.BaseMode:102 - DataClientService-thread-1 73.20% workload is done. 
2026-06-01 17:39:00,594 INFO  cn.edu.tsinghua.iot.benchmark.mode.BaseMode:102 - DataClientService-thread-2 72.30% workload is done. 
2026-06-01 17:39:00,594 INFO  cn.edu.tsinghua.iot.benchmark.mode.BaseMode:102 - DataClientService-thread-3 72.20% workload is done. 
2026-06-01 17:39:00,594 INFO  cn.edu.tsinghua.iot.benchmark.mode.BaseMode:102 - DataClientService-thread-4 73.20% workload is done. 
2026-06-01 17:39:00,594 INFO  cn.edu.tsinghua.iot.benchmark.mode.BaseMode:102 - DataClientService-thread-5 71.80% workload is done. 
2026-06-01 17:39:00,594 INFO  cn.edu.tsinghua.iot.benchmark.mode.BaseMode:102 - DataClientService-thread-6 73.90% workload is done. 
2026-06-01 17:39:00,594 INFO  cn.edu.tsinghua.iot.benchmark.mode.BaseMode:102 - DataClientService-thread-7 74.00% workload is done. 
2026-06-01 17:39:00,594 INFO  cn.edu.tsinghua.iot.benchmark.mode.BaseMode:102 - DataClientService-thread-8 72.40% workload is done. 
2026-06-01 17:39:00,594 INFO  cn.edu.tsinghua.iot.benchmark.mode.BaseMode:102 - DataClientService-thread-9 71.70% workload is done. 
2026-06-01 17:39:00,594 INFO  cn.edu.tsinghua.iot.benchmark.mode.BaseMode:102 - DataClientService-thread-10 71.50% workload is done. 
2026-06-01 17:39:05,594 INFO  cn.edu.tsinghua.iot.benchmark.mode.BaseMode:102 - DataClientService-thread-1 73.50% workload is done. 
2026-06-01 17:39:05,594 INFO  cn.edu.tsinghua.iot.benchmark.mode.BaseMode:102 - DataClientService-thread-2 72.50% workload is done. 
2026-06-01 17:39:05,594 INFO  cn.edu.tsinghua.iot.benchmark.mode.BaseMode:102 - DataClientService-thread-3 72.40% workload is done. 
2026-06-01 17:39:05,594 INFO  cn.edu.tsinghua.iot.benchmark.mode.BaseMode:102 - DataClientService-thread-4 73.40% workload is done. 
2026-06-01 17:39:05,594 INFO  cn.edu.tsinghua.iot.benchmark.mode.BaseMode:102 - DataClientService-thread-5 72.00% workload is done. 
2026-06-01 17:39:05,594 INFO  cn.edu.tsinghua.iot.benchmark.mode.BaseMode:102 - DataClientService-thread-6 74.10% workload is done. 
2026-06-01 17:39:05,594 INFO  cn.edu.tsinghua.iot.benchmark.mode.BaseMode:102 - DataClientService-thread-7 74.30% workload is done. 
2026-06-01 17:39:05,594 INFO  cn.edu.tsinghua.iot.benchmark.mode.BaseMode:102 - DataClientService-thread-8 72.70% workload is done. 
2026-06-01 17:39:05,594 INFO  cn.edu.tsinghua.iot.benchmark.mode.BaseMode:102 - DataClientService-thread-9 72.10% workload is done. 
2026-06-01 17:39:05,594 INFO  cn.edu.tsinghua.iot.benchmark.mode.BaseMode:102 - DataClientService-thread-10 71.70% workload is done. 
2026-06-01 17:39:10,594 INFO  cn.edu.tsinghua.iot.benchmark.mode.BaseMode:102 - DataClientService-thread-1 73.70% workload is done. 
2026-06-01 17:39:10,594 INFO  cn.edu.tsinghua.iot.benchmark.mode.BaseMode:102 - DataClientService-thread-2 72.80% workload is done. 
2026-06-01 17:39:10,594 INFO  cn.edu.tsinghua.iot.benchmark.mode.BaseMode:102 - DataClientService-thread-3 72.70% workload is done. 
2026-06-01 17:39:10,594 INFO  cn.edu.tsinghua.iot.benchmark.mode.BaseMode:102 - DataClientService-thread-4 73.80% workload is done. 
2026-06-01 17:39:10,594 INFO  cn.edu.tsinghua.iot.benchmark.mode.BaseMode:102 - DataClientService-thread-5 72.40% workload is done. 
2026-06-01 17:39:10,594 INFO  cn.edu.tsinghua.iot.benchmark.mode.BaseMode:102 - DataClientService-thread-6 74.50% workload is done. 
2026-06-01 17:39:10,594 INFO  cn.edu.tsinghua.iot.benchmark.mode.BaseMode:102 - DataClientService-thread-7 74.60% workload is done. 
2026-06-01 17:39:10,594 INFO  cn.edu.tsinghua.iot.benchmark.mode.BaseMode:102 - DataClientService-thread-8 73.00% workload is done. 
2026-06-01 17:39:10,594 INFO  cn.edu.tsinghua.iot.benchmark.mode.BaseMode:102 - DataClientService-thread-9 72.30% workload is done. 
2026-06-01 17:39:10,594 INFO  cn.edu.tsinghua.iot.benchmark.mode.BaseMode:102 - DataClientService-thread-10 72.00% workload is done. 
2026-06-01 17:39:15,594 INFO  cn.edu.tsinghua.iot.benchmark.mode.BaseMode:102 - DataClientService-thread-1 74.00% workload is done. 
2026-06-01 17:39:15,594 INFO  cn.edu.tsinghua.iot.benchmark.mode.BaseMode:102 - DataClientService-thread-2 73.00% workload is done. 
2026-06-01 17:39:15,594 INFO  cn.edu.tsinghua.iot.benchmark.mode.BaseMode:102 - DataClientService-thread-3 73.00% workload is done. 
2026-06-01 17:39:15,594 INFO  cn.edu.tsinghua.iot.benchmark.mode.BaseMode:102 - DataClientService-thread-4 74.00% workload is done. 
2026-06-01 17:39:15,594 INFO  cn.edu.tsinghua.iot.benchmark.mode.BaseMode:102 - DataClientService-thread-5 72.60% workload is done. 
2026-06-01 17:39:15,594 INFO  cn.edu.tsinghua.iot.benchmark.mode.BaseMode:102 - DataClientService-thread-6 74.70% workload is done. 
2026-06-01 17:39:15,594 INFO  cn.edu.tsinghua.iot.benchmark.mode.BaseMode:102 - DataClientService-thread-7 74.90% workload is done. 
2026-06-01 17:39:15,594 INFO  cn.edu.tsinghua.iot.benchmark.mode.BaseMode:102 - DataClientService-thread-8 73.20% workload is done. 
2026-06-01 17:39:15,594 INFO  cn.edu.tsinghua.iot.benchmark.mode.BaseMode:102 - DataClientService-thread-9 72.60% workload is done. 
2026-06-01 17:39:15,594 INFO  cn.edu.tsinghua.iot.benchmark.mode.BaseMode:102 - DataClientService-thread-10 72.20% workload is done. 
2026-06-01 17:39:20,594 INFO  cn.edu.tsinghua.iot.benchmark.mode.BaseMode:102 - DataClientService-thread-1 74.20% workload is done. 
2026-06-01 17:39:20,594 INFO  cn.edu.tsinghua.iot.benchmark.mode.BaseMode:102 - DataClientService-thread-2 73.30% workload is done. 
2026-06-01 17:39:20,594 INFO  cn.edu.tsinghua.iot.benchmark.mode.BaseMode:102 - DataClientService-thread-3 73.30% workload is done. 
2026-06-01 17:39:20,594 INFO  cn.edu.tsinghua.iot.benchmark.mode.BaseMode:102 - DataClientService-thread-4 74.30% workload is done. 
2026-06-01 17:39:20,594 INFO  cn.edu.tsinghua.iot.benchmark.mode.BaseMode:102 - DataClientService-thread-5 72.90% workload is done. 
2026-06-01 17:39:20,594 INFO  cn.edu.tsinghua.iot.benchmark.mode.BaseMode:102 - DataClientService-thread-6 75.10% workload is done. 
2026-06-01 17:39:20,594 INFO  cn.edu.tsinghua.iot.benchmark.mode.BaseMode:102 - DataClientService-thread-7 75.20% workload is done. 
2026-06-01 17:39:20,594 INFO  cn.edu.tsinghua.iot.benchmark.mode.BaseMode:102 - DataClientService-thread-8 73.50% workload is done. 
2026-06-01 17:39:20,594 INFO  cn.edu.tsinghua.iot.benchmark.mode.BaseMode:102 - DataClientService-thread-9 72.80% workload is done. 
2026-06-01 17:39:20,594 INFO  cn.edu.tsinghua.iot.benchmark.mode.BaseMode:102 - DataClientService-thread-10 72.50% workload is done. 
2026-06-01 17:39:25,594 INFO  cn.edu.tsinghua.iot.benchmark.mode.BaseMode:102 - DataClientService-thread-1 74.50% workload is done. 
2026-06-01 17:39:25,594 INFO  cn.edu.tsinghua.iot.benchmark.mode.BaseMode:102 - DataClientService-thread-2 73.60% workload is done. 
2026-06-01 17:39:25,594 INFO  cn.edu.tsinghua.iot.benchmark.mode.BaseMode:102 - DataClientService-thread-3 73.50% workload is done. 
2026-06-01 17:39:25,594 INFO  cn.edu.tsinghua.iot.benchmark.mode.BaseMode:102 - DataClientService-thread-4 74.50% workload is done. 
2026-06-01 17:39:25,594 INFO  cn.edu.tsinghua.iot.benchmark.mode.BaseMode:102 - DataClientService-thread-5 73.10% workload is done. 
2026-06-01 17:39:25,594 INFO  cn.edu.tsinghua.iot.benchmark.mode.BaseMode:102 - DataClientService-thread-6 75.40% workload is done. 
2026-06-01 17:39:25,594 INFO  cn.edu.tsinghua.iot.benchmark.mode.BaseMode:102 - DataClientService-thread-7 75.50% workload is done. 
2026-06-01 17:39:25,594 INFO  cn.edu.tsinghua.iot.benchmark.mode.BaseMode:102 - DataClientService-thread-8 73.70% workload is done. 
2026-06-01 17:39:25,594 INFO  cn.edu.tsinghua.iot.benchmark.mode.BaseMode:102 - DataClientService-thread-9 73.10% workload is done. 
2026-06-01 17:39:25,594 INFO  cn.edu.tsinghua.iot.benchmark.mode.BaseMode:102 - DataClientService-thread-10 72.80% workload is done. 
2026-06-01 17:39:30,594 INFO  cn.edu.tsinghua.iot.benchmark.mode.BaseMode:102 - DataClientService-thread-1 74.80% workload is done. 
2026-06-01 17:39:30,594 INFO  cn.edu.tsinghua.iot.benchmark.mode.BaseMode:102 - DataClientService-thread-2 74.00% workload is done. 
2026-06-01 17:39:30,594 INFO  cn.edu.tsinghua.iot.benchmark.mode.BaseMode:102 - DataClientService-thread-3 73.80% workload is done. 
2026-06-01 17:39:30,594 INFO  cn.edu.tsinghua.iot.benchmark.mode.BaseMode:102 - DataClientService-thread-4 74.80% workload is done. 
2026-06-01 17:39:30,594 INFO  cn.edu.tsinghua.iot.benchmark.mode.BaseMode:102 - DataClientService-thread-5 73.40% workload is done. 
2026-06-01 17:39:30,594 INFO  cn.edu.tsinghua.iot.benchmark.mode.BaseMode:102 - DataClientService-thread-6 75.60% workload is done. 
2026-06-01 17:39:30,594 INFO  cn.edu.tsinghua.iot.benchmark.mode.BaseMode:102 - DataClientService-thread-7 75.70% workload is done. 
2026-06-01 17:39:30,594 INFO  cn.edu.tsinghua.iot.benchmark.mode.BaseMode:102 - DataClientService-thread-8 74.10% workload is done. 
2026-06-01 17:39:30,594 INFO  cn.edu.tsinghua.iot.benchmark.mode.BaseMode:102 - DataClientService-thread-9 73.40% workload is done. 
2026-06-01 17:39:30,594 INFO  cn.edu.tsinghua.iot.benchmark.mode.BaseMode:102 - DataClientService-thread-10 73.10% workload is done. 
2026-06-01 17:39:35,594 INFO  cn.edu.tsinghua.iot.benchmark.mode.BaseMode:102 - DataClientService-thread-1 75.10% workload is done. 
2026-06-01 17:39:35,594 INFO  cn.edu.tsinghua.iot.benchmark.mode.BaseMode:102 - DataClientService-thread-2 74.20% workload is done. 
2026-06-01 17:39:35,594 INFO  cn.edu.tsinghua.iot.benchmark.mode.BaseMode:102 - DataClientService-thread-3 74.00% workload is done. 
2026-06-01 17:39:35,594 INFO  cn.edu.tsinghua.iot.benchmark.mode.BaseMode:102 - DataClientService-thread-4 75.00% workload is done. 
2026-06-01 17:39:35,594 INFO  cn.edu.tsinghua.iot.benchmark.mode.BaseMode:102 - DataClientService-thread-5 73.70% workload is done. 
2026-06-01 17:39:35,594 INFO  cn.edu.tsinghua.iot.benchmark.mode.BaseMode:102 - DataClientService-thread-6 75.90% workload is done. 
2026-06-01 17:39:35,594 INFO  cn.edu.tsinghua.iot.benchmark.mode.BaseMode:102 - DataClientService-thread-7 76.00% workload is done. 
2026-06-01 17:39:35,594 INFO  cn.edu.tsinghua.iot.benchmark.mode.BaseMode:102 - DataClientService-thread-8 74.30% workload is done. 
2026-06-01 17:39:35,594 INFO  cn.edu.tsinghua.iot.benchmark.mode.BaseMode:102 - DataClientService-thread-9 73.60% workload is done. 
2026-06-01 17:39:35,594 INFO  cn.edu.tsinghua.iot.benchmark.mode.BaseMode:102 - DataClientService-thread-10 73.30% workload is done. 
2026-06-01 17:39:40,594 INFO  cn.edu.tsinghua.iot.benchmark.mode.BaseMode:102 - DataClientService-thread-1 75.30% workload is done. 
2026-06-01 17:39:40,594 INFO  cn.edu.tsinghua.iot.benchmark.mode.BaseMode:102 - DataClientService-thread-2 74.50% workload is done. 
2026-06-01 17:39:40,594 INFO  cn.edu.tsinghua.iot.benchmark.mode.BaseMode:102 - DataClientService-thread-3 74.30% workload is done. 
2026-06-01 17:39:40,594 INFO  cn.edu.tsinghua.iot.benchmark.mode.BaseMode:102 - DataClientService-thread-4 75.30% workload is done. 
2026-06-01 17:39:40,594 INFO  cn.edu.tsinghua.iot.benchmark.mode.BaseMode:102 - DataClientService-thread-5 73.90% workload is done. 
2026-06-01 17:39:40,594 INFO  cn.edu.tsinghua.iot.benchmark.mode.BaseMode:102 - DataClientService-thread-6 76.10% workload is done. 
2026-06-01 17:39:40,594 INFO  cn.edu.tsinghua.iot.benchmark.mode.BaseMode:102 - DataClientService-thread-7 76.20% workload is done. 
2026-06-01 17:39:40,594 INFO  cn.edu.tsinghua.iot.benchmark.mode.BaseMode:102 - DataClientService-thread-8 74.60% workload is done. 
2026-06-01 17:39:40,594 INFO  cn.edu.tsinghua.iot.benchmark.mode.BaseMode:102 - DataClientService-thread-9 74.00% workload is done. 
2026-06-01 17:39:40,594 INFO  cn.edu.tsinghua.iot.benchmark.mode.BaseMode:102 - DataClientService-thread-10 73.60% workload is done. 
2026-06-01 17:39:45,594 INFO  cn.edu.tsinghua.iot.benchmark.mode.BaseMode:102 - DataClientService-thread-1 75.70% workload is done. 
2026-06-01 17:39:45,594 INFO  cn.edu.tsinghua.iot.benchmark.mode.BaseMode:102 - DataClientService-thread-2 74.70% workload is done. 
2026-06-01 17:39:45,594 INFO  cn.edu.tsinghua.iot.benchmark.mode.BaseMode:102 - DataClientService-thread-3 74.50% workload is done. 
2026-06-01 17:39:45,594 INFO  cn.edu.tsinghua.iot.benchmark.mode.BaseMode:102 - DataClientService-thread-4 75.50% workload is done. 
2026-06-01 17:39:45,594 INFO  cn.edu.tsinghua.iot.benchmark.mode.BaseMode:102 - DataClientService-thread-5 74.20% workload is done. 
2026-06-01 17:39:45,594 INFO  cn.edu.tsinghua.iot.benchmark.mode.BaseMode:102 - DataClientService-thread-6 76.40% workload is done. 
2026-06-01 17:39:45,594 INFO  cn.edu.tsinghua.iot.benchmark.mode.BaseMode:102 - DataClientService-thread-7 76.60% workload is done. 
2026-06-01 17:39:45,594 INFO  cn.edu.tsinghua.iot.benchmark.mode.BaseMode:102 - DataClientService-thread-8 74.90% workload is done. 
2026-06-01 17:39:45,594 INFO  cn.edu.tsinghua.iot.benchmark.mode.BaseMode:102 - DataClientService-thread-9 74.20% workload is done. 
2026-06-01 17:39:45,594 INFO  cn.edu.tsinghua.iot.benchmark.mode.BaseMode:102 - DataClientService-thread-10 73.90% workload is done. 
2026-06-01 17:39:50,594 INFO  cn.edu.tsinghua.iot.benchmark.mode.BaseMode:102 - DataClientService-thread-1 76.00% workload is done. 
2026-06-01 17:39:50,594 INFO  cn.edu.tsinghua.iot.benchmark.mode.BaseMode:102 - DataClientService-thread-2 75.00% workload is done. 
2026-06-01 17:39:50,594 INFO  cn.edu.tsinghua.iot.benchmark.mode.BaseMode:102 - DataClientService-thread-3 74.80% workload is done. 
2026-06-01 17:39:50,594 INFO  cn.edu.tsinghua.iot.benchmark.mode.BaseMode:102 - DataClientService-thread-4 75.80% workload is done. 
2026-06-01 17:39:50,594 INFO  cn.edu.tsinghua.iot.benchmark.mode.BaseMode:102 - DataClientService-thread-5 74.40% workload is done. 
2026-06-01 17:39:50,594 INFO  cn.edu.tsinghua.iot.benchmark.mode.BaseMode:102 - DataClientService-thread-6 76.60% workload is done. 
2026-06-01 17:39:50,594 INFO  cn.edu.tsinghua.iot.benchmark.mode.BaseMode:102 - DataClientService-thread-7 76.80% workload is done. 
2026-06-01 17:39:50,594 INFO  cn.edu.tsinghua.iot.benchmark.mode.BaseMode:102 - DataClientService-thread-8 75.20% workload is done. 
2026-06-01 17:39:50,594 INFO  cn.edu.tsinghua.iot.benchmark.mode.BaseMode:102 - DataClientService-thread-9 74.50% workload is done. 
2026-06-01 17:39:50,594 INFO  cn.edu.tsinghua.iot.benchmark.mode.BaseMode:102 - DataClientService-thread-10 74.20% workload is done. 
2026-06-01 17:39:55,594 INFO  cn.edu.tsinghua.iot.benchmark.mode.BaseMode:102 - DataClientService-thread-1 76.20% workload is done. 
2026-06-01 17:39:55,594 INFO  cn.edu.tsinghua.iot.benchmark.mode.BaseMode:102 - DataClientService-thread-2 75.30% workload is done. 
2026-06-01 17:39:55,594 INFO  cn.edu.tsinghua.iot.benchmark.mode.BaseMode:102 - DataClientService-thread-3 75.00% workload is done. 
2026-06-01 17:39:55,594 INFO  cn.edu.tsinghua.iot.benchmark.mode.BaseMode:102 - DataClientService-thread-4 76.00% workload is done. 
2026-06-01 17:39:55,594 INFO  cn.edu.tsinghua.iot.benchmark.mode.BaseMode:102 - DataClientService-thread-5 74.70% workload is done. 
2026-06-01 17:39:55,594 INFO  cn.edu.tsinghua.iot.benchmark.mode.BaseMode:102 - DataClientService-thread-6 77.10% workload is done. 
2026-06-01 17:39:55,594 INFO  cn.edu.tsinghua.iot.benchmark.mode.BaseMode:102 - DataClientService-thread-7 77.20% workload is done. 
2026-06-01 17:39:55,594 INFO  cn.edu.tsinghua.iot.benchmark.mode.BaseMode:102 - DataClientService-thread-8 75.50% workload is done. 
2026-06-01 17:39:55,594 INFO  cn.edu.tsinghua.iot.benchmark.mode.BaseMode:102 - DataClientService-thread-9 74.70% workload is done. 
2026-06-01 17:39:55,594 INFO  cn.edu.tsinghua.iot.benchmark.mode.BaseMode:102 - DataClientService-thread-10 74.40% workload is done. 
2026-06-01 17:40:00,594 INFO  cn.edu.tsinghua.iot.benchmark.mode.BaseMode:102 - DataClientService-thread-1 76.50% workload is done. 
2026-06-01 17:40:00,606 INFO  cn.edu.tsinghua.iot.benchmark.mode.BaseMode:102 - DataClientService-thread-2 75.60% workload is done. 
2026-06-01 17:40:00,606 INFO  cn.edu.tsinghua.iot.benchmark.mode.BaseMode:102 - DataClientService-thread-3 75.50% workload is done. 
2026-06-01 17:40:00,606 INFO  cn.edu.tsinghua.iot.benchmark.mode.BaseMode:102 - DataClientService-thread-4 76.40% workload is done. 
2026-06-01 17:40:00,606 INFO  cn.edu.tsinghua.iot.benchmark.mode.BaseMode:102 - DataClientService-thread-5 74.90% workload is done. 
2026-06-01 17:40:00,606 INFO  cn.edu.tsinghua.iot.benchmark.mode.BaseMode:102 - DataClientService-thread-6 77.40% workload is done. 
2026-06-01 17:40:00,606 INFO  cn.edu.tsinghua.iot.benchmark.mode.BaseMode:102 - DataClientService-thread-7 77.40% workload is done. 
2026-06-01 17:40:00,606 INFO  cn.edu.tsinghua.iot.benchmark.mode.BaseMode:102 - DataClientService-thread-8 75.70% workload is done. 
2026-06-01 17:40:00,606 INFO  cn.edu.tsinghua.iot.benchmark.mode.BaseMode:102 - DataClientService-thread-9 75.00% workload is done. 
2026-06-01 17:40:00,606 INFO  cn.edu.tsinghua.iot.benchmark.mode.BaseMode:102 - DataClientService-thread-10 74.70% workload is done. 
2026-06-01 17:40:05,594 INFO  cn.edu.tsinghua.iot.benchmark.mode.BaseMode:102 - DataClientService-thread-1 76.70% workload is done. 
2026-06-01 17:40:05,594 INFO  cn.edu.tsinghua.iot.benchmark.mode.BaseMode:102 - DataClientService-thread-2 75.80% workload is done. 
2026-06-01 17:40:05,594 INFO  cn.edu.tsinghua.iot.benchmark.mode.BaseMode:102 - DataClientService-thread-3 75.70% workload is done. 
2026-06-01 17:40:05,594 INFO  cn.edu.tsinghua.iot.benchmark.mode.BaseMode:102 - DataClientService-thread-4 76.60% workload is done. 
2026-06-01 17:40:05,594 INFO  cn.edu.tsinghua.iot.benchmark.mode.BaseMode:102 - DataClientService-thread-5 75.30% workload is done. 
2026-06-01 17:40:05,594 INFO  cn.edu.tsinghua.iot.benchmark.mode.BaseMode:102 - DataClientService-thread-6 77.70% workload is done. 
2026-06-01 17:40:05,594 INFO  cn.edu.tsinghua.iot.benchmark.mode.BaseMode:102 - DataClientService-thread-7 77.80% workload is done. 
2026-06-01 17:40:05,594 INFO  cn.edu.tsinghua.iot.benchmark.mode.BaseMode:102 - DataClientService-thread-8 76.10% workload is done. 
2026-06-01 17:40:05,594 INFO  cn.edu.tsinghua.iot.benchmark.mode.BaseMode:102 - DataClientService-thread-9 75.30% workload is done. 
2026-06-01 17:40:05,594 INFO  cn.edu.tsinghua.iot.benchmark.mode.BaseMode:102 - DataClientService-thread-10 74.90% workload is done. 
2026-06-01 17:40:10,594 INFO  cn.edu.tsinghua.iot.benchmark.mode.BaseMode:102 - DataClientService-thread-1 77.00% workload is done. 
2026-06-01 17:40:10,594 INFO  cn.edu.tsinghua.iot.benchmark.mode.BaseMode:102 - DataClientService-thread-2 76.10% workload is done. 
2026-06-01 17:40:10,594 INFO  cn.edu.tsinghua.iot.benchmark.mode.BaseMode:102 - DataClientService-thread-3 76.00% workload is done. 
2026-06-01 17:40:10,594 INFO  cn.edu.tsinghua.iot.benchmark.mode.BaseMode:102 - DataClientService-thread-4 77.00% workload is done. 
2026-06-01 17:40:10,594 INFO  cn.edu.tsinghua.iot.benchmark.mode.BaseMode:102 - DataClientService-thread-5 75.50% workload is done. 
2026-06-01 17:40:10,594 INFO  cn.edu.tsinghua.iot.benchmark.mode.BaseMode:102 - DataClientService-thread-6 77.90% workload is done. 
2026-06-01 17:40:10,594 INFO  cn.edu.tsinghua.iot.benchmark.mode.BaseMode:102 - DataClientService-thread-7 78.00% workload is done. 
2026-06-01 17:40:10,594 INFO  cn.edu.tsinghua.iot.benchmark.mode.BaseMode:102 - DataClientService-thread-8 76.30% workload is done. 
2026-06-01 17:40:10,594 INFO  cn.edu.tsinghua.iot.benchmark.mode.BaseMode:102 - DataClientService-thread-9 75.60% workload is done. 
2026-06-01 17:40:10,594 INFO  cn.edu.tsinghua.iot.benchmark.mode.BaseMode:102 - DataClientService-thread-10 75.30% workload is done. 
2026-06-01 17:40:15,594 INFO  cn.edu.tsinghua.iot.benchmark.mode.BaseMode:102 - DataClientService-thread-1 77.20% workload is done. 
2026-06-01 17:40:15,594 INFO  cn.edu.tsinghua.iot.benchmark.mode.BaseMode:102 - DataClientService-thread-2 76.30% workload is done. 
2026-06-01 17:40:15,594 INFO  cn.edu.tsinghua.iot.benchmark.mode.BaseMode:102 - DataClientService-thread-3 76.20% workload is done. 
2026-06-01 17:40:15,594 INFO  cn.edu.tsinghua.iot.benchmark.mode.BaseMode:102 - DataClientService-thread-4 77.30% workload is done. 
2026-06-01 17:40:15,594 INFO  cn.edu.tsinghua.iot.benchmark.mode.BaseMode:102 - DataClientService-thread-5 75.90% workload is done. 
2026-06-01 17:40:15,594 INFO  cn.edu.tsinghua.iot.benchmark.mode.BaseMode:102 - DataClientService-thread-6 78.20% workload is done. 
2026-06-01 17:40:15,594 INFO  cn.edu.tsinghua.iot.benchmark.mode.BaseMode:102 - DataClientService-thread-7 78.30% workload is done. 
2026-06-01 17:40:15,594 INFO  cn.edu.tsinghua.iot.benchmark.mode.BaseMode:102 - DataClientService-thread-8 76.70% workload is done. 
2026-06-01 17:40:15,594 INFO  cn.edu.tsinghua.iot.benchmark.mode.BaseMode:102 - DataClientService-thread-9 75.80% workload is done. 
2026-06-01 17:40:15,594 INFO  cn.edu.tsinghua.iot.benchmark.mode.BaseMode:102 - DataClientService-thread-10 75.50% workload is done. 
2026-06-01 17:40:20,594 INFO  cn.edu.tsinghua.iot.benchmark.mode.BaseMode:102 - DataClientService-thread-1 77.50% workload is done. 
2026-06-01 17:40:20,594 INFO  cn.edu.tsinghua.iot.benchmark.mode.BaseMode:102 - DataClientService-thread-2 76.70% workload is done. 
2026-06-01 17:40:20,594 INFO  cn.edu.tsinghua.iot.benchmark.mode.BaseMode:102 - DataClientService-thread-3 76.60% workload is done. 
2026-06-01 17:40:20,594 INFO  cn.edu.tsinghua.iot.benchmark.mode.BaseMode:102 - DataClientService-thread-4 77.60% workload is done. 
2026-06-01 17:40:20,594 INFO  cn.edu.tsinghua.iot.benchmark.mode.BaseMode:102 - DataClientService-thread-5 76.20% workload is done. 
2026-06-01 17:40:20,594 INFO  cn.edu.tsinghua.iot.benchmark.mode.BaseMode:102 - DataClientService-thread-6 78.50% workload is done. 
2026-06-01 17:40:20,594 INFO  cn.edu.tsinghua.iot.benchmark.mode.BaseMode:102 - DataClientService-thread-7 78.50% workload is done. 
2026-06-01 17:40:20,594 INFO  cn.edu.tsinghua.iot.benchmark.mode.BaseMode:102 - DataClientService-thread-8 76.90% workload is done. 
2026-06-01 17:40:20,594 INFO  cn.edu.tsinghua.iot.benchmark.mode.BaseMode:102 - DataClientService-thread-9 76.10% workload is done. 
2026-06-01 17:40:20,594 INFO  cn.edu.tsinghua.iot.benchmark.mode.BaseMode:102 - DataClientService-thread-10 75.80% workload is done. 
2026-06-01 17:40:25,594 INFO  cn.edu.tsinghua.iot.benchmark.mode.BaseMode:102 - DataClientService-thread-1 77.70% workload is done. 
2026-06-01 17:40:25,594 INFO  cn.edu.tsinghua.iot.benchmark.mode.BaseMode:102 - DataClientService-thread-2 76.90% workload is done. 
2026-06-01 17:40:25,594 INFO  cn.edu.tsinghua.iot.benchmark.mode.BaseMode:102 - DataClientService-thread-3 76.80% workload is done. 
2026-06-01 17:40:25,594 INFO  cn.edu.tsinghua.iot.benchmark.mode.BaseMode:102 - DataClientService-thread-4 77.90% workload is done. 
2026-06-01 17:40:25,594 INFO  cn.edu.tsinghua.iot.benchmark.mode.BaseMode:102 - DataClientService-thread-5 76.50% workload is done. 
2026-06-01 17:40:25,594 INFO  cn.edu.tsinghua.iot.benchmark.mode.BaseMode:102 - DataClientService-thread-6 78.80% workload is done. 
2026-06-01 17:40:25,594 INFO  cn.edu.tsinghua.iot.benchmark.mode.BaseMode:102 - DataClientService-thread-7 78.80% workload is done. 
2026-06-01 17:40:25,594 INFO  cn.edu.tsinghua.iot.benchmark.mode.BaseMode:102 - DataClientService-thread-8 77.20% workload is done. 
2026-06-01 17:40:25,594 INFO  cn.edu.tsinghua.iot.benchmark.mode.BaseMode:102 - DataClientService-thread-9 76.30% workload is done. 
2026-06-01 17:40:25,594 INFO  cn.edu.tsinghua.iot.benchmark.mode.BaseMode:102 - DataClientService-thread-10 75.90% workload is done. 
2026-06-01 17:40:30,594 INFO  cn.edu.tsinghua.iot.benchmark.mode.BaseMode:102 - DataClientService-thread-1 78.10% workload is done. 
2026-06-01 17:40:30,594 INFO  cn.edu.tsinghua.iot.benchmark.mode.BaseMode:102 - DataClientService-thread-2 77.20% workload is done. 
2026-06-01 17:40:30,594 INFO  cn.edu.tsinghua.iot.benchmark.mode.BaseMode:102 - DataClientService-thread-3 77.10% workload is done. 
2026-06-01 17:40:30,594 INFO  cn.edu.tsinghua.iot.benchmark.mode.BaseMode:102 - DataClientService-thread-4 78.20% workload is done. 
2026-06-01 17:40:30,594 INFO  cn.edu.tsinghua.iot.benchmark.mode.BaseMode:102 - DataClientService-thread-5 76.70% workload is done. 
2026-06-01 17:40:30,594 INFO  cn.edu.tsinghua.iot.benchmark.mode.BaseMode:102 - DataClientService-thread-6 79.00% workload is done. 
2026-06-01 17:40:30,594 INFO  cn.edu.tsinghua.iot.benchmark.mode.BaseMode:102 - DataClientService-thread-7 79.00% workload is done. 
2026-06-01 17:40:30,594 INFO  cn.edu.tsinghua.iot.benchmark.mode.BaseMode:102 - DataClientService-thread-8 77.40% workload is done. 
2026-06-01 17:40:30,594 INFO  cn.edu.tsinghua.iot.benchmark.mode.BaseMode:102 - DataClientService-thread-9 76.60% workload is done. 
2026-06-01 17:40:30,594 INFO  cn.edu.tsinghua.iot.benchmark.mode.BaseMode:102 - DataClientService-thread-10 76.20% workload is done. 
2026-06-01 17:40:35,594 INFO  cn.edu.tsinghua.iot.benchmark.mode.BaseMode:102 - DataClientService-thread-1 78.30% workload is done. 
2026-06-01 17:40:35,594 INFO  cn.edu.tsinghua.iot.benchmark.mode.BaseMode:102 - DataClientService-thread-2 77.40% workload is done. 
2026-06-01 17:40:35,594 INFO  cn.edu.tsinghua.iot.benchmark.mode.BaseMode:102 - DataClientService-thread-3 77.30% workload is done. 
2026-06-01 17:40:35,594 INFO  cn.edu.tsinghua.iot.benchmark.mode.BaseMode:102 - DataClientService-thread-4 78.50% workload is done. 
2026-06-01 17:40:35,594 INFO  cn.edu.tsinghua.iot.benchmark.mode.BaseMode:102 - DataClientService-thread-5 77.00% workload is done. 
2026-06-01 17:40:35,594 INFO  cn.edu.tsinghua.iot.benchmark.mode.BaseMode:102 - DataClientService-thread-6 79.30% workload is done. 
2026-06-01 17:40:35,594 INFO  cn.edu.tsinghua.iot.benchmark.mode.BaseMode:102 - DataClientService-thread-7 79.30% workload is done. 
2026-06-01 17:40:35,594 INFO  cn.edu.tsinghua.iot.benchmark.mode.BaseMode:102 - DataClientService-thread-8 77.70% workload is done. 
2026-06-01 17:40:35,594 INFO  cn.edu.tsinghua.iot.benchmark.mode.BaseMode:102 - DataClientService-thread-9 76.90% workload is done. 
2026-06-01 17:40:35,594 INFO  cn.edu.tsinghua.iot.benchmark.mode.BaseMode:102 - DataClientService-thread-10 76.50% workload is done. 
2026-06-01 17:40:40,594 INFO  cn.edu.tsinghua.iot.benchmark.mode.BaseMode:102 - DataClientService-thread-1 78.60% workload is done. 
2026-06-01 17:40:40,594 INFO  cn.edu.tsinghua.iot.benchmark.mode.BaseMode:102 - DataClientService-thread-2 77.80% workload is done. 
2026-06-01 17:40:40,594 INFO  cn.edu.tsinghua.iot.benchmark.mode.BaseMode:102 - DataClientService-thread-3 77.60% workload is done. 
2026-06-01 17:40:40,594 INFO  cn.edu.tsinghua.iot.benchmark.mode.BaseMode:102 - DataClientService-thread-4 78.70% workload is done. 
2026-06-01 17:40:40,594 INFO  cn.edu.tsinghua.iot.benchmark.mode.BaseMode:102 - DataClientService-thread-5 77.20% workload is done. 
2026-06-01 17:40:40,594 INFO  cn.edu.tsinghua.iot.benchmark.mode.BaseMode:102 - DataClientService-thread-6 79.50% workload is done. 
2026-06-01 17:40:40,594 INFO  cn.edu.tsinghua.iot.benchmark.mode.BaseMode:102 - DataClientService-thread-7 79.50% workload is done. 
2026-06-01 17:40:40,594 INFO  cn.edu.tsinghua.iot.benchmark.mode.BaseMode:102 - DataClientService-thread-8 77.90% workload is done. 
2026-06-01 17:40:40,594 INFO  cn.edu.tsinghua.iot.benchmark.mode.BaseMode:102 - DataClientService-thread-9 77.20% workload is done. 
2026-06-01 17:40:40,594 INFO  cn.edu.tsinghua.iot.benchmark.mode.BaseMode:102 - DataClientService-thread-10 76.70% workload is done. 
2026-06-01 17:40:45,594 INFO  cn.edu.tsinghua.iot.benchmark.mode.BaseMode:102 - DataClientService-thread-1 78.80% workload is done. 
2026-06-01 17:40:45,594 INFO  cn.edu.tsinghua.iot.benchmark.mode.BaseMode:102 - DataClientService-thread-2 78.10% workload is done. 
2026-06-01 17:40:45,594 INFO  cn.edu.tsinghua.iot.benchmark.mode.BaseMode:102 - DataClientService-thread-3 77.80% workload is done. 
2026-06-01 17:40:45,594 INFO  cn.edu.tsinghua.iot.benchmark.mode.BaseMode:102 - DataClientService-thread-4 79.00% workload is done. 
2026-06-01 17:40:45,594 INFO  cn.edu.tsinghua.iot.benchmark.mode.BaseMode:102 - DataClientService-thread-5 77.70% workload is done. 
2026-06-01 17:40:45,594 INFO  cn.edu.tsinghua.iot.benchmark.mode.BaseMode:102 - DataClientService-thread-6 79.80% workload is done. 
2026-06-01 17:40:45,594 INFO  cn.edu.tsinghua.iot.benchmark.mode.BaseMode:102 - DataClientService-thread-7 79.80% workload is done. 
2026-06-01 17:40:45,594 INFO  cn.edu.tsinghua.iot.benchmark.mode.BaseMode:102 - DataClientService-thread-8 78.20% workload is done. 
2026-06-01 17:40:45,594 INFO  cn.edu.tsinghua.iot.benchmark.mode.BaseMode:102 - DataClientService-thread-9 77.50% workload is done. 
2026-06-01 17:40:45,594 INFO  cn.edu.tsinghua.iot.benchmark.mode.BaseMode:102 - DataClientService-thread-10 77.10% workload is done. 
2026-06-01 17:40:50,594 INFO  cn.edu.tsinghua.iot.benchmark.mode.BaseMode:102 - DataClientService-thread-1 79.10% workload is done. 
2026-06-01 17:40:50,594 INFO  cn.edu.tsinghua.iot.benchmark.mode.BaseMode:102 - DataClientService-thread-2 78.30% workload is done. 
2026-06-01 17:40:50,594 INFO  cn.edu.tsinghua.iot.benchmark.mode.BaseMode:102 - DataClientService-thread-3 78.10% workload is done. 
2026-06-01 17:40:50,595 INFO  cn.edu.tsinghua.iot.benchmark.mode.BaseMode:102 - DataClientService-thread-4 79.20% workload is done. 
2026-06-01 17:40:50,595 INFO  cn.edu.tsinghua.iot.benchmark.mode.BaseMode:102 - DataClientService-thread-5 78.00% workload is done. 
2026-06-01 17:40:50,596 INFO  cn.edu.tsinghua.iot.benchmark.mode.BaseMode:102 - DataClientService-thread-6 80.00% workload is done. 
2026-06-01 17:40:50,596 INFO  cn.edu.tsinghua.iot.benchmark.mode.BaseMode:102 - DataClientService-thread-7 80.00% workload is done. 
2026-06-01 17:40:50,596 INFO  cn.edu.tsinghua.iot.benchmark.mode.BaseMode:102 - DataClientService-thread-8 78.40% workload is done. 
2026-06-01 17:40:50,596 INFO  cn.edu.tsinghua.iot.benchmark.mode.BaseMode:102 - DataClientService-thread-9 77.80% workload is done. 
2026-06-01 17:40:50,596 INFO  cn.edu.tsinghua.iot.benchmark.mode.BaseMode:102 - DataClientService-thread-10 77.30% workload is done. 
2026-06-01 17:40:55,594 INFO  cn.edu.tsinghua.iot.benchmark.mode.BaseMode:102 - DataClientService-thread-1 79.30% workload is done. 
2026-06-01 17:40:55,596 INFO  cn.edu.tsinghua.iot.benchmark.mode.BaseMode:102 - DataClientService-thread-2 78.60% workload is done. 
2026-06-01 17:40:55,596 INFO  cn.edu.tsinghua.iot.benchmark.mode.BaseMode:102 - DataClientService-thread-3 78.30% workload is done. 
2026-06-01 17:40:55,596 INFO  cn.edu.tsinghua.iot.benchmark.mode.BaseMode:102 - DataClientService-thread-4 79.50% workload is done. 
2026-06-01 17:40:55,596 INFO  cn.edu.tsinghua.iot.benchmark.mode.BaseMode:102 - DataClientService-thread-5 78.30% workload is done. 
2026-06-01 17:40:55,596 INFO  cn.edu.tsinghua.iot.benchmark.mode.BaseMode:102 - DataClientService-thread-6 80.30% workload is done. 
2026-06-01 17:40:55,597 INFO  cn.edu.tsinghua.iot.benchmark.mode.BaseMode:102 - DataClientService-thread-7 80.30% workload is done. 
2026-06-01 17:40:55,597 INFO  cn.edu.tsinghua.iot.benchmark.mode.BaseMode:102 - DataClientService-thread-8 78.70% workload is done. 
2026-06-01 17:40:55,597 INFO  cn.edu.tsinghua.iot.benchmark.mode.BaseMode:102 - DataClientService-thread-9 78.00% workload is done. 
2026-06-01 17:40:55,597 INFO  cn.edu.tsinghua.iot.benchmark.mode.BaseMode:102 - DataClientService-thread-10 77.60% workload is done. 
2026-06-01 17:41:00,594 INFO  cn.edu.tsinghua.iot.benchmark.mode.BaseMode:102 - DataClientService-thread-1 79.60% workload is done. 
2026-06-01 17:41:00,594 INFO  cn.edu.tsinghua.iot.benchmark.mode.BaseMode:102 - DataClientService-thread-2 78.80% workload is done. 
2026-06-01 17:41:00,594 INFO  cn.edu.tsinghua.iot.benchmark.mode.BaseMode:102 - DataClientService-thread-3 78.50% workload is done. 
2026-06-01 17:41:00,594 INFO  cn.edu.tsinghua.iot.benchmark.mode.BaseMode:102 - DataClientService-thread-4 79.80% workload is done. 
2026-06-01 17:41:00,594 INFO  cn.edu.tsinghua.iot.benchmark.mode.BaseMode:102 - DataClientService-thread-5 78.50% workload is done. 
2026-06-01 17:41:00,594 INFO  cn.edu.tsinghua.iot.benchmark.mode.BaseMode:102 - DataClientService-thread-6 80.50% workload is done. 
2026-06-01 17:41:00,594 INFO  cn.edu.tsinghua.iot.benchmark.mode.BaseMode:102 - DataClientService-thread-7 80.50% workload is done. 
2026-06-01 17:41:00,594 INFO  cn.edu.tsinghua.iot.benchmark.mode.BaseMode:102 - DataClientService-thread-8 79.00% workload is done. 
2026-06-01 17:41:00,594 INFO  cn.edu.tsinghua.iot.benchmark.mode.BaseMode:102 - DataClientService-thread-9 78.30% workload is done. 
2026-06-01 17:41:00,594 INFO  cn.edu.tsinghua.iot.benchmark.mode.BaseMode:102 - DataClientService-thread-10 77.80% workload is done. 
2026-06-01 17:41:05,594 INFO  cn.edu.tsinghua.iot.benchmark.mode.BaseMode:102 - DataClientService-thread-1 79.80% workload is done. 
2026-06-01 17:41:05,594 INFO  cn.edu.tsinghua.iot.benchmark.mode.BaseMode:102 - DataClientService-thread-2 79.20% workload is done. 
2026-06-01 17:41:05,594 INFO  cn.edu.tsinghua.iot.benchmark.mode.BaseMode:102 - DataClientService-thread-3 78.70% workload is done. 
2026-06-01 17:41:05,594 INFO  cn.edu.tsinghua.iot.benchmark.mode.BaseMode:102 - DataClientService-thread-4 80.10% workload is done. 
2026-06-01 17:41:05,594 INFO  cn.edu.tsinghua.iot.benchmark.mode.BaseMode:102 - DataClientService-thread-5 78.80% workload is done. 
2026-06-01 17:41:05,594 INFO  cn.edu.tsinghua.iot.benchmark.mode.BaseMode:102 - DataClientService-thread-6 80.80% workload is done. 
2026-06-01 17:41:05,594 INFO  cn.edu.tsinghua.iot.benchmark.mode.BaseMode:102 - DataClientService-thread-7 80.80% workload is done. 
2026-06-01 17:41:05,594 INFO  cn.edu.tsinghua.iot.benchmark.mode.BaseMode:102 - DataClientService-thread-8 79.30% workload is done. 
2026-06-01 17:41:05,594 INFO  cn.edu.tsinghua.iot.benchmark.mode.BaseMode:102 - DataClientService-thread-9 78.60% workload is done. 
2026-06-01 17:41:05,594 INFO  cn.edu.tsinghua.iot.benchmark.mode.BaseMode:102 - DataClientService-thread-10 78.10% workload is done. 
2026-06-01 17:41:10,594 INFO  cn.edu.tsinghua.iot.benchmark.mode.BaseMode:102 - DataClientService-thread-1 80.20% workload is done. 
2026-06-01 17:41:10,594 INFO  cn.edu.tsinghua.iot.benchmark.mode.BaseMode:102 - DataClientService-thread-2 79.40% workload is done. 
2026-06-01 17:41:10,594 INFO  cn.edu.tsinghua.iot.benchmark.mode.BaseMode:102 - DataClientService-thread-3 79.10% workload is done. 
2026-06-01 17:41:10,594 INFO  cn.edu.tsinghua.iot.benchmark.mode.BaseMode:102 - DataClientService-thread-4 80.30% workload is done. 
2026-06-01 17:41:10,594 INFO  cn.edu.tsinghua.iot.benchmark.mode.BaseMode:102 - DataClientService-thread-5 79.00% workload is done. 
2026-06-01 17:41:10,594 INFO  cn.edu.tsinghua.iot.benchmark.mode.BaseMode:102 - DataClientService-thread-6 81.00% workload is done. 
2026-06-01 17:41:10,594 INFO  cn.edu.tsinghua.iot.benchmark.mode.BaseMode:102 - DataClientService-thread-7 81.00% workload is done. 
2026-06-01 17:41:10,594 INFO  cn.edu.tsinghua.iot.benchmark.mode.BaseMode:102 - DataClientService-thread-8 79.60% workload is done. 
2026-06-01 17:41:10,594 INFO  cn.edu.tsinghua.iot.benchmark.mode.BaseMode:102 - DataClientService-thread-9 78.90% workload is done. 
2026-06-01 17:41:10,594 INFO  cn.edu.tsinghua.iot.benchmark.mode.BaseMode:102 - DataClientService-thread-10 78.30% workload is done. 
2026-06-01 17:41:15,594 INFO  cn.edu.tsinghua.iot.benchmark.mode.BaseMode:102 - DataClientService-thread-1 80.40% workload is done. 
2026-06-01 17:41:15,594 INFO  cn.edu.tsinghua.iot.benchmark.mode.BaseMode:102 - DataClientService-thread-2 79.70% workload is done. 
2026-06-01 17:41:15,594 INFO  cn.edu.tsinghua.iot.benchmark.mode.BaseMode:102 - DataClientService-thread-3 79.30% workload is done. 
2026-06-01 17:41:15,594 INFO  cn.edu.tsinghua.iot.benchmark.mode.BaseMode:102 - DataClientService-thread-4 80.60% workload is done. 
2026-06-01 17:41:15,594 INFO  cn.edu.tsinghua.iot.benchmark.mode.BaseMode:102 - DataClientService-thread-5 79.20% workload is done. 
2026-06-01 17:41:15,594 INFO  cn.edu.tsinghua.iot.benchmark.mode.BaseMode:102 - DataClientService-thread-6 81.30% workload is done. 
2026-06-01 17:41:15,594 INFO  cn.edu.tsinghua.iot.benchmark.mode.BaseMode:102 - DataClientService-thread-7 81.30% workload is done. 
2026-06-01 17:41:15,594 INFO  cn.edu.tsinghua.iot.benchmark.mode.BaseMode:102 - DataClientService-thread-8 80.00% workload is done. 
2026-06-01 17:41:15,594 INFO  cn.edu.tsinghua.iot.benchmark.mode.BaseMode:102 - DataClientService-thread-9 79.10% workload is done. 
2026-06-01 17:41:15,594 INFO  cn.edu.tsinghua.iot.benchmark.mode.BaseMode:102 - DataClientService-thread-10 78.60% workload is done. 
2026-06-01 17:41:20,594 INFO  cn.edu.tsinghua.iot.benchmark.mode.BaseMode:102 - DataClientService-thread-1 80.70% workload is done. 
2026-06-01 17:41:20,594 INFO  cn.edu.tsinghua.iot.benchmark.mode.BaseMode:102 - DataClientService-thread-2 79.90% workload is done. 
2026-06-01 17:41:20,594 INFO  cn.edu.tsinghua.iot.benchmark.mode.BaseMode:102 - DataClientService-thread-3 79.60% workload is done. 
2026-06-01 17:41:20,594 INFO  cn.edu.tsinghua.iot.benchmark.mode.BaseMode:102 - DataClientService-thread-4 80.80% workload is done. 
2026-06-01 17:41:20,594 INFO  cn.edu.tsinghua.iot.benchmark.mode.BaseMode:102 - DataClientService-thread-5 79.50% workload is done. 
2026-06-01 17:41:20,594 INFO  cn.edu.tsinghua.iot.benchmark.mode.BaseMode:102 - DataClientService-thread-6 81.50% workload is done. 
2026-06-01 17:41:20,594 INFO  cn.edu.tsinghua.iot.benchmark.mode.BaseMode:102 - DataClientService-thread-7 81.60% workload is done. 
2026-06-01 17:41:20,594 INFO  cn.edu.tsinghua.iot.benchmark.mode.BaseMode:102 - DataClientService-thread-8 80.20% workload is done. 
2026-06-01 17:41:20,594 INFO  cn.edu.tsinghua.iot.benchmark.mode.BaseMode:102 - DataClientService-thread-9 79.50% workload is done. 
2026-06-01 17:41:20,594 INFO  cn.edu.tsinghua.iot.benchmark.mode.BaseMode:102 - DataClientService-thread-10 78.80% workload is done. 
2026-06-01 17:41:25,594 INFO  cn.edu.tsinghua.iot.benchmark.mode.BaseMode:102 - DataClientService-thread-1 80.90% workload is done. 
2026-06-01 17:41:25,594 INFO  cn.edu.tsinghua.iot.benchmark.mode.BaseMode:102 - DataClientService-thread-2 80.20% workload is done. 
2026-06-01 17:41:25,594 INFO  cn.edu.tsinghua.iot.benchmark.mode.BaseMode:102 - DataClientService-thread-3 79.80% workload is done. 
2026-06-01 17:41:25,594 INFO  cn.edu.tsinghua.iot.benchmark.mode.BaseMode:102 - DataClientService-thread-4 81.20% workload is done. 
2026-06-01 17:41:25,594 INFO  cn.edu.tsinghua.iot.benchmark.mode.BaseMode:102 - DataClientService-thread-5 79.70% workload is done. 
2026-06-01 17:41:25,594 INFO  cn.edu.tsinghua.iot.benchmark.mode.BaseMode:102 - DataClientService-thread-6 81.70% workload is done. 
2026-06-01 17:41:25,594 INFO  cn.edu.tsinghua.iot.benchmark.mode.BaseMode:102 - DataClientService-thread-7 81.80% workload is done. 
2026-06-01 17:41:25,594 INFO  cn.edu.tsinghua.iot.benchmark.mode.BaseMode:102 - DataClientService-thread-8 80.50% workload is done. 
2026-06-01 17:41:25,594 INFO  cn.edu.tsinghua.iot.benchmark.mode.BaseMode:102 - DataClientService-thread-9 79.70% workload is done. 
2026-06-01 17:41:25,594 INFO  cn.edu.tsinghua.iot.benchmark.mode.BaseMode:102 - DataClientService-thread-10 79.10% workload is done. 
2026-06-01 17:41:30,594 INFO  cn.edu.tsinghua.iot.benchmark.mode.BaseMode:102 - DataClientService-thread-1 81.10% workload is done. 
2026-06-01 17:41:30,594 INFO  cn.edu.tsinghua.iot.benchmark.mode.BaseMode:102 - DataClientService-thread-2 80.50% workload is done. 
2026-06-01 17:41:30,594 INFO  cn.edu.tsinghua.iot.benchmark.mode.BaseMode:102 - DataClientService-thread-3 80.00% workload is done. 
2026-06-01 17:41:30,594 INFO  cn.edu.tsinghua.iot.benchmark.mode.BaseMode:102 - DataClientService-thread-4 81.40% workload is done. 
2026-06-01 17:41:30,594 INFO  cn.edu.tsinghua.iot.benchmark.mode.BaseMode:102 - DataClientService-thread-5 80.00% workload is done. 
2026-06-01 17:41:30,594 INFO  cn.edu.tsinghua.iot.benchmark.mode.BaseMode:102 - DataClientService-thread-6 82.00% workload is done. 
2026-06-01 17:41:30,594 INFO  cn.edu.tsinghua.iot.benchmark.mode.BaseMode:102 - DataClientService-thread-7 82.10% workload is done. 
2026-06-01 17:41:30,594 INFO  cn.edu.tsinghua.iot.benchmark.mode.BaseMode:102 - DataClientService-thread-8 80.70% workload is done. 
2026-06-01 17:41:30,594 INFO  cn.edu.tsinghua.iot.benchmark.mode.BaseMode:102 - DataClientService-thread-9 79.90% workload is done. 
2026-06-01 17:41:30,594 INFO  cn.edu.tsinghua.iot.benchmark.mode.BaseMode:102 - DataClientService-thread-10 79.30% workload is done. 
2026-06-01 17:41:35,594 INFO  cn.edu.tsinghua.iot.benchmark.mode.BaseMode:102 - DataClientService-thread-1 81.40% workload is done. 
2026-06-01 17:41:35,595 INFO  cn.edu.tsinghua.iot.benchmark.mode.BaseMode:102 - DataClientService-thread-2 80.90% workload is done. 
2026-06-01 17:41:35,595 INFO  cn.edu.tsinghua.iot.benchmark.mode.BaseMode:102 - DataClientService-thread-3 80.30% workload is done. 
2026-06-01 17:41:35,595 INFO  cn.edu.tsinghua.iot.benchmark.mode.BaseMode:102 - DataClientService-thread-4 81.70% workload is done. 
2026-06-01 17:41:35,595 INFO  cn.edu.tsinghua.iot.benchmark.mode.BaseMode:102 - DataClientService-thread-5 80.20% workload is done. 
2026-06-01 17:41:35,595 INFO  cn.edu.tsinghua.iot.benchmark.mode.BaseMode:102 - DataClientService-thread-6 82.40% workload is done. 
2026-06-01 17:41:35,595 INFO  cn.edu.tsinghua.iot.benchmark.mode.BaseMode:102 - DataClientService-thread-7 82.30% workload is done. 
2026-06-01 17:41:35,595 INFO  cn.edu.tsinghua.iot.benchmark.mode.BaseMode:102 - DataClientService-thread-8 81.00% workload is done. 
2026-06-01 17:41:35,595 INFO  cn.edu.tsinghua.iot.benchmark.mode.BaseMode:102 - DataClientService-thread-9 80.20% workload is done. 
2026-06-01 17:41:35,595 INFO  cn.edu.tsinghua.iot.benchmark.mode.BaseMode:102 - DataClientService-thread-10 79.60% workload is done. 
2026-06-01 17:41:40,594 INFO  cn.edu.tsinghua.iot.benchmark.mode.BaseMode:102 - DataClientService-thread-1 81.70% workload is done. 
2026-06-01 17:41:40,594 INFO  cn.edu.tsinghua.iot.benchmark.mode.BaseMode:102 - DataClientService-thread-2 81.20% workload is done. 
2026-06-01 17:41:40,594 INFO  cn.edu.tsinghua.iot.benchmark.mode.BaseMode:102 - DataClientService-thread-3 80.50% workload is done. 
2026-06-01 17:41:40,594 INFO  cn.edu.tsinghua.iot.benchmark.mode.BaseMode:102 - DataClientService-thread-4 82.00% workload is done. 
2026-06-01 17:41:40,594 INFO  cn.edu.tsinghua.iot.benchmark.mode.BaseMode:102 - DataClientService-thread-5 80.60% workload is done. 
2026-06-01 17:41:40,594 INFO  cn.edu.tsinghua.iot.benchmark.mode.BaseMode:102 - DataClientService-thread-6 82.70% workload is done. 
2026-06-01 17:41:40,594 INFO  cn.edu.tsinghua.iot.benchmark.mode.BaseMode:102 - DataClientService-thread-7 82.60% workload is done. 
2026-06-01 17:41:40,594 INFO  cn.edu.tsinghua.iot.benchmark.mode.BaseMode:102 - DataClientService-thread-8 81.30% workload is done. 
2026-06-01 17:41:40,594 INFO  cn.edu.tsinghua.iot.benchmark.mode.BaseMode:102 - DataClientService-thread-9 80.40% workload is done. 
2026-06-01 17:41:40,594 INFO  cn.edu.tsinghua.iot.benchmark.mode.BaseMode:102 - DataClientService-thread-10 79.80% workload is done. 
2026-06-01 17:41:45,594 INFO  cn.edu.tsinghua.iot.benchmark.mode.BaseMode:102 - DataClientService-thread-1 82.00% workload is done. 
2026-06-01 17:41:45,594 INFO  cn.edu.tsinghua.iot.benchmark.mode.BaseMode:102 - DataClientService-thread-2 81.50% workload is done. 
2026-06-01 17:41:45,594 INFO  cn.edu.tsinghua.iot.benchmark.mode.BaseMode:102 - DataClientService-thread-3 80.90% workload is done. 
2026-06-01 17:41:45,594 INFO  cn.edu.tsinghua.iot.benchmark.mode.BaseMode:102 - DataClientService-thread-4 82.20% workload is done. 
2026-06-01 17:41:45,594 INFO  cn.edu.tsinghua.iot.benchmark.mode.BaseMode:102 - DataClientService-thread-5 80.80% workload is done. 
2026-06-01 17:41:45,594 INFO  cn.edu.tsinghua.iot.benchmark.mode.BaseMode:102 - DataClientService-thread-6 82.90% workload is done. 
2026-06-01 17:41:45,594 INFO  cn.edu.tsinghua.iot.benchmark.mode.BaseMode:102 - DataClientService-thread-7 82.80% workload is done. 
2026-06-01 17:41:45,594 INFO  cn.edu.tsinghua.iot.benchmark.mode.BaseMode:102 - DataClientService-thread-8 81.50% workload is done. 
2026-06-01 17:41:45,594 INFO  cn.edu.tsinghua.iot.benchmark.mode.BaseMode:102 - DataClientService-thread-9 80.70% workload is done. 
2026-06-01 17:41:45,594 INFO  cn.edu.tsinghua.iot.benchmark.mode.BaseMode:102 - DataClientService-thread-10 80.10% workload is done. 
2026-06-01 17:41:50,594 INFO  cn.edu.tsinghua.iot.benchmark.mode.BaseMode:102 - DataClientService-thread-1 82.20% workload is done. 
2026-06-01 17:41:50,594 INFO  cn.edu.tsinghua.iot.benchmark.mode.BaseMode:102 - DataClientService-thread-2 81.80% workload is done. 
2026-06-01 17:41:50,594 INFO  cn.edu.tsinghua.iot.benchmark.mode.BaseMode:102 - DataClientService-thread-3 81.10% workload is done. 
2026-06-01 17:41:50,594 INFO  cn.edu.tsinghua.iot.benchmark.mode.BaseMode:102 - DataClientService-thread-4 82.50% workload is done. 
2026-06-01 17:41:50,594 INFO  cn.edu.tsinghua.iot.benchmark.mode.BaseMode:102 - DataClientService-thread-5 81.10% workload is done. 
2026-06-01 17:41:50,594 INFO  cn.edu.tsinghua.iot.benchmark.mode.BaseMode:102 - DataClientService-thread-6 83.20% workload is done. 
2026-06-01 17:41:50,594 INFO  cn.edu.tsinghua.iot.benchmark.mode.BaseMode:102 - DataClientService-thread-7 83.10% workload is done. 
2026-06-01 17:41:50,594 INFO  cn.edu.tsinghua.iot.benchmark.mode.BaseMode:102 - DataClientService-thread-8 81.80% workload is done. 
2026-06-01 17:41:50,594 INFO  cn.edu.tsinghua.iot.benchmark.mode.BaseMode:102 - DataClientService-thread-9 80.90% workload is done. 
2026-06-01 17:41:50,594 INFO  cn.edu.tsinghua.iot.benchmark.mode.BaseMode:102 - DataClientService-thread-10 80.40% workload is done. 
2026-06-01 17:41:55,594 INFO  cn.edu.tsinghua.iot.benchmark.mode.BaseMode:102 - DataClientService-thread-1 82.50% workload is done. 
2026-06-01 17:41:55,594 INFO  cn.edu.tsinghua.iot.benchmark.mode.BaseMode:102 - DataClientService-thread-2 82.00% workload is done. 
2026-06-01 17:41:55,595 INFO  cn.edu.tsinghua.iot.benchmark.mode.BaseMode:102 - DataClientService-thread-3 81.40% workload is done. 
2026-06-01 17:41:55,596 INFO  cn.edu.tsinghua.iot.benchmark.mode.BaseMode:102 - DataClientService-thread-4 82.70% workload is done. 
2026-06-01 17:41:55,596 INFO  cn.edu.tsinghua.iot.benchmark.mode.BaseMode:102 - DataClientService-thread-5 81.30% workload is done. 
2026-06-01 17:41:55,596 INFO  cn.edu.tsinghua.iot.benchmark.mode.BaseMode:102 - DataClientService-thread-6 83.40% workload is done. 
2026-06-01 17:41:55,596 INFO  cn.edu.tsinghua.iot.benchmark.mode.BaseMode:102 - DataClientService-thread-7 83.30% workload is done. 
2026-06-01 17:41:55,596 INFO  cn.edu.tsinghua.iot.benchmark.mode.BaseMode:102 - DataClientService-thread-8 82.00% workload is done. 
2026-06-01 17:41:55,596 INFO  cn.edu.tsinghua.iot.benchmark.mode.BaseMode:102 - DataClientService-thread-9 81.30% workload is done. 
2026-06-01 17:41:55,596 INFO  cn.edu.tsinghua.iot.benchmark.mode.BaseMode:102 - DataClientService-thread-10 80.70% workload is done. 
2026-06-01 17:42:00,594 INFO  cn.edu.tsinghua.iot.benchmark.mode.BaseMode:102 - DataClientService-thread-1 82.70% workload is done. 
2026-06-01 17:42:00,594 INFO  cn.edu.tsinghua.iot.benchmark.mode.BaseMode:102 - DataClientService-thread-2 82.30% workload is done. 
2026-06-01 17:42:00,594 INFO  cn.edu.tsinghua.iot.benchmark.mode.BaseMode:102 - DataClientService-thread-3 81.60% workload is done. 
2026-06-01 17:42:00,594 INFO  cn.edu.tsinghua.iot.benchmark.mode.BaseMode:102 - DataClientService-thread-4 83.00% workload is done. 
2026-06-01 17:42:00,594 INFO  cn.edu.tsinghua.iot.benchmark.mode.BaseMode:102 - DataClientService-thread-5 81.60% workload is done. 
2026-06-01 17:42:00,594 INFO  cn.edu.tsinghua.iot.benchmark.mode.BaseMode:102 - DataClientService-thread-6 83.70% workload is done. 
2026-06-01 17:42:00,594 INFO  cn.edu.tsinghua.iot.benchmark.mode.BaseMode:102 - DataClientService-thread-7 83.60% workload is done. 
2026-06-01 17:42:00,594 INFO  cn.edu.tsinghua.iot.benchmark.mode.BaseMode:102 - DataClientService-thread-8 82.30% workload is done. 
2026-06-01 17:42:00,594 INFO  cn.edu.tsinghua.iot.benchmark.mode.BaseMode:102 - DataClientService-thread-9 81.60% workload is done. 
2026-06-01 17:42:00,594 INFO  cn.edu.tsinghua.iot.benchmark.mode.BaseMode:102 - DataClientService-thread-10 81.20% workload is done. 
2026-06-01 17:42:05,594 INFO  cn.edu.tsinghua.iot.benchmark.mode.BaseMode:102 - DataClientService-thread-1 83.00% workload is done. 
2026-06-01 17:42:05,594 INFO  cn.edu.tsinghua.iot.benchmark.mode.BaseMode:102 - DataClientService-thread-2 82.50% workload is done. 
2026-06-01 17:42:05,594 INFO  cn.edu.tsinghua.iot.benchmark.mode.BaseMode:102 - DataClientService-thread-3 81.90% workload is done. 
2026-06-01 17:42:05,594 INFO  cn.edu.tsinghua.iot.benchmark.mode.BaseMode:102 - DataClientService-thread-4 83.20% workload is done. 
2026-06-01 17:42:05,594 INFO  cn.edu.tsinghua.iot.benchmark.mode.BaseMode:102 - DataClientService-thread-5 81.90% workload is done. 
2026-06-01 17:42:05,594 INFO  cn.edu.tsinghua.iot.benchmark.mode.BaseMode:102 - DataClientService-thread-6 83.90% workload is done. 
2026-06-01 17:42:05,594 INFO  cn.edu.tsinghua.iot.benchmark.mode.BaseMode:102 - DataClientService-thread-7 83.80% workload is done. 
2026-06-01 17:42:05,594 INFO  cn.edu.tsinghua.iot.benchmark.mode.BaseMode:102 - DataClientService-thread-8 82.50% workload is done. 
2026-06-01 17:42:05,594 INFO  cn.edu.tsinghua.iot.benchmark.mode.BaseMode:102 - DataClientService-thread-9 81.90% workload is done. 
2026-06-01 17:42:05,594 INFO  cn.edu.tsinghua.iot.benchmark.mode.BaseMode:102 - DataClientService-thread-10 81.40% workload is done. 
2026-06-01 17:42:10,594 INFO  cn.edu.tsinghua.iot.benchmark.mode.BaseMode:102 - DataClientService-thread-1 83.20% workload is done. 
2026-06-01 17:42:10,594 INFO  cn.edu.tsinghua.iot.benchmark.mode.BaseMode:102 - DataClientService-thread-2 82.80% workload is done. 
2026-06-01 17:42:10,594 INFO  cn.edu.tsinghua.iot.benchmark.mode.BaseMode:102 - DataClientService-thread-3 82.10% workload is done. 
2026-06-01 17:42:10,594 INFO  cn.edu.tsinghua.iot.benchmark.mode.BaseMode:102 - DataClientService-thread-4 83.70% workload is done. 
2026-06-01 17:42:10,594 INFO  cn.edu.tsinghua.iot.benchmark.mode.BaseMode:102 - DataClientService-thread-5 82.20% workload is done. 
2026-06-01 17:42:10,594 INFO  cn.edu.tsinghua.iot.benchmark.mode.BaseMode:102 - DataClientService-thread-6 84.20% workload is done. 
2026-06-01 17:42:10,594 INFO  cn.edu.tsinghua.iot.benchmark.mode.BaseMode:102 - DataClientService-thread-7 84.10% workload is done. 
2026-06-01 17:42:10,594 INFO  cn.edu.tsinghua.iot.benchmark.mode.BaseMode:102 - DataClientService-thread-8 82.80% workload is done. 
2026-06-01 17:42:10,594 INFO  cn.edu.tsinghua.iot.benchmark.mode.BaseMode:102 - DataClientService-thread-9 82.10% workload is done. 
2026-06-01 17:42:10,594 INFO  cn.edu.tsinghua.iot.benchmark.mode.BaseMode:102 - DataClientService-thread-10 81.80% workload is done. 
2026-06-01 17:42:15,594 INFO  cn.edu.tsinghua.iot.benchmark.mode.BaseMode:102 - DataClientService-thread-1 83.70% workload is done. 
2026-06-01 17:42:15,594 INFO  cn.edu.tsinghua.iot.benchmark.mode.BaseMode:102 - DataClientService-thread-2 83.00% workload is done. 
2026-06-01 17:42:15,594 INFO  cn.edu.tsinghua.iot.benchmark.mode.BaseMode:102 - DataClientService-thread-3 82.50% workload is done. 
2026-06-01 17:42:15,594 INFO  cn.edu.tsinghua.iot.benchmark.mode.BaseMode:102 - DataClientService-thread-4 83.90% workload is done. 
2026-06-01 17:42:15,594 INFO  cn.edu.tsinghua.iot.benchmark.mode.BaseMode:102 - DataClientService-thread-5 82.40% workload is done. 
2026-06-01 17:42:15,594 INFO  cn.edu.tsinghua.iot.benchmark.mode.BaseMode:102 - DataClientService-thread-6 84.40% workload is done. 
2026-06-01 17:42:15,594 INFO  cn.edu.tsinghua.iot.benchmark.mode.BaseMode:102 - DataClientService-thread-7 84.30% workload is done. 
2026-06-01 17:42:15,594 INFO  cn.edu.tsinghua.iot.benchmark.mode.BaseMode:102 - DataClientService-thread-8 83.00% workload is done. 
2026-06-01 17:42:15,594 INFO  cn.edu.tsinghua.iot.benchmark.mode.BaseMode:102 - DataClientService-thread-9 82.40% workload is done. 
2026-06-01 17:42:15,594 INFO  cn.edu.tsinghua.iot.benchmark.mode.BaseMode:102 - DataClientService-thread-10 82.00% workload is done. 
2026-06-01 17:42:20,594 INFO  cn.edu.tsinghua.iot.benchmark.mode.BaseMode:102 - DataClientService-thread-1 83.90% workload is done. 
2026-06-01 17:42:20,594 INFO  cn.edu.tsinghua.iot.benchmark.mode.BaseMode:102 - DataClientService-thread-2 83.30% workload is done. 
2026-06-01 17:42:20,594 INFO  cn.edu.tsinghua.iot.benchmark.mode.BaseMode:102 - DataClientService-thread-3 82.70% workload is done. 
2026-06-01 17:42:20,594 INFO  cn.edu.tsinghua.iot.benchmark.mode.BaseMode:102 - DataClientService-thread-4 84.30% workload is done. 
2026-06-01 17:42:20,594 INFO  cn.edu.tsinghua.iot.benchmark.mode.BaseMode:102 - DataClientService-thread-5 82.70% workload is done. 
2026-06-01 17:42:20,594 INFO  cn.edu.tsinghua.iot.benchmark.mode.BaseMode:102 - DataClientService-thread-6 84.80% workload is done. 
2026-06-01 17:42:20,594 INFO  cn.edu.tsinghua.iot.benchmark.mode.BaseMode:102 - DataClientService-thread-7 84.60% workload is done. 
2026-06-01 17:42:20,594 INFO  cn.edu.tsinghua.iot.benchmark.mode.BaseMode:102 - DataClientService-thread-8 83.30% workload is done. 
2026-06-01 17:42:20,594 INFO  cn.edu.tsinghua.iot.benchmark.mode.BaseMode:102 - DataClientService-thread-9 82.60% workload is done. 
2026-06-01 17:42:20,594 INFO  cn.edu.tsinghua.iot.benchmark.mode.BaseMode:102 - DataClientService-thread-10 82.30% workload is done. 
2026-06-01 17:42:25,594 INFO  cn.edu.tsinghua.iot.benchmark.mode.BaseMode:102 - DataClientService-thread-1 84.20% workload is done. 
2026-06-01 17:42:25,594 INFO  cn.edu.tsinghua.iot.benchmark.mode.BaseMode:102 - DataClientService-thread-2 83.60% workload is done. 
2026-06-01 17:42:25,594 INFO  cn.edu.tsinghua.iot.benchmark.mode.BaseMode:102 - DataClientService-thread-3 83.20% workload is done. 
2026-06-01 17:42:25,594 INFO  cn.edu.tsinghua.iot.benchmark.mode.BaseMode:102 - DataClientService-thread-4 84.60% workload is done. 
2026-06-01 17:42:25,594 INFO  cn.edu.tsinghua.iot.benchmark.mode.BaseMode:102 - DataClientService-thread-5 83.00% workload is done. 
2026-06-01 17:42:25,594 INFO  cn.edu.tsinghua.iot.benchmark.mode.BaseMode:102 - DataClientService-thread-6 85.10% workload is done. 
2026-06-01 17:42:25,594 INFO  cn.edu.tsinghua.iot.benchmark.mode.BaseMode:102 - DataClientService-thread-7 84.80% workload is done. 
2026-06-01 17:42:25,594 INFO  cn.edu.tsinghua.iot.benchmark.mode.BaseMode:102 - DataClientService-thread-8 83.60% workload is done. 
2026-06-01 17:42:25,594 INFO  cn.edu.tsinghua.iot.benchmark.mode.BaseMode:102 - DataClientService-thread-9 82.90% workload is done. 
2026-06-01 17:42:25,594 INFO  cn.edu.tsinghua.iot.benchmark.mode.BaseMode:102 - DataClientService-thread-10 82.50% workload is done. 
2026-06-01 17:42:30,594 INFO  cn.edu.tsinghua.iot.benchmark.mode.BaseMode:102 - DataClientService-thread-1 84.40% workload is done. 
2026-06-01 17:42:30,594 INFO  cn.edu.tsinghua.iot.benchmark.mode.BaseMode:102 - DataClientService-thread-2 83.90% workload is done. 
2026-06-01 17:42:30,594 INFO  cn.edu.tsinghua.iot.benchmark.mode.BaseMode:102 - DataClientService-thread-3 83.50% workload is done. 
2026-06-01 17:42:30,594 INFO  cn.edu.tsinghua.iot.benchmark.mode.BaseMode:102 - DataClientService-thread-4 84.80% workload is done. 
2026-06-01 17:42:30,594 INFO  cn.edu.tsinghua.iot.benchmark.mode.BaseMode:102 - DataClientService-thread-5 83.40% workload is done. 
2026-06-01 17:42:30,594 INFO  cn.edu.tsinghua.iot.benchmark.mode.BaseMode:102 - DataClientService-thread-6 85.40% workload is done. 
2026-06-01 17:42:30,594 INFO  cn.edu.tsinghua.iot.benchmark.mode.BaseMode:102 - DataClientService-thread-7 85.20% workload is done. 
2026-06-01 17:42:30,594 INFO  cn.edu.tsinghua.iot.benchmark.mode.BaseMode:102 - DataClientService-thread-8 84.00% workload is done. 
2026-06-01 17:42:30,594 INFO  cn.edu.tsinghua.iot.benchmark.mode.BaseMode:102 - DataClientService-thread-9 83.10% workload is done. 
2026-06-01 17:42:30,594 INFO  cn.edu.tsinghua.iot.benchmark.mode.BaseMode:102 - DataClientService-thread-10 82.80% workload is done. 
2026-06-01 17:42:35,594 INFO  cn.edu.tsinghua.iot.benchmark.mode.BaseMode:102 - DataClientService-thread-1 84.70% workload is done. 
2026-06-01 17:42:35,594 INFO  cn.edu.tsinghua.iot.benchmark.mode.BaseMode:102 - DataClientService-thread-2 84.10% workload is done. 
2026-06-01 17:42:35,594 INFO  cn.edu.tsinghua.iot.benchmark.mode.BaseMode:102 - DataClientService-thread-3 83.80% workload is done. 
2026-06-01 17:42:35,594 INFO  cn.edu.tsinghua.iot.benchmark.mode.BaseMode:102 - DataClientService-thread-4 85.10% workload is done. 
2026-06-01 17:42:35,594 INFO  cn.edu.tsinghua.iot.benchmark.mode.BaseMode:102 - DataClientService-thread-5 83.70% workload is done. 
2026-06-01 17:42:35,594 INFO  cn.edu.tsinghua.iot.benchmark.mode.BaseMode:102 - DataClientService-thread-6 85.60% workload is done. 
2026-06-01 17:42:35,594 INFO  cn.edu.tsinghua.iot.benchmark.mode.BaseMode:102 - DataClientService-thread-7 85.40% workload is done. 
2026-06-01 17:42:35,594 INFO  cn.edu.tsinghua.iot.benchmark.mode.BaseMode:102 - DataClientService-thread-8 84.20% workload is done. 
2026-06-01 17:42:35,594 INFO  cn.edu.tsinghua.iot.benchmark.mode.BaseMode:102 - DataClientService-thread-9 83.40% workload is done. 
2026-06-01 17:42:35,594 INFO  cn.edu.tsinghua.iot.benchmark.mode.BaseMode:102 - DataClientService-thread-10 83.10% workload is done. 
2026-06-01 17:42:40,594 INFO  cn.edu.tsinghua.iot.benchmark.mode.BaseMode:102 - DataClientService-thread-1 84.90% workload is done. 
2026-06-01 17:42:40,594 INFO  cn.edu.tsinghua.iot.benchmark.mode.BaseMode:102 - DataClientService-thread-2 84.40% workload is done. 
2026-06-01 17:42:40,594 INFO  cn.edu.tsinghua.iot.benchmark.mode.BaseMode:102 - DataClientService-thread-3 84.00% workload is done. 
2026-06-01 17:42:40,594 INFO  cn.edu.tsinghua.iot.benchmark.mode.BaseMode:102 - DataClientService-thread-4 85.30% workload is done. 
2026-06-01 17:42:40,594 INFO  cn.edu.tsinghua.iot.benchmark.mode.BaseMode:102 - DataClientService-thread-5 84.00% workload is done. 
2026-06-01 17:42:40,594 INFO  cn.edu.tsinghua.iot.benchmark.mode.BaseMode:102 - DataClientService-thread-6 85.90% workload is done. 
2026-06-01 17:42:40,594 INFO  cn.edu.tsinghua.iot.benchmark.mode.BaseMode:102 - DataClientService-thread-7 85.70% workload is done. 
2026-06-01 17:42:40,594 INFO  cn.edu.tsinghua.iot.benchmark.mode.BaseMode:102 - DataClientService-thread-8 84.60% workload is done. 
2026-06-01 17:42:40,594 INFO  cn.edu.tsinghua.iot.benchmark.mode.BaseMode:102 - DataClientService-thread-9 83.60% workload is done. 
2026-06-01 17:42:40,594 INFO  cn.edu.tsinghua.iot.benchmark.mode.BaseMode:102 - DataClientService-thread-10 83.40% workload is done. 
2026-06-01 17:42:45,594 INFO  cn.edu.tsinghua.iot.benchmark.mode.BaseMode:102 - DataClientService-thread-1 85.20% workload is done. 
2026-06-01 17:42:45,594 INFO  cn.edu.tsinghua.iot.benchmark.mode.BaseMode:102 - DataClientService-thread-2 84.60% workload is done. 
2026-06-01 17:42:45,596 INFO  cn.edu.tsinghua.iot.benchmark.mode.BaseMode:102 - DataClientService-thread-3 84.40% workload is done. 
2026-06-01 17:42:45,596 INFO  cn.edu.tsinghua.iot.benchmark.mode.BaseMode:102 - DataClientService-thread-4 85.60% workload is done. 
2026-06-01 17:42:45,596 INFO  cn.edu.tsinghua.iot.benchmark.mode.BaseMode:102 - DataClientService-thread-5 84.20% workload is done. 
2026-06-01 17:42:45,596 INFO  cn.edu.tsinghua.iot.benchmark.mode.BaseMode:102 - DataClientService-thread-6 86.20% workload is done. 
2026-06-01 17:42:45,596 INFO  cn.edu.tsinghua.iot.benchmark.mode.BaseMode:102 - DataClientService-thread-7 85.90% workload is done. 
2026-06-01 17:42:45,596 INFO  cn.edu.tsinghua.iot.benchmark.mode.BaseMode:102 - DataClientService-thread-8 84.80% workload is done. 
2026-06-01 17:42:45,596 INFO  cn.edu.tsinghua.iot.benchmark.mode.BaseMode:102 - DataClientService-thread-9 83.90% workload is done. 
2026-06-01 17:42:45,596 INFO  cn.edu.tsinghua.iot.benchmark.mode.BaseMode:102 - DataClientService-thread-10 83.60% workload is done. 
2026-06-01 17:42:50,594 INFO  cn.edu.tsinghua.iot.benchmark.mode.BaseMode:102 - DataClientService-thread-1 85.40% workload is done. 
2026-06-01 17:42:50,594 INFO  cn.edu.tsinghua.iot.benchmark.mode.BaseMode:102 - DataClientService-thread-2 84.90% workload is done. 
2026-06-01 17:42:50,594 INFO  cn.edu.tsinghua.iot.benchmark.mode.BaseMode:102 - DataClientService-thread-3 84.70% workload is done. 
2026-06-01 17:42:50,594 INFO  cn.edu.tsinghua.iot.benchmark.mode.BaseMode:102 - DataClientService-thread-4 85.80% workload is done. 
2026-06-01 17:42:50,594 INFO  cn.edu.tsinghua.iot.benchmark.mode.BaseMode:102 - DataClientService-thread-5 84.50% workload is done. 
2026-06-01 17:42:50,594 INFO  cn.edu.tsinghua.iot.benchmark.mode.BaseMode:102 - DataClientService-thread-6 86.60% workload is done. 
2026-06-01 17:42:50,594 INFO  cn.edu.tsinghua.iot.benchmark.mode.BaseMode:102 - DataClientService-thread-7 86.20% workload is done. 
2026-06-01 17:42:50,594 INFO  cn.edu.tsinghua.iot.benchmark.mode.BaseMode:102 - DataClientService-thread-8 85.10% workload is done. 
2026-06-01 17:42:50,594 INFO  cn.edu.tsinghua.iot.benchmark.mode.BaseMode:102 - DataClientService-thread-9 84.10% workload is done. 
2026-06-01 17:42:50,594 INFO  cn.edu.tsinghua.iot.benchmark.mode.BaseMode:102 - DataClientService-thread-10 84.00% workload is done. 
2026-06-01 17:42:55,594 INFO  cn.edu.tsinghua.iot.benchmark.mode.BaseMode:102 - DataClientService-thread-1 85.70% workload is done. 
2026-06-01 17:42:55,594 INFO  cn.edu.tsinghua.iot.benchmark.mode.BaseMode:102 - DataClientService-thread-2 85.10% workload is done. 
2026-06-01 17:42:55,594 INFO  cn.edu.tsinghua.iot.benchmark.mode.BaseMode:102 - DataClientService-thread-3 85.00% workload is done. 
2026-06-01 17:42:55,594 INFO  cn.edu.tsinghua.iot.benchmark.mode.BaseMode:102 - DataClientService-thread-4 85.90% workload is done. 
2026-06-01 17:42:55,594 INFO  cn.edu.tsinghua.iot.benchmark.mode.BaseMode:102 - DataClientService-thread-5 84.50% workload is done. 
2026-06-01 17:42:55,594 INFO  cn.edu.tsinghua.iot.benchmark.mode.BaseMode:102 - DataClientService-thread-6 86.90% workload is done. 
2026-06-01 17:42:55,594 INFO  cn.edu.tsinghua.iot.benchmark.mode.BaseMode:102 - DataClientService-thread-7 86.40% workload is done. 
2026-06-01 17:42:55,594 INFO  cn.edu.tsinghua.iot.benchmark.mode.BaseMode:102 - DataClientService-thread-8 85.30% workload is done. 
2026-06-01 17:42:55,594 INFO  cn.edu.tsinghua.iot.benchmark.mode.BaseMode:102 - DataClientService-thread-9 84.50% workload is done. 
2026-06-01 17:42:55,594 INFO  cn.edu.tsinghua.iot.benchmark.mode.BaseMode:102 - DataClientService-thread-10 84.20% workload is done. 
2026-06-01 17:43:00,594 INFO  cn.edu.tsinghua.iot.benchmark.mode.BaseMode:102 - DataClientService-thread-1 85.90% workload is done. 
2026-06-01 17:43:00,594 INFO  cn.edu.tsinghua.iot.benchmark.mode.BaseMode:102 - DataClientService-thread-2 85.40% workload is done. 
2026-06-01 17:43:00,594 INFO  cn.edu.tsinghua.iot.benchmark.mode.BaseMode:102 - DataClientService-thread-3 85.20% workload is done. 
2026-06-01 17:43:00,594 INFO  cn.edu.tsinghua.iot.benchmark.mode.BaseMode:102 - DataClientService-thread-4 86.10% workload is done. 
2026-06-01 17:43:00,594 INFO  cn.edu.tsinghua.iot.benchmark.mode.BaseMode:102 - DataClientService-thread-5 84.70% workload is done. 
2026-06-01 17:43:00,594 INFO  cn.edu.tsinghua.iot.benchmark.mode.BaseMode:102 - DataClientService-thread-6 87.20% workload is done. 
2026-06-01 17:43:00,594 INFO  cn.edu.tsinghua.iot.benchmark.mode.BaseMode:102 - DataClientService-thread-7 86.70% workload is done. 
2026-06-01 17:43:00,594 INFO  cn.edu.tsinghua.iot.benchmark.mode.BaseMode:102 - DataClientService-thread-8 85.60% workload is done. 
2026-06-01 17:43:00,594 INFO  cn.edu.tsinghua.iot.benchmark.mode.BaseMode:102 - DataClientService-thread-9 84.70% workload is done. 
2026-06-01 17:43:00,594 INFO  cn.edu.tsinghua.iot.benchmark.mode.BaseMode:102 - DataClientService-thread-10 84.50% workload is done. 
2026-06-01 17:43:05,594 INFO  cn.edu.tsinghua.iot.benchmark.mode.BaseMode:102 - DataClientService-thread-1 86.30% workload is done. 
2026-06-01 17:43:05,594 INFO  cn.edu.tsinghua.iot.benchmark.mode.BaseMode:102 - DataClientService-thread-2 85.60% workload is done. 
2026-06-01 17:43:05,594 INFO  cn.edu.tsinghua.iot.benchmark.mode.BaseMode:102 - DataClientService-thread-3 85.50% workload is done. 
2026-06-01 17:43:05,594 INFO  cn.edu.tsinghua.iot.benchmark.mode.BaseMode:102 - DataClientService-thread-4 86.40% workload is done. 
2026-06-01 17:43:05,594 INFO  cn.edu.tsinghua.iot.benchmark.mode.BaseMode:102 - DataClientService-thread-5 85.00% workload is done. 
2026-06-01 17:43:05,594 INFO  cn.edu.tsinghua.iot.benchmark.mode.BaseMode:102 - DataClientService-thread-6 87.40% workload is done. 
2026-06-01 17:43:05,594 INFO  cn.edu.tsinghua.iot.benchmark.mode.BaseMode:102 - DataClientService-thread-7 86.90% workload is done. 
2026-06-01 17:43:05,594 INFO  cn.edu.tsinghua.iot.benchmark.mode.BaseMode:102 - DataClientService-thread-8 85.80% workload is done. 
2026-06-01 17:43:05,594 INFO  cn.edu.tsinghua.iot.benchmark.mode.BaseMode:102 - DataClientService-thread-9 85.00% workload is done. 
2026-06-01 17:43:05,594 INFO  cn.edu.tsinghua.iot.benchmark.mode.BaseMode:102 - DataClientService-thread-10 84.70% workload is done. 
2026-06-01 17:43:10,594 INFO  cn.edu.tsinghua.iot.benchmark.mode.BaseMode:102 - DataClientService-thread-1 86.60% workload is done. 
2026-06-01 17:43:10,594 INFO  cn.edu.tsinghua.iot.benchmark.mode.BaseMode:102 - DataClientService-thread-2 85.80% workload is done. 
2026-06-01 17:43:10,594 INFO  cn.edu.tsinghua.iot.benchmark.mode.BaseMode:102 - DataClientService-thread-3 85.70% workload is done. 
2026-06-01 17:43:10,594 INFO  cn.edu.tsinghua.iot.benchmark.mode.BaseMode:102 - DataClientService-thread-4 86.60% workload is done. 
2026-06-01 17:43:10,594 INFO  cn.edu.tsinghua.iot.benchmark.mode.BaseMode:102 - DataClientService-thread-5 85.20% workload is done. 
2026-06-01 17:43:10,594 INFO  cn.edu.tsinghua.iot.benchmark.mode.BaseMode:102 - DataClientService-thread-6 87.70% workload is done. 
2026-06-01 17:43:10,594 INFO  cn.edu.tsinghua.iot.benchmark.mode.BaseMode:102 - DataClientService-thread-7 87.20% workload is done. 
2026-06-01 17:43:10,594 INFO  cn.edu.tsinghua.iot.benchmark.mode.BaseMode:102 - DataClientService-thread-8 86.10% workload is done. 
2026-06-01 17:43:10,594 INFO  cn.edu.tsinghua.iot.benchmark.mode.BaseMode:102 - DataClientService-thread-9 85.20% workload is done. 
2026-06-01 17:43:10,594 INFO  cn.edu.tsinghua.iot.benchmark.mode.BaseMode:102 - DataClientService-thread-10 85.00% workload is done. 
2026-06-01 17:43:15,594 INFO  cn.edu.tsinghua.iot.benchmark.mode.BaseMode:102 - DataClientService-thread-1 87.00% workload is done. 
2026-06-01 17:43:15,594 INFO  cn.edu.tsinghua.iot.benchmark.mode.BaseMode:102 - DataClientService-thread-2 86.30% workload is done. 
2026-06-01 17:43:15,594 INFO  cn.edu.tsinghua.iot.benchmark.mode.BaseMode:102 - DataClientService-thread-3 86.00% workload is done. 
2026-06-01 17:43:15,594 INFO  cn.edu.tsinghua.iot.benchmark.mode.BaseMode:102 - DataClientService-thread-4 86.90% workload is done. 
2026-06-01 17:43:15,594 INFO  cn.edu.tsinghua.iot.benchmark.mode.BaseMode:102 - DataClientService-thread-5 85.50% workload is done. 
2026-06-01 17:43:15,594 INFO  cn.edu.tsinghua.iot.benchmark.mode.BaseMode:102 - DataClientService-thread-6 87.90% workload is done. 
2026-06-01 17:43:15,594 INFO  cn.edu.tsinghua.iot.benchmark.mode.BaseMode:102 - DataClientService-thread-7 87.50% workload is done. 
2026-06-01 17:43:15,594 INFO  cn.edu.tsinghua.iot.benchmark.mode.BaseMode:102 - DataClientService-thread-8 86.30% workload is done. 
2026-06-01 17:43:15,594 INFO  cn.edu.tsinghua.iot.benchmark.mode.BaseMode:102 - DataClientService-thread-9 85.50% workload is done. 
2026-06-01 17:43:15,594 INFO  cn.edu.tsinghua.iot.benchmark.mode.BaseMode:102 - DataClientService-thread-10 85.20% workload is done. 
2026-06-01 17:43:20,594 INFO  cn.edu.tsinghua.iot.benchmark.mode.BaseMode:102 - DataClientService-thread-1 87.20% workload is done. 
2026-06-01 17:43:20,594 INFO  cn.edu.tsinghua.iot.benchmark.mode.BaseMode:102 - DataClientService-thread-2 86.50% workload is done. 
2026-06-01 17:43:20,594 INFO  cn.edu.tsinghua.iot.benchmark.mode.BaseMode:102 - DataClientService-thread-3 86.20% workload is done. 
2026-06-01 17:43:20,594 INFO  cn.edu.tsinghua.iot.benchmark.mode.BaseMode:102 - DataClientService-thread-4 87.10% workload is done. 
2026-06-01 17:43:20,594 INFO  cn.edu.tsinghua.iot.benchmark.mode.BaseMode:102 - DataClientService-thread-5 85.80% workload is done. 
2026-06-01 17:43:20,594 INFO  cn.edu.tsinghua.iot.benchmark.mode.BaseMode:102 - DataClientService-thread-6 88.20% workload is done. 
2026-06-01 17:43:20,594 INFO  cn.edu.tsinghua.iot.benchmark.mode.BaseMode:102 - DataClientService-thread-7 87.80% workload is done. 
2026-06-01 17:43:20,594 INFO  cn.edu.tsinghua.iot.benchmark.mode.BaseMode:102 - DataClientService-thread-8 86.70% workload is done. 
2026-06-01 17:43:20,594 INFO  cn.edu.tsinghua.iot.benchmark.mode.BaseMode:102 - DataClientService-thread-9 85.70% workload is done. 
2026-06-01 17:43:20,594 INFO  cn.edu.tsinghua.iot.benchmark.mode.BaseMode:102 - DataClientService-thread-10 85.50% workload is done. 
2026-06-01 17:43:25,594 INFO  cn.edu.tsinghua.iot.benchmark.mode.BaseMode:102 - DataClientService-thread-1 87.60% workload is done. 
2026-06-01 17:43:25,594 INFO  cn.edu.tsinghua.iot.benchmark.mode.BaseMode:102 - DataClientService-thread-2 86.80% workload is done. 
2026-06-01 17:43:25,594 INFO  cn.edu.tsinghua.iot.benchmark.mode.BaseMode:102 - DataClientService-thread-3 86.50% workload is done. 
2026-06-01 17:43:25,594 INFO  cn.edu.tsinghua.iot.benchmark.mode.BaseMode:102 - DataClientService-thread-4 87.40% workload is done. 
2026-06-01 17:43:25,594 INFO  cn.edu.tsinghua.iot.benchmark.mode.BaseMode:102 - DataClientService-thread-5 86.00% workload is done. 
2026-06-01 17:43:25,594 INFO  cn.edu.tsinghua.iot.benchmark.mode.BaseMode:102 - DataClientService-thread-6 88.50% workload is done. 
2026-06-01 17:43:25,594 INFO  cn.edu.tsinghua.iot.benchmark.mode.BaseMode:102 - DataClientService-thread-7 88.00% workload is done. 
2026-06-01 17:43:25,594 INFO  cn.edu.tsinghua.iot.benchmark.mode.BaseMode:102 - DataClientService-thread-8 86.90% workload is done. 
2026-06-01 17:43:25,594 INFO  cn.edu.tsinghua.iot.benchmark.mode.BaseMode:102 - DataClientService-thread-9 85.90% workload is done. 
2026-06-01 17:43:25,594 INFO  cn.edu.tsinghua.iot.benchmark.mode.BaseMode:102 - DataClientService-thread-10 85.70% workload is done. 
2026-06-01 17:43:30,594 INFO  cn.edu.tsinghua.iot.benchmark.mode.BaseMode:102 - DataClientService-thread-1 87.80% workload is done. 
2026-06-01 17:43:30,594 INFO  cn.edu.tsinghua.iot.benchmark.mode.BaseMode:102 - DataClientService-thread-2 87.00% workload is done. 
2026-06-01 17:43:30,594 INFO  cn.edu.tsinghua.iot.benchmark.mode.BaseMode:102 - DataClientService-thread-3 86.70% workload is done. 
2026-06-01 17:43:30,594 INFO  cn.edu.tsinghua.iot.benchmark.mode.BaseMode:102 - DataClientService-thread-4 87.60% workload is done. 
2026-06-01 17:43:30,594 INFO  cn.edu.tsinghua.iot.benchmark.mode.BaseMode:102 - DataClientService-thread-5 86.30% workload is done. 
2026-06-01 17:43:30,594 INFO  cn.edu.tsinghua.iot.benchmark.mode.BaseMode:102 - DataClientService-thread-6 88.90% workload is done. 
2026-06-01 17:43:30,594 INFO  cn.edu.tsinghua.iot.benchmark.mode.BaseMode:102 - DataClientService-thread-7 88.30% workload is done. 
2026-06-01 17:43:30,594 INFO  cn.edu.tsinghua.iot.benchmark.mode.BaseMode:102 - DataClientService-thread-8 87.20% workload is done. 
2026-06-01 17:43:30,594 INFO  cn.edu.tsinghua.iot.benchmark.mode.BaseMode:102 - DataClientService-thread-9 86.20% workload is done. 
2026-06-01 17:43:30,594 INFO  cn.edu.tsinghua.iot.benchmark.mode.BaseMode:102 - DataClientService-thread-10 86.00% workload is done. 
2026-06-01 17:43:35,594 INFO  cn.edu.tsinghua.iot.benchmark.mode.BaseMode:102 - DataClientService-thread-1 88.20% workload is done. 
2026-06-01 17:43:35,594 INFO  cn.edu.tsinghua.iot.benchmark.mode.BaseMode:102 - DataClientService-thread-2 87.30% workload is done. 
2026-06-01 17:43:35,594 INFO  cn.edu.tsinghua.iot.benchmark.mode.BaseMode:102 - DataClientService-thread-3 87.00% workload is done. 
2026-06-01 17:43:35,594 INFO  cn.edu.tsinghua.iot.benchmark.mode.BaseMode:102 - DataClientService-thread-4 87.90% workload is done. 
2026-06-01 17:43:35,594 INFO  cn.edu.tsinghua.iot.benchmark.mode.BaseMode:102 - DataClientService-thread-5 86.60% workload is done. 
2026-06-01 17:43:35,594 INFO  cn.edu.tsinghua.iot.benchmark.mode.BaseMode:102 - DataClientService-thread-6 89.10% workload is done. 
2026-06-01 17:43:35,594 INFO  cn.edu.tsinghua.iot.benchmark.mode.BaseMode:102 - DataClientService-thread-7 88.50% workload is done. 
2026-06-01 17:43:35,595 INFO  cn.edu.tsinghua.iot.benchmark.mode.BaseMode:102 - DataClientService-thread-8 87.40% workload is done. 
2026-06-01 17:43:35,595 INFO  cn.edu.tsinghua.iot.benchmark.mode.BaseMode:102 - DataClientService-thread-9 86.40% workload is done. 
2026-06-01 17:43:35,595 INFO  cn.edu.tsinghua.iot.benchmark.mode.BaseMode:102 - DataClientService-thread-10 86.20% workload is done. 
2026-06-01 17:43:40,594 INFO  cn.edu.tsinghua.iot.benchmark.mode.BaseMode:102 - DataClientService-thread-1 88.40% workload is done. 
2026-06-01 17:43:40,594 INFO  cn.edu.tsinghua.iot.benchmark.mode.BaseMode:102 - DataClientService-thread-2 87.60% workload is done. 
2026-06-01 17:43:40,594 INFO  cn.edu.tsinghua.iot.benchmark.mode.BaseMode:102 - DataClientService-thread-3 87.20% workload is done. 
2026-06-01 17:43:40,594 INFO  cn.edu.tsinghua.iot.benchmark.mode.BaseMode:102 - DataClientService-thread-4 88.10% workload is done. 
2026-06-01 17:43:40,594 INFO  cn.edu.tsinghua.iot.benchmark.mode.BaseMode:102 - DataClientService-thread-5 86.90% workload is done. 
2026-06-01 17:43:40,594 INFO  cn.edu.tsinghua.iot.benchmark.mode.BaseMode:102 - DataClientService-thread-6 89.30% workload is done. 
2026-06-01 17:43:40,594 INFO  cn.edu.tsinghua.iot.benchmark.mode.BaseMode:102 - DataClientService-thread-7 88.90% workload is done. 
2026-06-01 17:43:40,594 INFO  cn.edu.tsinghua.iot.benchmark.mode.BaseMode:102 - DataClientService-thread-8 87.70% workload is done. 
2026-06-01 17:43:40,594 INFO  cn.edu.tsinghua.iot.benchmark.mode.BaseMode:102 - DataClientService-thread-9 86.70% workload is done. 
2026-06-01 17:43:40,594 INFO  cn.edu.tsinghua.iot.benchmark.mode.BaseMode:102 - DataClientService-thread-10 86.50% workload is done. 
2026-06-01 17:43:45,594 INFO  cn.edu.tsinghua.iot.benchmark.mode.BaseMode:102 - DataClientService-thread-1 88.70% workload is done. 
2026-06-01 17:43:45,594 INFO  cn.edu.tsinghua.iot.benchmark.mode.BaseMode:102 - DataClientService-thread-2 87.90% workload is done. 
2026-06-01 17:43:45,594 INFO  cn.edu.tsinghua.iot.benchmark.mode.BaseMode:102 - DataClientService-thread-3 87.50% workload is done. 
2026-06-01 17:43:45,594 INFO  cn.edu.tsinghua.iot.benchmark.mode.BaseMode:102 - DataClientService-thread-4 88.40% workload is done. 
2026-06-01 17:43:45,594 INFO  cn.edu.tsinghua.iot.benchmark.mode.BaseMode:102 - DataClientService-thread-5 87.10% workload is done. 
2026-06-01 17:43:45,594 INFO  cn.edu.tsinghua.iot.benchmark.mode.BaseMode:102 - DataClientService-thread-6 89.60% workload is done. 
2026-06-01 17:43:45,594 INFO  cn.edu.tsinghua.iot.benchmark.mode.BaseMode:102 - DataClientService-thread-7 89.10% workload is done. 
2026-06-01 17:43:45,594 INFO  cn.edu.tsinghua.iot.benchmark.mode.BaseMode:102 - DataClientService-thread-8 87.90% workload is done. 
2026-06-01 17:43:45,594 INFO  cn.edu.tsinghua.iot.benchmark.mode.BaseMode:102 - DataClientService-thread-9 86.90% workload is done. 
2026-06-01 17:43:45,594 INFO  cn.edu.tsinghua.iot.benchmark.mode.BaseMode:102 - DataClientService-thread-10 86.70% workload is done. 
2026-06-01 17:43:50,594 INFO  cn.edu.tsinghua.iot.benchmark.mode.BaseMode:102 - DataClientService-thread-1 88.90% workload is done. 
2026-06-01 17:43:50,594 INFO  cn.edu.tsinghua.iot.benchmark.mode.BaseMode:102 - DataClientService-thread-2 88.10% workload is done. 
2026-06-01 17:43:50,594 INFO  cn.edu.tsinghua.iot.benchmark.mode.BaseMode:102 - DataClientService-thread-3 87.70% workload is done. 
2026-06-01 17:43:50,594 INFO  cn.edu.tsinghua.iot.benchmark.mode.BaseMode:102 - DataClientService-thread-4 88.60% workload is done. 
2026-06-01 17:43:50,594 INFO  cn.edu.tsinghua.iot.benchmark.mode.BaseMode:102 - DataClientService-thread-5 87.40% workload is done. 
2026-06-01 17:43:50,594 INFO  cn.edu.tsinghua.iot.benchmark.mode.BaseMode:102 - DataClientService-thread-6 89.80% workload is done. 
2026-06-01 17:43:50,594 INFO  cn.edu.tsinghua.iot.benchmark.mode.BaseMode:102 - DataClientService-thread-7 89.30% workload is done. 
2026-06-01 17:43:50,594 INFO  cn.edu.tsinghua.iot.benchmark.mode.BaseMode:102 - DataClientService-thread-8 88.20% workload is done. 
2026-06-01 17:43:50,594 INFO  cn.edu.tsinghua.iot.benchmark.mode.BaseMode:102 - DataClientService-thread-9 87.20% workload is done. 
2026-06-01 17:43:50,594 INFO  cn.edu.tsinghua.iot.benchmark.mode.BaseMode:102 - DataClientService-thread-10 87.00% workload is done. 
2026-06-01 17:43:55,594 INFO  cn.edu.tsinghua.iot.benchmark.mode.BaseMode:102 - DataClientService-thread-1 89.20% workload is done. 
2026-06-01 17:43:55,594 INFO  cn.edu.tsinghua.iot.benchmark.mode.BaseMode:102 - DataClientService-thread-2 88.40% workload is done. 
2026-06-01 17:43:55,594 INFO  cn.edu.tsinghua.iot.benchmark.mode.BaseMode:102 - DataClientService-thread-3 88.00% workload is done. 
2026-06-01 17:43:55,594 INFO  cn.edu.tsinghua.iot.benchmark.mode.BaseMode:102 - DataClientService-thread-4 88.90% workload is done. 
2026-06-01 17:43:55,594 INFO  cn.edu.tsinghua.iot.benchmark.mode.BaseMode:102 - DataClientService-thread-5 87.80% workload is done. 
2026-06-01 17:43:55,594 INFO  cn.edu.tsinghua.iot.benchmark.mode.BaseMode:102 - DataClientService-thread-6 90.10% workload is done. 
2026-06-01 17:43:55,594 INFO  cn.edu.tsinghua.iot.benchmark.mode.BaseMode:102 - DataClientService-thread-7 89.60% workload is done. 
2026-06-01 17:43:55,594 INFO  cn.edu.tsinghua.iot.benchmark.mode.BaseMode:102 - DataClientService-thread-8 88.40% workload is done. 
2026-06-01 17:43:55,594 INFO  cn.edu.tsinghua.iot.benchmark.mode.BaseMode:102 - DataClientService-thread-9 87.40% workload is done. 
2026-06-01 17:43:55,594 INFO  cn.edu.tsinghua.iot.benchmark.mode.BaseMode:102 - DataClientService-thread-10 87.30% workload is done. 
2026-06-01 17:44:00,594 INFO  cn.edu.tsinghua.iot.benchmark.mode.BaseMode:102 - DataClientService-thread-1 89.40% workload is done. 
2026-06-01 17:44:00,594 INFO  cn.edu.tsinghua.iot.benchmark.mode.BaseMode:102 - DataClientService-thread-2 88.60% workload is done. 
2026-06-01 17:44:00,594 INFO  cn.edu.tsinghua.iot.benchmark.mode.BaseMode:102 - DataClientService-thread-3 88.20% workload is done. 
2026-06-01 17:44:00,594 INFO  cn.edu.tsinghua.iot.benchmark.mode.BaseMode:102 - DataClientService-thread-4 89.20% workload is done. 
2026-06-01 17:44:00,594 INFO  cn.edu.tsinghua.iot.benchmark.mode.BaseMode:102 - DataClientService-thread-5 88.20% workload is done. 
2026-06-01 17:44:00,594 INFO  cn.edu.tsinghua.iot.benchmark.mode.BaseMode:102 - DataClientService-thread-6 90.30% workload is done. 
2026-06-01 17:44:00,594 INFO  cn.edu.tsinghua.iot.benchmark.mode.BaseMode:102 - DataClientService-thread-7 89.80% workload is done. 
2026-06-01 17:44:00,594 INFO  cn.edu.tsinghua.iot.benchmark.mode.BaseMode:102 - DataClientService-thread-8 88.70% workload is done. 
2026-06-01 17:44:00,594 INFO  cn.edu.tsinghua.iot.benchmark.mode.BaseMode:102 - DataClientService-thread-9 87.80% workload is done. 
2026-06-01 17:44:00,594 INFO  cn.edu.tsinghua.iot.benchmark.mode.BaseMode:102 - DataClientService-thread-10 87.50% workload is done. 
2026-06-01 17:44:05,594 INFO  cn.edu.tsinghua.iot.benchmark.mode.BaseMode:102 - DataClientService-thread-1 89.70% workload is done. 
2026-06-01 17:44:05,594 INFO  cn.edu.tsinghua.iot.benchmark.mode.BaseMode:102 - DataClientService-thread-2 89.00% workload is done. 
2026-06-01 17:44:05,594 INFO  cn.edu.tsinghua.iot.benchmark.mode.BaseMode:102 - DataClientService-thread-3 88.40% workload is done. 
2026-06-01 17:44:05,594 INFO  cn.edu.tsinghua.iot.benchmark.mode.BaseMode:102 - DataClientService-thread-4 89.40% workload is done. 
2026-06-01 17:44:05,594 INFO  cn.edu.tsinghua.iot.benchmark.mode.BaseMode:102 - DataClientService-thread-5 88.50% workload is done. 
2026-06-01 17:44:05,594 INFO  cn.edu.tsinghua.iot.benchmark.mode.BaseMode:102 - DataClientService-thread-6 90.60% workload is done. 
2026-06-01 17:44:05,594 INFO  cn.edu.tsinghua.iot.benchmark.mode.BaseMode:102 - DataClientService-thread-7 90.10% workload is done. 
2026-06-01 17:44:05,594 INFO  cn.edu.tsinghua.iot.benchmark.mode.BaseMode:102 - DataClientService-thread-8 88.90% workload is done. 
2026-06-01 17:44:05,594 INFO  cn.edu.tsinghua.iot.benchmark.mode.BaseMode:102 - DataClientService-thread-9 88.00% workload is done. 
2026-06-01 17:44:05,594 INFO  cn.edu.tsinghua.iot.benchmark.mode.BaseMode:102 - DataClientService-thread-10 87.80% workload is done. 
2026-06-01 17:44:10,594 INFO  cn.edu.tsinghua.iot.benchmark.mode.BaseMode:102 - DataClientService-thread-1 90.10% workload is done. 
2026-06-01 17:44:10,594 INFO  cn.edu.tsinghua.iot.benchmark.mode.BaseMode:102 - DataClientService-thread-2 89.30% workload is done. 
2026-06-01 17:44:10,594 INFO  cn.edu.tsinghua.iot.benchmark.mode.BaseMode:102 - DataClientService-thread-3 88.70% workload is done. 
2026-06-01 17:44:10,594 INFO  cn.edu.tsinghua.iot.benchmark.mode.BaseMode:102 - DataClientService-thread-4 89.70% workload is done. 
2026-06-01 17:44:10,594 INFO  cn.edu.tsinghua.iot.benchmark.mode.BaseMode:102 - DataClientService-thread-5 88.80% workload is done. 
2026-06-01 17:44:10,594 INFO  cn.edu.tsinghua.iot.benchmark.mode.BaseMode:102 - DataClientService-thread-6 90.80% workload is done. 
2026-06-01 17:44:10,594 INFO  cn.edu.tsinghua.iot.benchmark.mode.BaseMode:102 - DataClientService-thread-7 90.30% workload is done. 
2026-06-01 17:44:10,594 INFO  cn.edu.tsinghua.iot.benchmark.mode.BaseMode:102 - DataClientService-thread-8 89.20% workload is done. 
2026-06-01 17:44:10,594 INFO  cn.edu.tsinghua.iot.benchmark.mode.BaseMode:102 - DataClientService-thread-9 88.30% workload is done. 
2026-06-01 17:44:10,594 INFO  cn.edu.tsinghua.iot.benchmark.mode.BaseMode:102 - DataClientService-thread-10 88.00% workload is done. 
2026-06-01 17:44:15,594 INFO  cn.edu.tsinghua.iot.benchmark.mode.BaseMode:102 - DataClientService-thread-1 90.40% workload is done. 
2026-06-01 17:44:15,594 INFO  cn.edu.tsinghua.iot.benchmark.mode.BaseMode:102 - DataClientService-thread-2 89.50% workload is done. 
2026-06-01 17:44:15,594 INFO  cn.edu.tsinghua.iot.benchmark.mode.BaseMode:102 - DataClientService-thread-3 88.90% workload is done. 
2026-06-01 17:44:15,594 INFO  cn.edu.tsinghua.iot.benchmark.mode.BaseMode:102 - DataClientService-thread-4 89.90% workload is done. 
2026-06-01 17:44:15,594 INFO  cn.edu.tsinghua.iot.benchmark.mode.BaseMode:102 - DataClientService-thread-5 89.10% workload is done. 
2026-06-01 17:44:15,594 INFO  cn.edu.tsinghua.iot.benchmark.mode.BaseMode:102 - DataClientService-thread-6 91.30% workload is done. 
2026-06-01 17:44:15,594 INFO  cn.edu.tsinghua.iot.benchmark.mode.BaseMode:102 - DataClientService-thread-7 90.60% workload is done. 
2026-06-01 17:44:15,594 INFO  cn.edu.tsinghua.iot.benchmark.mode.BaseMode:102 - DataClientService-thread-8 89.40% workload is done. 
2026-06-01 17:44:15,594 INFO  cn.edu.tsinghua.iot.benchmark.mode.BaseMode:102 - DataClientService-thread-9 88.60% workload is done. 
2026-06-01 17:44:15,594 INFO  cn.edu.tsinghua.iot.benchmark.mode.BaseMode:102 - DataClientService-thread-10 88.30% workload is done. 
2026-06-01 17:44:20,594 INFO  cn.edu.tsinghua.iot.benchmark.mode.BaseMode:102 - DataClientService-thread-1 90.60% workload is done. 
2026-06-01 17:44:20,594 INFO  cn.edu.tsinghua.iot.benchmark.mode.BaseMode:102 - DataClientService-thread-2 89.80% workload is done. 
2026-06-01 17:44:20,594 INFO  cn.edu.tsinghua.iot.benchmark.mode.BaseMode:102 - DataClientService-thread-3 89.20% workload is done. 
2026-06-01 17:44:20,594 INFO  cn.edu.tsinghua.iot.benchmark.mode.BaseMode:102 - DataClientService-thread-4 90.20% workload is done. 
2026-06-01 17:44:20,594 INFO  cn.edu.tsinghua.iot.benchmark.mode.BaseMode:102 - DataClientService-thread-5 89.40% workload is done. 
2026-06-01 17:44:20,594 INFO  cn.edu.tsinghua.iot.benchmark.mode.BaseMode:102 - DataClientService-thread-6 91.50% workload is done. 
2026-06-01 17:44:20,594 INFO  cn.edu.tsinghua.iot.benchmark.mode.BaseMode:102 - DataClientService-thread-7 90.80% workload is done. 
2026-06-01 17:44:20,594 INFO  cn.edu.tsinghua.iot.benchmark.mode.BaseMode:102 - DataClientService-thread-8 89.70% workload is done. 
2026-06-01 17:44:20,594 INFO  cn.edu.tsinghua.iot.benchmark.mode.BaseMode:102 - DataClientService-thread-9 88.80% workload is done. 
2026-06-01 17:44:20,594 INFO  cn.edu.tsinghua.iot.benchmark.mode.BaseMode:102 - DataClientService-thread-10 88.50% workload is done. 
2026-06-01 17:44:25,594 INFO  cn.edu.tsinghua.iot.benchmark.mode.BaseMode:102 - DataClientService-thread-1 90.90% workload is done. 
2026-06-01 17:44:25,594 INFO  cn.edu.tsinghua.iot.benchmark.mode.BaseMode:102 - DataClientService-thread-2 90.00% workload is done. 
2026-06-01 17:44:25,596 INFO  cn.edu.tsinghua.iot.benchmark.mode.BaseMode:102 - DataClientService-thread-3 89.40% workload is done. 
2026-06-01 17:44:25,596 INFO  cn.edu.tsinghua.iot.benchmark.mode.BaseMode:102 - DataClientService-thread-4 90.40% workload is done. 
2026-06-01 17:44:25,596 INFO  cn.edu.tsinghua.iot.benchmark.mode.BaseMode:102 - DataClientService-thread-5 89.80% workload is done. 
2026-06-01 17:44:25,596 INFO  cn.edu.tsinghua.iot.benchmark.mode.BaseMode:102 - DataClientService-thread-6 91.80% workload is done. 
2026-06-01 17:44:25,596 INFO  cn.edu.tsinghua.iot.benchmark.mode.BaseMode:102 - DataClientService-thread-7 91.10% workload is done. 
2026-06-01 17:44:25,597 INFO  cn.edu.tsinghua.iot.benchmark.mode.BaseMode:102 - DataClientService-thread-8 89.90% workload is done. 
2026-06-01 17:44:25,597 INFO  cn.edu.tsinghua.iot.benchmark.mode.BaseMode:102 - DataClientService-thread-9 89.10% workload is done. 
2026-06-01 17:44:25,597 INFO  cn.edu.tsinghua.iot.benchmark.mode.BaseMode:102 - DataClientService-thread-10 88.80% workload is done. 
2026-06-01 17:44:30,594 INFO  cn.edu.tsinghua.iot.benchmark.mode.BaseMode:102 - DataClientService-thread-1 91.10% workload is done. 
2026-06-01 17:44:30,594 INFO  cn.edu.tsinghua.iot.benchmark.mode.BaseMode:102 - DataClientService-thread-2 90.40% workload is done. 
2026-06-01 17:44:30,594 INFO  cn.edu.tsinghua.iot.benchmark.mode.BaseMode:102 - DataClientService-thread-3 89.90% workload is done. 
2026-06-01 17:44:30,594 INFO  cn.edu.tsinghua.iot.benchmark.mode.BaseMode:102 - DataClientService-thread-4 90.70% workload is done. 
2026-06-01 17:44:30,594 INFO  cn.edu.tsinghua.iot.benchmark.mode.BaseMode:102 - DataClientService-thread-5 90.00% workload is done. 
2026-06-01 17:44:30,594 INFO  cn.edu.tsinghua.iot.benchmark.mode.BaseMode:102 - DataClientService-thread-6 92.00% workload is done. 
2026-06-01 17:44:30,594 INFO  cn.edu.tsinghua.iot.benchmark.mode.BaseMode:102 - DataClientService-thread-7 91.30% workload is done. 
2026-06-01 17:44:30,594 INFO  cn.edu.tsinghua.iot.benchmark.mode.BaseMode:102 - DataClientService-thread-8 90.30% workload is done. 
2026-06-01 17:44:30,594 INFO  cn.edu.tsinghua.iot.benchmark.mode.BaseMode:102 - DataClientService-thread-9 89.40% workload is done. 
2026-06-01 17:44:30,596 INFO  cn.edu.tsinghua.iot.benchmark.mode.BaseMode:102 - DataClientService-thread-10 89.00% workload is done. 
2026-06-01 17:44:35,594 INFO  cn.edu.tsinghua.iot.benchmark.mode.BaseMode:102 - DataClientService-thread-1 91.30% workload is done. 
2026-06-01 17:44:35,594 INFO  cn.edu.tsinghua.iot.benchmark.mode.BaseMode:102 - DataClientService-thread-2 90.60% workload is done. 
2026-06-01 17:44:35,594 INFO  cn.edu.tsinghua.iot.benchmark.mode.BaseMode:102 - DataClientService-thread-3 90.10% workload is done. 
2026-06-01 17:44:35,594 INFO  cn.edu.tsinghua.iot.benchmark.mode.BaseMode:102 - DataClientService-thread-4 90.90% workload is done. 
2026-06-01 17:44:35,594 INFO  cn.edu.tsinghua.iot.benchmark.mode.BaseMode:102 - DataClientService-thread-5 90.30% workload is done. 
2026-06-01 17:44:35,594 INFO  cn.edu.tsinghua.iot.benchmark.mode.BaseMode:102 - DataClientService-thread-6 92.30% workload is done. 
2026-06-01 17:44:35,594 INFO  cn.edu.tsinghua.iot.benchmark.mode.BaseMode:102 - DataClientService-thread-7 91.60% workload is done. 
2026-06-01 17:44:35,594 INFO  cn.edu.tsinghua.iot.benchmark.mode.BaseMode:102 - DataClientService-thread-8 90.60% workload is done. 
2026-06-01 17:44:35,594 INFO  cn.edu.tsinghua.iot.benchmark.mode.BaseMode:102 - DataClientService-thread-9 89.70% workload is done. 
2026-06-01 17:44:35,594 INFO  cn.edu.tsinghua.iot.benchmark.mode.BaseMode:102 - DataClientService-thread-10 89.20% workload is done. 
2026-06-01 17:44:40,594 INFO  cn.edu.tsinghua.iot.benchmark.mode.BaseMode:102 - DataClientService-thread-1 91.70% workload is done. 
2026-06-01 17:44:40,594 INFO  cn.edu.tsinghua.iot.benchmark.mode.BaseMode:102 - DataClientService-thread-2 90.80% workload is done. 
2026-06-01 17:44:40,594 INFO  cn.edu.tsinghua.iot.benchmark.mode.BaseMode:102 - DataClientService-thread-3 90.40% workload is done. 
2026-06-01 17:44:40,594 INFO  cn.edu.tsinghua.iot.benchmark.mode.BaseMode:102 - DataClientService-thread-4 91.20% workload is done. 
2026-06-01 17:44:40,594 INFO  cn.edu.tsinghua.iot.benchmark.mode.BaseMode:102 - DataClientService-thread-5 90.50% workload is done. 
2026-06-01 17:44:40,594 INFO  cn.edu.tsinghua.iot.benchmark.mode.BaseMode:102 - DataClientService-thread-6 92.50% workload is done. 
2026-06-01 17:44:40,594 INFO  cn.edu.tsinghua.iot.benchmark.mode.BaseMode:102 - DataClientService-thread-7 91.80% workload is done. 
2026-06-01 17:44:40,594 INFO  cn.edu.tsinghua.iot.benchmark.mode.BaseMode:102 - DataClientService-thread-8 90.80% workload is done. 
2026-06-01 17:44:40,594 INFO  cn.edu.tsinghua.iot.benchmark.mode.BaseMode:102 - DataClientService-thread-9 90.00% workload is done. 
2026-06-01 17:44:40,594 INFO  cn.edu.tsinghua.iot.benchmark.mode.BaseMode:102 - DataClientService-thread-10 89.50% workload is done. 
2026-06-01 17:44:45,594 INFO  cn.edu.tsinghua.iot.benchmark.mode.BaseMode:102 - DataClientService-thread-1 91.90% workload is done. 
2026-06-01 17:44:45,594 INFO  cn.edu.tsinghua.iot.benchmark.mode.BaseMode:102 - DataClientService-thread-2 91.20% workload is done. 
2026-06-01 17:44:45,594 INFO  cn.edu.tsinghua.iot.benchmark.mode.BaseMode:102 - DataClientService-thread-3 90.60% workload is done. 
2026-06-01 17:44:45,594 INFO  cn.edu.tsinghua.iot.benchmark.mode.BaseMode:102 - DataClientService-thread-4 91.40% workload is done. 
2026-06-01 17:44:45,594 INFO  cn.edu.tsinghua.iot.benchmark.mode.BaseMode:102 - DataClientService-thread-5 90.80% workload is done. 
2026-06-01 17:44:45,594 INFO  cn.edu.tsinghua.iot.benchmark.mode.BaseMode:102 - DataClientService-thread-6 92.80% workload is done. 
2026-06-01 17:44:45,594 INFO  cn.edu.tsinghua.iot.benchmark.mode.BaseMode:102 - DataClientService-thread-7 92.10% workload is done. 
2026-06-01 17:44:45,594 INFO  cn.edu.tsinghua.iot.benchmark.mode.BaseMode:102 - DataClientService-thread-8 91.10% workload is done. 
2026-06-01 17:44:45,594 INFO  cn.edu.tsinghua.iot.benchmark.mode.BaseMode:102 - DataClientService-thread-9 90.40% workload is done. 
2026-06-01 17:44:45,594 INFO  cn.edu.tsinghua.iot.benchmark.mode.BaseMode:102 - DataClientService-thread-10 89.70% workload is done. 
2026-06-01 17:44:50,594 INFO  cn.edu.tsinghua.iot.benchmark.mode.BaseMode:102 - DataClientService-thread-1 92.20% workload is done. 
2026-06-01 17:44:50,594 INFO  cn.edu.tsinghua.iot.benchmark.mode.BaseMode:102 - DataClientService-thread-2 91.50% workload is done. 
2026-06-01 17:44:50,594 INFO  cn.edu.tsinghua.iot.benchmark.mode.BaseMode:102 - DataClientService-thread-3 90.90% workload is done. 
2026-06-01 17:44:50,594 INFO  cn.edu.tsinghua.iot.benchmark.mode.BaseMode:102 - DataClientService-thread-4 91.70% workload is done. 
2026-06-01 17:44:50,594 INFO  cn.edu.tsinghua.iot.benchmark.mode.BaseMode:102 - DataClientService-thread-5 91.10% workload is done. 
2026-06-01 17:44:50,594 INFO  cn.edu.tsinghua.iot.benchmark.mode.BaseMode:102 - DataClientService-thread-6 93.00% workload is done. 
2026-06-01 17:44:50,594 INFO  cn.edu.tsinghua.iot.benchmark.mode.BaseMode:102 - DataClientService-thread-7 92.30% workload is done. 
2026-06-01 17:44:50,594 INFO  cn.edu.tsinghua.iot.benchmark.mode.BaseMode:102 - DataClientService-thread-8 91.30% workload is done. 
2026-06-01 17:44:50,594 INFO  cn.edu.tsinghua.iot.benchmark.mode.BaseMode:102 - DataClientService-thread-9 90.60% workload is done. 
2026-06-01 17:44:50,594 INFO  cn.edu.tsinghua.iot.benchmark.mode.BaseMode:102 - DataClientService-thread-10 90.10% workload is done. 
2026-06-01 17:44:55,594 INFO  cn.edu.tsinghua.iot.benchmark.mode.BaseMode:102 - DataClientService-thread-1 92.50% workload is done. 
2026-06-01 17:44:55,594 INFO  cn.edu.tsinghua.iot.benchmark.mode.BaseMode:102 - DataClientService-thread-2 91.80% workload is done. 
2026-06-01 17:44:55,594 INFO  cn.edu.tsinghua.iot.benchmark.mode.BaseMode:102 - DataClientService-thread-3 91.20% workload is done. 
2026-06-01 17:44:55,594 INFO  cn.edu.tsinghua.iot.benchmark.mode.BaseMode:102 - DataClientService-thread-4 91.90% workload is done. 
2026-06-01 17:44:55,594 INFO  cn.edu.tsinghua.iot.benchmark.mode.BaseMode:102 - DataClientService-thread-5 91.30% workload is done. 
2026-06-01 17:44:55,594 INFO  cn.edu.tsinghua.iot.benchmark.mode.BaseMode:102 - DataClientService-thread-6 93.30% workload is done. 
2026-06-01 17:44:55,594 INFO  cn.edu.tsinghua.iot.benchmark.mode.BaseMode:102 - DataClientService-thread-7 92.60% workload is done. 
2026-06-01 17:44:55,594 INFO  cn.edu.tsinghua.iot.benchmark.mode.BaseMode:102 - DataClientService-thread-8 91.50% workload is done. 
2026-06-01 17:44:55,594 INFO  cn.edu.tsinghua.iot.benchmark.mode.BaseMode:102 - DataClientService-thread-9 90.90% workload is done. 
2026-06-01 17:44:55,594 INFO  cn.edu.tsinghua.iot.benchmark.mode.BaseMode:102 - DataClientService-thread-10 90.30% workload is done. 
2026-06-01 17:45:00,594 INFO  cn.edu.tsinghua.iot.benchmark.mode.BaseMode:102 - DataClientService-thread-1 92.80% workload is done. 
2026-06-01 17:45:00,594 INFO  cn.edu.tsinghua.iot.benchmark.mode.BaseMode:102 - DataClientService-thread-2 92.00% workload is done. 
2026-06-01 17:45:00,594 INFO  cn.edu.tsinghua.iot.benchmark.mode.BaseMode:102 - DataClientService-thread-3 91.50% workload is done. 
2026-06-01 17:45:00,594 INFO  cn.edu.tsinghua.iot.benchmark.mode.BaseMode:102 - DataClientService-thread-4 92.20% workload is done. 
2026-06-01 17:45:00,594 INFO  cn.edu.tsinghua.iot.benchmark.mode.BaseMode:102 - DataClientService-thread-5 91.60% workload is done. 
2026-06-01 17:45:00,594 INFO  cn.edu.tsinghua.iot.benchmark.mode.BaseMode:102 - DataClientService-thread-6 93.50% workload is done. 
2026-06-01 17:45:00,594 INFO  cn.edu.tsinghua.iot.benchmark.mode.BaseMode:102 - DataClientService-thread-7 92.80% workload is done. 
2026-06-01 17:45:00,594 INFO  cn.edu.tsinghua.iot.benchmark.mode.BaseMode:102 - DataClientService-thread-8 91.70% workload is done. 
2026-06-01 17:45:00,594 INFO  cn.edu.tsinghua.iot.benchmark.mode.BaseMode:102 - DataClientService-thread-9 91.10% workload is done. 
2026-06-01 17:45:00,594 INFO  cn.edu.tsinghua.iot.benchmark.mode.BaseMode:102 - DataClientService-thread-10 90.60% workload is done. 
2026-06-01 17:45:05,594 INFO  cn.edu.tsinghua.iot.benchmark.mode.BaseMode:102 - DataClientService-thread-1 93.00% workload is done. 
2026-06-01 17:45:05,594 INFO  cn.edu.tsinghua.iot.benchmark.mode.BaseMode:102 - DataClientService-thread-2 92.30% workload is done. 
2026-06-01 17:45:05,594 INFO  cn.edu.tsinghua.iot.benchmark.mode.BaseMode:102 - DataClientService-thread-3 91.70% workload is done. 
2026-06-01 17:45:05,594 INFO  cn.edu.tsinghua.iot.benchmark.mode.BaseMode:102 - DataClientService-thread-4 92.40% workload is done. 
2026-06-01 17:45:05,594 INFO  cn.edu.tsinghua.iot.benchmark.mode.BaseMode:102 - DataClientService-thread-5 91.80% workload is done. 
2026-06-01 17:45:05,594 INFO  cn.edu.tsinghua.iot.benchmark.mode.BaseMode:102 - DataClientService-thread-6 93.80% workload is done. 
2026-06-01 17:45:05,594 INFO  cn.edu.tsinghua.iot.benchmark.mode.BaseMode:102 - DataClientService-thread-7 93.10% workload is done. 
2026-06-01 17:45:05,594 INFO  cn.edu.tsinghua.iot.benchmark.mode.BaseMode:102 - DataClientService-thread-8 92.00% workload is done. 
2026-06-01 17:45:05,594 INFO  cn.edu.tsinghua.iot.benchmark.mode.BaseMode:102 - DataClientService-thread-9 91.40% workload is done. 
2026-06-01 17:45:05,594 INFO  cn.edu.tsinghua.iot.benchmark.mode.BaseMode:102 - DataClientService-thread-10 90.80% workload is done. 
2026-06-01 17:45:10,594 INFO  cn.edu.tsinghua.iot.benchmark.mode.BaseMode:102 - DataClientService-thread-1 93.30% workload is done. 
2026-06-01 17:45:10,594 INFO  cn.edu.tsinghua.iot.benchmark.mode.BaseMode:102 - DataClientService-thread-2 92.50% workload is done. 
2026-06-01 17:45:10,594 INFO  cn.edu.tsinghua.iot.benchmark.mode.BaseMode:102 - DataClientService-thread-3 91.90% workload is done. 
2026-06-01 17:45:10,594 INFO  cn.edu.tsinghua.iot.benchmark.mode.BaseMode:102 - DataClientService-thread-4 92.70% workload is done. 
2026-06-01 17:45:10,594 INFO  cn.edu.tsinghua.iot.benchmark.mode.BaseMode:102 - DataClientService-thread-5 92.10% workload is done. 
2026-06-01 17:45:10,594 INFO  cn.edu.tsinghua.iot.benchmark.mode.BaseMode:102 - DataClientService-thread-6 94.00% workload is done. 
2026-06-01 17:45:10,594 INFO  cn.edu.tsinghua.iot.benchmark.mode.BaseMode:102 - DataClientService-thread-7 93.30% workload is done. 
2026-06-01 17:45:10,594 INFO  cn.edu.tsinghua.iot.benchmark.mode.BaseMode:102 - DataClientService-thread-8 92.20% workload is done. 
2026-06-01 17:45:10,594 INFO  cn.edu.tsinghua.iot.benchmark.mode.BaseMode:102 - DataClientService-thread-9 91.70% workload is done. 
2026-06-01 17:45:10,594 INFO  cn.edu.tsinghua.iot.benchmark.mode.BaseMode:102 - DataClientService-thread-10 91.10% workload is done. 
2026-06-01 17:45:15,594 INFO  cn.edu.tsinghua.iot.benchmark.mode.BaseMode:102 - DataClientService-thread-1 93.50% workload is done. 
2026-06-01 17:45:15,594 INFO  cn.edu.tsinghua.iot.benchmark.mode.BaseMode:102 - DataClientService-thread-2 92.80% workload is done. 
2026-06-01 17:45:15,595 INFO  cn.edu.tsinghua.iot.benchmark.mode.BaseMode:102 - DataClientService-thread-3 92.20% workload is done. 
2026-06-01 17:45:15,595 INFO  cn.edu.tsinghua.iot.benchmark.mode.BaseMode:102 - DataClientService-thread-4 93.00% workload is done. 
2026-06-01 17:45:15,595 INFO  cn.edu.tsinghua.iot.benchmark.mode.BaseMode:102 - DataClientService-thread-5 92.30% workload is done. 
2026-06-01 17:45:15,595 INFO  cn.edu.tsinghua.iot.benchmark.mode.BaseMode:102 - DataClientService-thread-6 94.20% workload is done. 
2026-06-01 17:45:15,595 INFO  cn.edu.tsinghua.iot.benchmark.mode.BaseMode:102 - DataClientService-thread-7 93.70% workload is done. 
2026-06-01 17:45:15,595 INFO  cn.edu.tsinghua.iot.benchmark.mode.BaseMode:102 - DataClientService-thread-8 92.60% workload is done. 
2026-06-01 17:45:15,595 INFO  cn.edu.tsinghua.iot.benchmark.mode.BaseMode:102 - DataClientService-thread-9 92.10% workload is done. 
2026-06-01 17:45:15,595 INFO  cn.edu.tsinghua.iot.benchmark.mode.BaseMode:102 - DataClientService-thread-10 91.30% workload is done. 
2026-06-01 17:45:20,594 INFO  cn.edu.tsinghua.iot.benchmark.mode.BaseMode:102 - DataClientService-thread-1 93.80% workload is done. 
2026-06-01 17:45:20,594 INFO  cn.edu.tsinghua.iot.benchmark.mode.BaseMode:102 - DataClientService-thread-2 93.00% workload is done. 
2026-06-01 17:45:20,594 INFO  cn.edu.tsinghua.iot.benchmark.mode.BaseMode:102 - DataClientService-thread-3 92.40% workload is done. 
2026-06-01 17:45:20,594 INFO  cn.edu.tsinghua.iot.benchmark.mode.BaseMode:102 - DataClientService-thread-4 93.20% workload is done. 
2026-06-01 17:45:20,594 INFO  cn.edu.tsinghua.iot.benchmark.mode.BaseMode:102 - DataClientService-thread-5 92.60% workload is done. 
2026-06-01 17:45:20,594 INFO  cn.edu.tsinghua.iot.benchmark.mode.BaseMode:102 - DataClientService-thread-6 94.50% workload is done. 
2026-06-01 17:45:20,594 INFO  cn.edu.tsinghua.iot.benchmark.mode.BaseMode:102 - DataClientService-thread-7 94.00% workload is done. 
2026-06-01 17:45:20,594 INFO  cn.edu.tsinghua.iot.benchmark.mode.BaseMode:102 - DataClientService-thread-8 92.80% workload is done. 
2026-06-01 17:45:20,594 INFO  cn.edu.tsinghua.iot.benchmark.mode.BaseMode:102 - DataClientService-thread-9 92.30% workload is done. 
2026-06-01 17:45:20,594 INFO  cn.edu.tsinghua.iot.benchmark.mode.BaseMode:102 - DataClientService-thread-10 91.60% workload is done. 
2026-06-01 17:45:25,594 INFO  cn.edu.tsinghua.iot.benchmark.mode.BaseMode:102 - DataClientService-thread-1 94.00% workload is done. 
2026-06-01 17:45:25,594 INFO  cn.edu.tsinghua.iot.benchmark.mode.BaseMode:102 - DataClientService-thread-2 93.30% workload is done. 
2026-06-01 17:45:25,594 INFO  cn.edu.tsinghua.iot.benchmark.mode.BaseMode:102 - DataClientService-thread-3 92.80% workload is done. 
2026-06-01 17:45:25,594 INFO  cn.edu.tsinghua.iot.benchmark.mode.BaseMode:102 - DataClientService-thread-4 93.50% workload is done. 
2026-06-01 17:45:25,594 INFO  cn.edu.tsinghua.iot.benchmark.mode.BaseMode:102 - DataClientService-thread-5 92.80% workload is done. 
2026-06-01 17:45:25,594 INFO  cn.edu.tsinghua.iot.benchmark.mode.BaseMode:102 - DataClientService-thread-6 94.70% workload is done. 
2026-06-01 17:45:25,594 INFO  cn.edu.tsinghua.iot.benchmark.mode.BaseMode:102 - DataClientService-thread-7 94.30% workload is done. 
2026-06-01 17:45:25,594 INFO  cn.edu.tsinghua.iot.benchmark.mode.BaseMode:102 - DataClientService-thread-8 93.10% workload is done. 
2026-06-01 17:45:25,594 INFO  cn.edu.tsinghua.iot.benchmark.mode.BaseMode:102 - DataClientService-thread-9 92.60% workload is done. 
2026-06-01 17:45:25,594 INFO  cn.edu.tsinghua.iot.benchmark.mode.BaseMode:102 - DataClientService-thread-10 92.00% workload is done. 
2026-06-01 17:45:30,594 INFO  cn.edu.tsinghua.iot.benchmark.mode.BaseMode:102 - DataClientService-thread-1 94.30% workload is done. 
2026-06-01 17:45:30,594 INFO  cn.edu.tsinghua.iot.benchmark.mode.BaseMode:102 - DataClientService-thread-2 93.50% workload is done. 
2026-06-01 17:45:30,594 INFO  cn.edu.tsinghua.iot.benchmark.mode.BaseMode:102 - DataClientService-thread-3 93.00% workload is done. 
2026-06-01 17:45:30,594 INFO  cn.edu.tsinghua.iot.benchmark.mode.BaseMode:102 - DataClientService-thread-4 93.70% workload is done. 
2026-06-01 17:45:30,594 INFO  cn.edu.tsinghua.iot.benchmark.mode.BaseMode:102 - DataClientService-thread-5 93.10% workload is done. 
2026-06-01 17:45:30,594 INFO  cn.edu.tsinghua.iot.benchmark.mode.BaseMode:102 - DataClientService-thread-6 95.00% workload is done. 
2026-06-01 17:45:30,594 INFO  cn.edu.tsinghua.iot.benchmark.mode.BaseMode:102 - DataClientService-thread-7 94.50% workload is done. 
2026-06-01 17:45:30,594 INFO  cn.edu.tsinghua.iot.benchmark.mode.BaseMode:102 - DataClientService-thread-8 93.30% workload is done. 
2026-06-01 17:45:30,594 INFO  cn.edu.tsinghua.iot.benchmark.mode.BaseMode:102 - DataClientService-thread-9 92.80% workload is done. 
2026-06-01 17:45:30,594 INFO  cn.edu.tsinghua.iot.benchmark.mode.BaseMode:102 - DataClientService-thread-10 92.30% workload is done. 
2026-06-01 17:45:35,594 INFO  cn.edu.tsinghua.iot.benchmark.mode.BaseMode:102 - DataClientService-thread-1 94.50% workload is done. 
2026-06-01 17:45:35,594 INFO  cn.edu.tsinghua.iot.benchmark.mode.BaseMode:102 - DataClientService-thread-2 93.70% workload is done. 
2026-06-01 17:45:35,594 INFO  cn.edu.tsinghua.iot.benchmark.mode.BaseMode:102 - DataClientService-thread-3 93.40% workload is done. 
2026-06-01 17:45:35,594 INFO  cn.edu.tsinghua.iot.benchmark.mode.BaseMode:102 - DataClientService-thread-4 94.10% workload is done. 
2026-06-01 17:45:35,594 INFO  cn.edu.tsinghua.iot.benchmark.mode.BaseMode:102 - DataClientService-thread-5 93.40% workload is done. 
2026-06-01 17:45:35,594 INFO  cn.edu.tsinghua.iot.benchmark.mode.BaseMode:102 - DataClientService-thread-6 95.20% workload is done. 
2026-06-01 17:45:35,594 INFO  cn.edu.tsinghua.iot.benchmark.mode.BaseMode:102 - DataClientService-thread-7 94.80% workload is done. 
2026-06-01 17:45:35,594 INFO  cn.edu.tsinghua.iot.benchmark.mode.BaseMode:102 - DataClientService-thread-8 93.70% workload is done. 
2026-06-01 17:45:35,594 INFO  cn.edu.tsinghua.iot.benchmark.mode.BaseMode:102 - DataClientService-thread-9 93.10% workload is done. 
2026-06-01 17:45:35,594 INFO  cn.edu.tsinghua.iot.benchmark.mode.BaseMode:102 - DataClientService-thread-10 92.50% workload is done. 
2026-06-01 17:45:40,594 INFO  cn.edu.tsinghua.iot.benchmark.mode.BaseMode:102 - DataClientService-thread-1 94.90% workload is done. 
2026-06-01 17:45:40,594 INFO  cn.edu.tsinghua.iot.benchmark.mode.BaseMode:102 - DataClientService-thread-2 94.00% workload is done. 
2026-06-01 17:45:40,594 INFO  cn.edu.tsinghua.iot.benchmark.mode.BaseMode:102 - DataClientService-thread-3 93.60% workload is done. 
2026-06-01 17:45:40,594 INFO  cn.edu.tsinghua.iot.benchmark.mode.BaseMode:102 - DataClientService-thread-4 94.30% workload is done. 
2026-06-01 17:45:40,594 INFO  cn.edu.tsinghua.iot.benchmark.mode.BaseMode:102 - DataClientService-thread-5 93.70% workload is done. 
2026-06-01 17:45:40,594 INFO  cn.edu.tsinghua.iot.benchmark.mode.BaseMode:102 - DataClientService-thread-6 95.60% workload is done. 
2026-06-01 17:45:40,594 INFO  cn.edu.tsinghua.iot.benchmark.mode.BaseMode:102 - DataClientService-thread-7 95.00% workload is done. 
2026-06-01 17:45:40,594 INFO  cn.edu.tsinghua.iot.benchmark.mode.BaseMode:102 - DataClientService-thread-8 93.90% workload is done. 
2026-06-01 17:45:40,594 INFO  cn.edu.tsinghua.iot.benchmark.mode.BaseMode:102 - DataClientService-thread-9 93.30% workload is done. 
2026-06-01 17:45:40,594 INFO  cn.edu.tsinghua.iot.benchmark.mode.BaseMode:102 - DataClientService-thread-10 92.80% workload is done. 
2026-06-01 17:45:45,594 INFO  cn.edu.tsinghua.iot.benchmark.mode.BaseMode:102 - DataClientService-thread-1 95.10% workload is done. 
2026-06-01 17:45:45,594 INFO  cn.edu.tsinghua.iot.benchmark.mode.BaseMode:102 - DataClientService-thread-2 94.20% workload is done. 
2026-06-01 17:45:45,594 INFO  cn.edu.tsinghua.iot.benchmark.mode.BaseMode:102 - DataClientService-thread-3 94.10% workload is done. 
2026-06-01 17:45:45,594 INFO  cn.edu.tsinghua.iot.benchmark.mode.BaseMode:102 - DataClientService-thread-4 94.70% workload is done. 
2026-06-01 17:45:45,594 INFO  cn.edu.tsinghua.iot.benchmark.mode.BaseMode:102 - DataClientService-thread-5 94.00% workload is done. 
2026-06-01 17:45:45,594 INFO  cn.edu.tsinghua.iot.benchmark.mode.BaseMode:102 - DataClientService-thread-6 95.80% workload is done. 
2026-06-01 17:45:45,594 INFO  cn.edu.tsinghua.iot.benchmark.mode.BaseMode:102 - DataClientService-thread-7 95.40% workload is done. 
2026-06-01 17:45:45,594 INFO  cn.edu.tsinghua.iot.benchmark.mode.BaseMode:102 - DataClientService-thread-8 94.20% workload is done. 
2026-06-01 17:45:45,594 INFO  cn.edu.tsinghua.iot.benchmark.mode.BaseMode:102 - DataClientService-thread-9 93.60% workload is done. 
2026-06-01 17:45:45,594 INFO  cn.edu.tsinghua.iot.benchmark.mode.BaseMode:102 - DataClientService-thread-10 93.00% workload is done. 
2026-06-01 17:45:50,594 INFO  cn.edu.tsinghua.iot.benchmark.mode.BaseMode:102 - DataClientService-thread-1 95.50% workload is done. 
2026-06-01 17:45:50,594 INFO  cn.edu.tsinghua.iot.benchmark.mode.BaseMode:102 - DataClientService-thread-2 94.50% workload is done. 
2026-06-01 17:45:50,594 INFO  cn.edu.tsinghua.iot.benchmark.mode.BaseMode:102 - DataClientService-thread-3 94.30% workload is done. 
2026-06-01 17:45:50,594 INFO  cn.edu.tsinghua.iot.benchmark.mode.BaseMode:102 - DataClientService-thread-4 94.90% workload is done. 
2026-06-01 17:45:50,594 INFO  cn.edu.tsinghua.iot.benchmark.mode.BaseMode:102 - DataClientService-thread-5 94.30% workload is done. 
2026-06-01 17:45:50,594 INFO  cn.edu.tsinghua.iot.benchmark.mode.BaseMode:102 - DataClientService-thread-6 96.20% workload is done. 
2026-06-01 17:45:50,594 INFO  cn.edu.tsinghua.iot.benchmark.mode.BaseMode:102 - DataClientService-thread-7 95.70% workload is done. 
2026-06-01 17:45:50,594 INFO  cn.edu.tsinghua.iot.benchmark.mode.BaseMode:102 - DataClientService-thread-8 94.40% workload is done. 
2026-06-01 17:45:50,594 INFO  cn.edu.tsinghua.iot.benchmark.mode.BaseMode:102 - DataClientService-thread-9 93.80% workload is done. 
2026-06-01 17:45:50,594 INFO  cn.edu.tsinghua.iot.benchmark.mode.BaseMode:102 - DataClientService-thread-10 93.30% workload is done. 
2026-06-01 17:45:55,594 INFO  cn.edu.tsinghua.iot.benchmark.mode.BaseMode:102 - DataClientService-thread-1 95.70% workload is done. 
2026-06-01 17:45:55,594 INFO  cn.edu.tsinghua.iot.benchmark.mode.BaseMode:102 - DataClientService-thread-2 94.70% workload is done. 
2026-06-01 17:45:55,594 INFO  cn.edu.tsinghua.iot.benchmark.mode.BaseMode:102 - DataClientService-thread-3 94.60% workload is done. 
2026-06-01 17:45:55,594 INFO  cn.edu.tsinghua.iot.benchmark.mode.BaseMode:102 - DataClientService-thread-4 95.20% workload is done. 
2026-06-01 17:45:55,594 INFO  cn.edu.tsinghua.iot.benchmark.mode.BaseMode:102 - DataClientService-thread-5 94.50% workload is done. 
2026-06-01 17:45:55,594 INFO  cn.edu.tsinghua.iot.benchmark.mode.BaseMode:102 - DataClientService-thread-6 96.50% workload is done. 
2026-06-01 17:45:55,594 INFO  cn.edu.tsinghua.iot.benchmark.mode.BaseMode:102 - DataClientService-thread-7 96.00% workload is done. 
2026-06-01 17:45:55,594 INFO  cn.edu.tsinghua.iot.benchmark.mode.BaseMode:102 - DataClientService-thread-8 94.70% workload is done. 
2026-06-01 17:45:55,594 INFO  cn.edu.tsinghua.iot.benchmark.mode.BaseMode:102 - DataClientService-thread-9 94.10% workload is done. 
2026-06-01 17:45:55,594 INFO  cn.edu.tsinghua.iot.benchmark.mode.BaseMode:102 - DataClientService-thread-10 93.50% workload is done. 
2026-06-01 17:46:00,594 INFO  cn.edu.tsinghua.iot.benchmark.mode.BaseMode:102 - DataClientService-thread-1 96.00% workload is done. 
2026-06-01 17:46:00,594 INFO  cn.edu.tsinghua.iot.benchmark.mode.BaseMode:102 - DataClientService-thread-2 95.10% workload is done. 
2026-06-01 17:46:00,594 INFO  cn.edu.tsinghua.iot.benchmark.mode.BaseMode:102 - DataClientService-thread-3 94.80% workload is done. 
2026-06-01 17:46:00,594 INFO  cn.edu.tsinghua.iot.benchmark.mode.BaseMode:102 - DataClientService-thread-4 95.50% workload is done. 
2026-06-01 17:46:00,594 INFO  cn.edu.tsinghua.iot.benchmark.mode.BaseMode:102 - DataClientService-thread-5 94.80% workload is done. 
2026-06-01 17:46:00,594 INFO  cn.edu.tsinghua.iot.benchmark.mode.BaseMode:102 - DataClientService-thread-6 96.80% workload is done. 
2026-06-01 17:46:00,594 INFO  cn.edu.tsinghua.iot.benchmark.mode.BaseMode:102 - DataClientService-thread-7 96.40% workload is done. 
2026-06-01 17:46:00,594 INFO  cn.edu.tsinghua.iot.benchmark.mode.BaseMode:102 - DataClientService-thread-8 94.90% workload is done. 
2026-06-01 17:46:00,594 INFO  cn.edu.tsinghua.iot.benchmark.mode.BaseMode:102 - DataClientService-thread-9 94.30% workload is done. 
2026-06-01 17:46:00,594 INFO  cn.edu.tsinghua.iot.benchmark.mode.BaseMode:102 - DataClientService-thread-10 93.80% workload is done. 
2026-06-01 17:46:05,594 INFO  cn.edu.tsinghua.iot.benchmark.mode.BaseMode:102 - DataClientService-thread-1 96.20% workload is done. 
2026-06-01 17:46:05,594 INFO  cn.edu.tsinghua.iot.benchmark.mode.BaseMode:102 - DataClientService-thread-2 95.30% workload is done. 
2026-06-01 17:46:05,594 INFO  cn.edu.tsinghua.iot.benchmark.mode.BaseMode:102 - DataClientService-thread-3 95.20% workload is done. 
2026-06-01 17:46:05,594 INFO  cn.edu.tsinghua.iot.benchmark.mode.BaseMode:102 - DataClientService-thread-4 95.80% workload is done. 
2026-06-01 17:46:05,594 INFO  cn.edu.tsinghua.iot.benchmark.mode.BaseMode:102 - DataClientService-thread-5 95.00% workload is done. 
2026-06-01 17:46:05,594 INFO  cn.edu.tsinghua.iot.benchmark.mode.BaseMode:102 - DataClientService-thread-6 97.00% workload is done. 
2026-06-01 17:46:05,594 INFO  cn.edu.tsinghua.iot.benchmark.mode.BaseMode:102 - DataClientService-thread-7 96.60% workload is done. 
2026-06-01 17:46:05,594 INFO  cn.edu.tsinghua.iot.benchmark.mode.BaseMode:102 - DataClientService-thread-8 95.20% workload is done. 
2026-06-01 17:46:05,594 INFO  cn.edu.tsinghua.iot.benchmark.mode.BaseMode:102 - DataClientService-thread-9 94.60% workload is done. 
2026-06-01 17:46:05,594 INFO  cn.edu.tsinghua.iot.benchmark.mode.BaseMode:102 - DataClientService-thread-10 94.00% workload is done. 
2026-06-01 17:46:10,594 INFO  cn.edu.tsinghua.iot.benchmark.mode.BaseMode:102 - DataClientService-thread-1 96.40% workload is done. 
2026-06-01 17:46:10,594 INFO  cn.edu.tsinghua.iot.benchmark.mode.BaseMode:102 - DataClientService-thread-2 95.60% workload is done. 
2026-06-01 17:46:10,594 INFO  cn.edu.tsinghua.iot.benchmark.mode.BaseMode:102 - DataClientService-thread-3 95.40% workload is done. 
2026-06-01 17:46:10,594 INFO  cn.edu.tsinghua.iot.benchmark.mode.BaseMode:102 - DataClientService-thread-4 96.00% workload is done. 
2026-06-01 17:46:10,594 INFO  cn.edu.tsinghua.iot.benchmark.mode.BaseMode:102 - DataClientService-thread-5 95.30% workload is done. 
2026-06-01 17:46:10,594 INFO  cn.edu.tsinghua.iot.benchmark.mode.BaseMode:102 - DataClientService-thread-6 97.30% workload is done. 
2026-06-01 17:46:10,594 INFO  cn.edu.tsinghua.iot.benchmark.mode.BaseMode:102 - DataClientService-thread-7 96.90% workload is done. 
2026-06-01 17:46:10,594 INFO  cn.edu.tsinghua.iot.benchmark.mode.BaseMode:102 - DataClientService-thread-8 95.40% workload is done. 
2026-06-01 17:46:10,594 INFO  cn.edu.tsinghua.iot.benchmark.mode.BaseMode:102 - DataClientService-thread-9 94.80% workload is done. 
2026-06-01 17:46:10,594 INFO  cn.edu.tsinghua.iot.benchmark.mode.BaseMode:102 - DataClientService-thread-10 94.40% workload is done. 
2026-06-01 17:46:15,594 INFO  cn.edu.tsinghua.iot.benchmark.mode.BaseMode:102 - DataClientService-thread-1 96.70% workload is done. 
2026-06-01 17:46:15,594 INFO  cn.edu.tsinghua.iot.benchmark.mode.BaseMode:102 - DataClientService-thread-2 95.80% workload is done. 
2026-06-01 17:46:15,594 INFO  cn.edu.tsinghua.iot.benchmark.mode.BaseMode:102 - DataClientService-thread-3 95.70% workload is done. 
2026-06-01 17:46:15,594 INFO  cn.edu.tsinghua.iot.benchmark.mode.BaseMode:102 - DataClientService-thread-4 96.30% workload is done. 
2026-06-01 17:46:15,594 INFO  cn.edu.tsinghua.iot.benchmark.mode.BaseMode:102 - DataClientService-thread-5 95.50% workload is done. 
2026-06-01 17:46:15,594 INFO  cn.edu.tsinghua.iot.benchmark.mode.BaseMode:102 - DataClientService-thread-6 97.50% workload is done. 
2026-06-01 17:46:15,594 INFO  cn.edu.tsinghua.iot.benchmark.mode.BaseMode:102 - DataClientService-thread-7 97.10% workload is done. 
2026-06-01 17:46:15,594 INFO  cn.edu.tsinghua.iot.benchmark.mode.BaseMode:102 - DataClientService-thread-8 95.70% workload is done. 
2026-06-01 17:46:15,594 INFO  cn.edu.tsinghua.iot.benchmark.mode.BaseMode:102 - DataClientService-thread-9 95.20% workload is done. 
2026-06-01 17:46:15,594 INFO  cn.edu.tsinghua.iot.benchmark.mode.BaseMode:102 - DataClientService-thread-10 94.70% workload is done. 
2026-06-01 17:46:20,594 INFO  cn.edu.tsinghua.iot.benchmark.mode.BaseMode:102 - DataClientService-thread-1 96.90% workload is done. 
2026-06-01 17:46:20,594 INFO  cn.edu.tsinghua.iot.benchmark.mode.BaseMode:102 - DataClientService-thread-2 96.20% workload is done. 
2026-06-01 17:46:20,594 INFO  cn.edu.tsinghua.iot.benchmark.mode.BaseMode:102 - DataClientService-thread-3 95.90% workload is done. 
2026-06-01 17:46:20,594 INFO  cn.edu.tsinghua.iot.benchmark.mode.BaseMode:102 - DataClientService-thread-4 96.60% workload is done. 
2026-06-01 17:46:20,594 INFO  cn.edu.tsinghua.iot.benchmark.mode.BaseMode:102 - DataClientService-thread-5 95.80% workload is done. 
2026-06-01 17:46:20,594 INFO  cn.edu.tsinghua.iot.benchmark.mode.BaseMode:102 - DataClientService-thread-6 97.90% workload is done. 
2026-06-01 17:46:20,594 INFO  cn.edu.tsinghua.iot.benchmark.mode.BaseMode:102 - DataClientService-thread-7 97.50% workload is done. 
2026-06-01 17:46:20,594 INFO  cn.edu.tsinghua.iot.benchmark.mode.BaseMode:102 - DataClientService-thread-8 95.90% workload is done. 
2026-06-01 17:46:20,594 INFO  cn.edu.tsinghua.iot.benchmark.mode.BaseMode:102 - DataClientService-thread-9 95.40% workload is done. 
2026-06-01 17:46:20,594 INFO  cn.edu.tsinghua.iot.benchmark.mode.BaseMode:102 - DataClientService-thread-10 95.00% workload is done. 
2026-06-01 17:46:25,594 INFO  cn.edu.tsinghua.iot.benchmark.mode.BaseMode:102 - DataClientService-thread-1 97.20% workload is done. 
2026-06-01 17:46:25,594 INFO  cn.edu.tsinghua.iot.benchmark.mode.BaseMode:102 - DataClientService-thread-2 96.40% workload is done. 
2026-06-01 17:46:25,594 INFO  cn.edu.tsinghua.iot.benchmark.mode.BaseMode:102 - DataClientService-thread-3 96.20% workload is done. 
2026-06-01 17:46:25,594 INFO  cn.edu.tsinghua.iot.benchmark.mode.BaseMode:102 - DataClientService-thread-4 96.90% workload is done. 
2026-06-01 17:46:25,594 INFO  cn.edu.tsinghua.iot.benchmark.mode.BaseMode:102 - DataClientService-thread-5 96.00% workload is done. 
2026-06-01 17:46:25,594 INFO  cn.edu.tsinghua.iot.benchmark.mode.BaseMode:102 - DataClientService-thread-6 98.10% workload is done. 
2026-06-01 17:46:25,594 INFO  cn.edu.tsinghua.iot.benchmark.mode.BaseMode:102 - DataClientService-thread-7 97.70% workload is done. 
2026-06-01 17:46:25,594 INFO  cn.edu.tsinghua.iot.benchmark.mode.BaseMode:102 - DataClientService-thread-8 96.20% workload is done. 
2026-06-01 17:46:25,594 INFO  cn.edu.tsinghua.iot.benchmark.mode.BaseMode:102 - DataClientService-thread-9 95.70% workload is done. 
2026-06-01 17:46:25,594 INFO  cn.edu.tsinghua.iot.benchmark.mode.BaseMode:102 - DataClientService-thread-10 95.20% workload is done. 
2026-06-01 17:46:30,594 INFO  cn.edu.tsinghua.iot.benchmark.mode.BaseMode:102 - DataClientService-thread-1 97.50% workload is done. 
2026-06-01 17:46:30,594 INFO  cn.edu.tsinghua.iot.benchmark.mode.BaseMode:102 - DataClientService-thread-2 96.60% workload is done. 
2026-06-01 17:46:30,594 INFO  cn.edu.tsinghua.iot.benchmark.mode.BaseMode:102 - DataClientService-thread-3 96.50% workload is done. 
2026-06-01 17:46:30,594 INFO  cn.edu.tsinghua.iot.benchmark.mode.BaseMode:102 - DataClientService-thread-4 97.10% workload is done. 
2026-06-01 17:46:30,594 INFO  cn.edu.tsinghua.iot.benchmark.mode.BaseMode:102 - DataClientService-thread-5 96.30% workload is done. 
2026-06-01 17:46:30,594 INFO  cn.edu.tsinghua.iot.benchmark.mode.BaseMode:102 - DataClientService-thread-6 98.50% workload is done. 
2026-06-01 17:46:30,594 INFO  cn.edu.tsinghua.iot.benchmark.mode.BaseMode:102 - DataClientService-thread-7 98.00% workload is done. 
2026-06-01 17:46:30,594 INFO  cn.edu.tsinghua.iot.benchmark.mode.BaseMode:102 - DataClientService-thread-8 96.40% workload is done. 
2026-06-01 17:46:30,594 INFO  cn.edu.tsinghua.iot.benchmark.mode.BaseMode:102 - DataClientService-thread-9 96.00% workload is done. 
2026-06-01 17:46:30,594 INFO  cn.edu.tsinghua.iot.benchmark.mode.BaseMode:102 - DataClientService-thread-10 95.40% workload is done. 
2026-06-01 17:46:35,594 INFO  cn.edu.tsinghua.iot.benchmark.mode.BaseMode:102 - DataClientService-thread-1 97.80% workload is done. 
2026-06-01 17:46:35,594 INFO  cn.edu.tsinghua.iot.benchmark.mode.BaseMode:102 - DataClientService-thread-2 97.00% workload is done. 
2026-06-01 17:46:35,594 INFO  cn.edu.tsinghua.iot.benchmark.mode.BaseMode:102 - DataClientService-thread-3 96.80% workload is done. 
2026-06-01 17:46:35,594 INFO  cn.edu.tsinghua.iot.benchmark.mode.BaseMode:102 - DataClientService-thread-4 97.40% workload is done. 
2026-06-01 17:46:35,594 INFO  cn.edu.tsinghua.iot.benchmark.mode.BaseMode:102 - DataClientService-thread-5 96.50% workload is done. 
2026-06-01 17:46:35,594 INFO  cn.edu.tsinghua.iot.benchmark.mode.BaseMode:102 - DataClientService-thread-6 98.70% workload is done. 
2026-06-01 17:46:35,594 INFO  cn.edu.tsinghua.iot.benchmark.mode.BaseMode:102 - DataClientService-thread-7 98.20% workload is done. 
2026-06-01 17:46:35,594 INFO  cn.edu.tsinghua.iot.benchmark.mode.BaseMode:102 - DataClientService-thread-8 96.70% workload is done. 
2026-06-01 17:46:35,594 INFO  cn.edu.tsinghua.iot.benchmark.mode.BaseMode:102 - DataClientService-thread-9 96.20% workload is done. 
2026-06-01 17:46:35,594 INFO  cn.edu.tsinghua.iot.benchmark.mode.BaseMode:102 - DataClientService-thread-10 95.70% workload is done. 
2026-06-01 17:46:40,594 INFO  cn.edu.tsinghua.iot.benchmark.mode.BaseMode:102 - DataClientService-thread-1 98.00% workload is done. 
2026-06-01 17:46:40,594 INFO  cn.edu.tsinghua.iot.benchmark.mode.BaseMode:102 - DataClientService-thread-2 97.20% workload is done. 
2026-06-01 17:46:40,594 INFO  cn.edu.tsinghua.iot.benchmark.mode.BaseMode:102 - DataClientService-thread-3 97.00% workload is done. 
2026-06-01 17:46:40,594 INFO  cn.edu.tsinghua.iot.benchmark.mode.BaseMode:102 - DataClientService-thread-4 97.70% workload is done. 
2026-06-01 17:46:40,594 INFO  cn.edu.tsinghua.iot.benchmark.mode.BaseMode:102 - DataClientService-thread-5 96.80% workload is done. 
2026-06-01 17:46:40,594 INFO  cn.edu.tsinghua.iot.benchmark.mode.BaseMode:102 - DataClientService-thread-6 99.00% workload is done. 
2026-06-01 17:46:40,594 INFO  cn.edu.tsinghua.iot.benchmark.mode.BaseMode:102 - DataClientService-thread-7 98.50% workload is done. 
2026-06-01 17:46:40,594 INFO  cn.edu.tsinghua.iot.benchmark.mode.BaseMode:102 - DataClientService-thread-8 96.90% workload is done. 
2026-06-01 17:46:40,594 INFO  cn.edu.tsinghua.iot.benchmark.mode.BaseMode:102 - DataClientService-thread-9 96.50% workload is done. 
2026-06-01 17:46:40,594 INFO  cn.edu.tsinghua.iot.benchmark.mode.BaseMode:102 - DataClientService-thread-10 95.90% workload is done. 
2026-06-01 17:46:45,594 INFO  cn.edu.tsinghua.iot.benchmark.mode.BaseMode:102 - DataClientService-thread-1 98.30% workload is done. 
2026-06-01 17:46:45,594 INFO  cn.edu.tsinghua.iot.benchmark.mode.BaseMode:102 - DataClientService-thread-2 97.60% workload is done. 
2026-06-01 17:46:45,594 INFO  cn.edu.tsinghua.iot.benchmark.mode.BaseMode:102 - DataClientService-thread-3 97.40% workload is done. 
2026-06-01 17:46:45,594 INFO  cn.edu.tsinghua.iot.benchmark.mode.BaseMode:102 - DataClientService-thread-4 98.00% workload is done. 
2026-06-01 17:46:45,594 INFO  cn.edu.tsinghua.iot.benchmark.mode.BaseMode:102 - DataClientService-thread-5 97.00% workload is done. 
2026-06-01 17:46:45,594 INFO  cn.edu.tsinghua.iot.benchmark.mode.BaseMode:102 - DataClientService-thread-6 99.20% workload is done. 
2026-06-01 17:46:45,594 INFO  cn.edu.tsinghua.iot.benchmark.mode.BaseMode:102 - DataClientService-thread-7 98.80% workload is done. 
2026-06-01 17:46:45,594 INFO  cn.edu.tsinghua.iot.benchmark.mode.BaseMode:102 - DataClientService-thread-8 97.30% workload is done. 
2026-06-01 17:46:45,594 INFO  cn.edu.tsinghua.iot.benchmark.mode.BaseMode:102 - DataClientService-thread-9 96.70% workload is done. 
2026-06-01 17:46:45,594 INFO  cn.edu.tsinghua.iot.benchmark.mode.BaseMode:102 - DataClientService-thread-10 96.30% workload is done. 
2026-06-01 17:46:50,594 INFO  cn.edu.tsinghua.iot.benchmark.mode.BaseMode:102 - DataClientService-thread-1 98.50% workload is done. 
2026-06-01 17:46:50,594 INFO  cn.edu.tsinghua.iot.benchmark.mode.BaseMode:102 - DataClientService-thread-2 97.90% workload is done. 
2026-06-01 17:46:50,594 INFO  cn.edu.tsinghua.iot.benchmark.mode.BaseMode:102 - DataClientService-thread-3 97.70% workload is done. 
2026-06-01 17:46:50,594 INFO  cn.edu.tsinghua.iot.benchmark.mode.BaseMode:102 - DataClientService-thread-4 98.30% workload is done. 
2026-06-01 17:46:50,594 INFO  cn.edu.tsinghua.iot.benchmark.mode.BaseMode:102 - DataClientService-thread-5 97.30% workload is done. 
2026-06-01 17:46:50,594 INFO  cn.edu.tsinghua.iot.benchmark.mode.BaseMode:102 - DataClientService-thread-6 99.50% workload is done. 
2026-06-01 17:46:50,594 INFO  cn.edu.tsinghua.iot.benchmark.mode.BaseMode:102 - DataClientService-thread-7 99.20% workload is done. 
2026-06-01 17:46:50,594 INFO  cn.edu.tsinghua.iot.benchmark.mode.BaseMode:102 - DataClientService-thread-8 97.50% workload is done. 
2026-06-01 17:46:50,594 INFO  cn.edu.tsinghua.iot.benchmark.mode.BaseMode:102 - DataClientService-thread-9 97.00% workload is done. 
2026-06-01 17:46:50,594 INFO  cn.edu.tsinghua.iot.benchmark.mode.BaseMode:102 - DataClientService-thread-10 96.50% workload is done. 
2026-06-01 17:46:55,594 INFO  cn.edu.tsinghua.iot.benchmark.mode.BaseMode:102 - DataClientService-thread-1 98.90% workload is done. 
2026-06-01 17:46:55,594 INFO  cn.edu.tsinghua.iot.benchmark.mode.BaseMode:102 - DataClientService-thread-2 98.20% workload is done. 
2026-06-01 17:46:55,594 INFO  cn.edu.tsinghua.iot.benchmark.mode.BaseMode:102 - DataClientService-thread-3 98.00% workload is done. 
2026-06-01 17:46:55,594 INFO  cn.edu.tsinghua.iot.benchmark.mode.BaseMode:102 - DataClientService-thread-4 98.90% workload is done. 
2026-06-01 17:46:55,594 INFO  cn.edu.tsinghua.iot.benchmark.mode.BaseMode:102 - DataClientService-thread-5 97.50% workload is done. 
2026-06-01 17:46:55,594 INFO  cn.edu.tsinghua.iot.benchmark.mode.BaseMode:102 - DataClientService-thread-6 99.70% workload is done. 
2026-06-01 17:46:55,594 INFO  cn.edu.tsinghua.iot.benchmark.mode.BaseMode:102 - DataClientService-thread-7 99.50% workload is done. 
2026-06-01 17:46:55,594 INFO  cn.edu.tsinghua.iot.benchmark.mode.BaseMode:102 - DataClientService-thread-8 97.80% workload is done. 
2026-06-01 17:46:55,594 INFO  cn.edu.tsinghua.iot.benchmark.mode.BaseMode:102 - DataClientService-thread-9 97.20% workload is done. 
2026-06-01 17:46:55,594 INFO  cn.edu.tsinghua.iot.benchmark.mode.BaseMode:102 - DataClientService-thread-10 96.80% workload is done. 
2026-06-01 17:47:00,594 INFO  cn.edu.tsinghua.iot.benchmark.mode.BaseMode:102 - DataClientService-thread-1 99.10% workload is done. 
2026-06-01 17:47:00,594 INFO  cn.edu.tsinghua.iot.benchmark.mode.BaseMode:102 - DataClientService-thread-2 98.40% workload is done. 
2026-06-01 17:47:00,594 INFO  cn.edu.tsinghua.iot.benchmark.mode.BaseMode:102 - DataClientService-thread-3 98.30% workload is done. 
2026-06-01 17:47:00,594 INFO  cn.edu.tsinghua.iot.benchmark.mode.BaseMode:102 - DataClientService-thread-4 99.30% workload is done. 
2026-06-01 17:47:00,594 INFO  cn.edu.tsinghua.iot.benchmark.mode.BaseMode:102 - DataClientService-thread-5 97.80% workload is done. 
2026-06-01 17:47:00,594 INFO  cn.edu.tsinghua.iot.benchmark.mode.BaseMode:102 - DataClientService-thread-6 100.00% workload is done. 
2026-06-01 17:47:00,594 INFO  cn.edu.tsinghua.iot.benchmark.mode.BaseMode:102 - DataClientService-thread-7 99.70% workload is done. 
2026-06-01 17:47:00,594 INFO  cn.edu.tsinghua.iot.benchmark.mode.BaseMode:102 - DataClientService-thread-8 98.00% workload is done. 
2026-06-01 17:47:00,594 INFO  cn.edu.tsinghua.iot.benchmark.mode.BaseMode:102 - DataClientService-thread-9 97.60% workload is done. 
2026-06-01 17:47:00,594 INFO  cn.edu.tsinghua.iot.benchmark.mode.BaseMode:102 - DataClientService-thread-10 97.00% workload is done. 
2026-06-01 17:47:05,594 INFO  cn.edu.tsinghua.iot.benchmark.mode.BaseMode:102 - DataClientService-thread-1 99.40% workload is done. 
2026-06-01 17:47:05,594 INFO  cn.edu.tsinghua.iot.benchmark.mode.BaseMode:102 - DataClientService-thread-2 98.70% workload is done. 
2026-06-01 17:47:05,594 INFO  cn.edu.tsinghua.iot.benchmark.mode.BaseMode:102 - DataClientService-thread-3 98.60% workload is done. 
2026-06-01 17:47:05,594 INFO  cn.edu.tsinghua.iot.benchmark.mode.BaseMode:102 - DataClientService-thread-4 99.60% workload is done. 
2026-06-01 17:47:05,594 INFO  cn.edu.tsinghua.iot.benchmark.mode.BaseMode:102 - DataClientService-thread-5 98.00% workload is done. 
2026-06-01 17:47:05,594 INFO  cn.edu.tsinghua.iot.benchmark.mode.BaseMode:102 - DataClientService-thread-6 100.00% workload is done. 
2026-06-01 17:47:05,594 INFO  cn.edu.tsinghua.iot.benchmark.mode.BaseMode:102 - DataClientService-thread-7 100.00% workload is done. 
2026-06-01 17:47:05,594 INFO  cn.edu.tsinghua.iot.benchmark.mode.BaseMode:102 - DataClientService-thread-8 98.30% workload is done. 
2026-06-01 17:47:05,594 INFO  cn.edu.tsinghua.iot.benchmark.mode.BaseMode:102 - DataClientService-thread-9 97.80% workload is done. 
2026-06-01 17:47:05,594 INFO  cn.edu.tsinghua.iot.benchmark.mode.BaseMode:102 - DataClientService-thread-10 97.30% workload is done. 
2026-06-01 17:47:10,594 INFO  cn.edu.tsinghua.iot.benchmark.mode.BaseMode:102 - DataClientService-thread-1 99.60% workload is done. 
2026-06-01 17:47:10,594 INFO  cn.edu.tsinghua.iot.benchmark.mode.BaseMode:102 - DataClientService-thread-2 98.90% workload is done. 
2026-06-01 17:47:10,594 INFO  cn.edu.tsinghua.iot.benchmark.mode.BaseMode:102 - DataClientService-thread-3 98.90% workload is done. 
2026-06-01 17:47:10,594 INFO  cn.edu.tsinghua.iot.benchmark.mode.BaseMode:102 - DataClientService-thread-4 99.80% workload is done. 
2026-06-01 17:47:10,594 INFO  cn.edu.tsinghua.iot.benchmark.mode.BaseMode:102 - DataClientService-thread-5 98.30% workload is done. 
2026-06-01 17:47:10,594 INFO  cn.edu.tsinghua.iot.benchmark.mode.BaseMode:102 - DataClientService-thread-6 100.00% workload is done. 
2026-06-01 17:47:10,594 INFO  cn.edu.tsinghua.iot.benchmark.mode.BaseMode:102 - DataClientService-thread-7 100.00% workload is done. 
2026-06-01 17:47:10,594 INFO  cn.edu.tsinghua.iot.benchmark.mode.BaseMode:102 - DataClientService-thread-8 98.50% workload is done. 
2026-06-01 17:47:10,594 INFO  cn.edu.tsinghua.iot.benchmark.mode.BaseMode:102 - DataClientService-thread-9 98.10% workload is done. 
2026-06-01 17:47:10,594 INFO  cn.edu.tsinghua.iot.benchmark.mode.BaseMode:102 - DataClientService-thread-10 97.50% workload is done. 
2026-06-01 17:47:15,594 INFO  cn.edu.tsinghua.iot.benchmark.mode.BaseMode:102 - DataClientService-thread-1 100.00% workload is done. 
2026-06-01 17:47:15,594 INFO  cn.edu.tsinghua.iot.benchmark.mode.BaseMode:102 - DataClientService-thread-2 99.20% workload is done. 
2026-06-01 17:47:15,594 INFO  cn.edu.tsinghua.iot.benchmark.mode.BaseMode:102 - DataClientService-thread-3 99.10% workload is done. 
2026-06-01 17:47:15,594 INFO  cn.edu.tsinghua.iot.benchmark.mode.BaseMode:102 - DataClientService-thread-4 100.00% workload is done. 
2026-06-01 17:47:15,594 INFO  cn.edu.tsinghua.iot.benchmark.mode.BaseMode:102 - DataClientService-thread-5 98.50% workload is done. 
2026-06-01 17:47:15,594 INFO  cn.edu.tsinghua.iot.benchmark.mode.BaseMode:102 - DataClientService-thread-6 100.00% workload is done. 
2026-06-01 17:47:15,594 INFO  cn.edu.tsinghua.iot.benchmark.mode.BaseMode:102 - DataClientService-thread-7 100.00% workload is done. 
2026-06-01 17:47:15,594 INFO  cn.edu.tsinghua.iot.benchmark.mode.BaseMode:102 - DataClientService-thread-8 98.80% workload is done. 
2026-06-01 17:47:15,594 INFO  cn.edu.tsinghua.iot.benchmark.mode.BaseMode:102 - DataClientService-thread-9 98.40% workload is done. 
2026-06-01 17:47:15,594 INFO  cn.edu.tsinghua.iot.benchmark.mode.BaseMode:102 - DataClientService-thread-10 97.80% workload is done. 
2026-06-01 17:47:20,594 INFO  cn.edu.tsinghua.iot.benchmark.mode.BaseMode:102 - DataClientService-thread-1 100.00% workload is done. 
2026-06-01 17:47:20,594 INFO  cn.edu.tsinghua.iot.benchmark.mode.BaseMode:102 - DataClientService-thread-2 99.40% workload is done. 
2026-06-01 17:47:20,594 INFO  cn.edu.tsinghua.iot.benchmark.mode.BaseMode:102 - DataClientService-thread-3 99.40% workload is done. 
2026-06-01 17:47:20,594 INFO  cn.edu.tsinghua.iot.benchmark.mode.BaseMode:102 - DataClientService-thread-4 100.00% workload is done. 
2026-06-01 17:47:20,594 INFO  cn.edu.tsinghua.iot.benchmark.mode.BaseMode:102 - DataClientService-thread-5 98.80% workload is done. 
2026-06-01 17:47:20,594 INFO  cn.edu.tsinghua.iot.benchmark.mode.BaseMode:102 - DataClientService-thread-6 100.00% workload is done. 
2026-06-01 17:47:20,594 INFO  cn.edu.tsinghua.iot.benchmark.mode.BaseMode:102 - DataClientService-thread-7 100.00% workload is done. 
2026-06-01 17:47:20,594 INFO  cn.edu.tsinghua.iot.benchmark.mode.BaseMode:102 - DataClientService-thread-8 99.00% workload is done. 
2026-06-01 17:47:20,594 INFO  cn.edu.tsinghua.iot.benchmark.mode.BaseMode:102 - DataClientService-thread-9 98.70% workload is done. 
2026-06-01 17:47:20,594 INFO  cn.edu.tsinghua.iot.benchmark.mode.BaseMode:102 - DataClientService-thread-10 98.00% workload is done. 
2026-06-01 17:47:25,594 INFO  cn.edu.tsinghua.iot.benchmark.mode.BaseMode:102 - DataClientService-thread-1 100.00% workload is done. 
2026-06-01 17:47:25,594 INFO  cn.edu.tsinghua.iot.benchmark.mode.BaseMode:102 - DataClientService-thread-2 99.90% workload is done. 
2026-06-01 17:47:25,594 INFO  cn.edu.tsinghua.iot.benchmark.mode.BaseMode:102 - DataClientService-thread-3 99.60% workload is done. 
2026-06-01 17:47:25,594 INFO  cn.edu.tsinghua.iot.benchmark.mode.BaseMode:102 - DataClientService-thread-4 100.00% workload is done. 
2026-06-01 17:47:25,594 INFO  cn.edu.tsinghua.iot.benchmark.mode.BaseMode:102 - DataClientService-thread-5 99.00% workload is done. 
2026-06-01 17:47:25,594 INFO  cn.edu.tsinghua.iot.benchmark.mode.BaseMode:102 - DataClientService-thread-6 100.00% workload is done. 
2026-06-01 17:47:25,594 INFO  cn.edu.tsinghua.iot.benchmark.mode.BaseMode:102 - DataClientService-thread-7 100.00% workload is done. 
2026-06-01 17:47:25,594 INFO  cn.edu.tsinghua.iot.benchmark.mode.BaseMode:102 - DataClientService-thread-8 99.30% workload is done. 
2026-06-01 17:47:25,594 INFO  cn.edu.tsinghua.iot.benchmark.mode.BaseMode:102 - DataClientService-thread-9 99.00% workload is done. 
2026-06-01 17:47:25,594 INFO  cn.edu.tsinghua.iot.benchmark.mode.BaseMode:102 - DataClientService-thread-10 98.30% workload is done. 
2026-06-01 17:47:30,594 INFO  cn.edu.tsinghua.iot.benchmark.mode.BaseMode:102 - DataClientService-thread-1 100.00% workload is done. 
2026-06-01 17:47:30,594 INFO  cn.edu.tsinghua.iot.benchmark.mode.BaseMode:102 - DataClientService-thread-2 100.00% workload is done. 
2026-06-01 17:47:30,594 INFO  cn.edu.tsinghua.iot.benchmark.mode.BaseMode:102 - DataClientService-thread-3 99.90% workload is done. 
2026-06-01 17:47:30,594 INFO  cn.edu.tsinghua.iot.benchmark.mode.BaseMode:102 - DataClientService-thread-4 100.00% workload is done. 
2026-06-01 17:47:30,594 INFO  cn.edu.tsinghua.iot.benchmark.mode.BaseMode:102 - DataClientService-thread-5 99.30% workload is done. 
2026-06-01 17:47:30,594 INFO  cn.edu.tsinghua.iot.benchmark.mode.BaseMode:102 - DataClientService-thread-6 100.00% workload is done. 
2026-06-01 17:47:30,594 INFO  cn.edu.tsinghua.iot.benchmark.mode.BaseMode:102 - DataClientService-thread-7 100.00% workload is done. 
2026-06-01 17:47:30,594 INFO  cn.edu.tsinghua.iot.benchmark.mode.BaseMode:102 - DataClientService-thread-8 99.50% workload is done. 
2026-06-01 17:47:30,594 INFO  cn.edu.tsinghua.iot.benchmark.mode.BaseMode:102 - DataClientService-thread-9 99.40% workload is done. 
2026-06-01 17:47:30,594 INFO  cn.edu.tsinghua.iot.benchmark.mode.BaseMode:102 - DataClientService-thread-10 98.60% workload is done. 
2026-06-01 17:47:35,594 INFO  cn.edu.tsinghua.iot.benchmark.mode.BaseMode:102 - DataClientService-thread-1 100.00% workload is done. 
2026-06-01 17:47:35,594 INFO  cn.edu.tsinghua.iot.benchmark.mode.BaseMode:102 - DataClientService-thread-2 100.00% workload is done. 
2026-06-01 17:47:35,594 INFO  cn.edu.tsinghua.iot.benchmark.mode.BaseMode:102 - DataClientService-thread-3 100.00% workload is done. 
2026-06-01 17:47:35,594 INFO  cn.edu.tsinghua.iot.benchmark.mode.BaseMode:102 - DataClientService-thread-4 100.00% workload is done. 
2026-06-01 17:47:35,594 INFO  cn.edu.tsinghua.iot.benchmark.mode.BaseMode:102 - DataClientService-thread-5 99.50% workload is done. 
2026-06-01 17:47:35,594 INFO  cn.edu.tsinghua.iot.benchmark.mode.BaseMode:102 - DataClientService-thread-6 100.00% workload is done. 
2026-06-01 17:47:35,594 INFO  cn.edu.tsinghua.iot.benchmark.mode.BaseMode:102 - DataClientService-thread-7 100.00% workload is done. 
2026-06-01 17:47:35,594 INFO  cn.edu.tsinghua.iot.benchmark.mode.BaseMode:102 - DataClientService-thread-8 99.90% workload is done. 
2026-06-01 17:47:35,594 INFO  cn.edu.tsinghua.iot.benchmark.mode.BaseMode:102 - DataClientService-thread-9 99.80% workload is done. 
2026-06-01 17:47:35,594 INFO  cn.edu.tsinghua.iot.benchmark.mode.BaseMode:102 - DataClientService-thread-10 98.90% workload is done. 
2026-06-01 17:47:40,594 INFO  cn.edu.tsinghua.iot.benchmark.mode.BaseMode:102 - DataClientService-thread-1 100.00% workload is done. 
2026-06-01 17:47:40,594 INFO  cn.edu.tsinghua.iot.benchmark.mode.BaseMode:102 - DataClientService-thread-2 100.00% workload is done. 
2026-06-01 17:47:40,594 INFO  cn.edu.tsinghua.iot.benchmark.mode.BaseMode:102 - DataClientService-thread-3 100.00% workload is done. 
2026-06-01 17:47:40,594 INFO  cn.edu.tsinghua.iot.benchmark.mode.BaseMode:102 - DataClientService-thread-4 100.00% workload is done. 
2026-06-01 17:47:40,594 INFO  cn.edu.tsinghua.iot.benchmark.mode.BaseMode:102 - DataClientService-thread-5 99.80% workload is done. 
2026-06-01 17:47:40,594 INFO  cn.edu.tsinghua.iot.benchmark.mode.BaseMode:102 - DataClientService-thread-6 100.00% workload is done. 
2026-06-01 17:47:40,594 INFO  cn.edu.tsinghua.iot.benchmark.mode.BaseMode:102 - DataClientService-thread-7 100.00% workload is done. 
2026-06-01 17:47:40,594 INFO  cn.edu.tsinghua.iot.benchmark.mode.BaseMode:102 - DataClientService-thread-8 100.00% workload is done. 
2026-06-01 17:47:40,594 INFO  cn.edu.tsinghua.iot.benchmark.mode.BaseMode:102 - DataClientService-thread-9 100.00% workload is done. 
2026-06-01 17:47:40,594 INFO  cn.edu.tsinghua.iot.benchmark.mode.BaseMode:102 - DataClientService-thread-10 99.30% workload is done. 
2026-06-01 17:47:45,594 INFO  cn.edu.tsinghua.iot.benchmark.mode.BaseMode:102 - DataClientService-thread-1 100.00% workload is done. 
2026-06-01 17:47:45,594 INFO  cn.edu.tsinghua.iot.benchmark.mode.BaseMode:102 - DataClientService-thread-2 100.00% workload is done. 
2026-06-01 17:47:45,594 INFO  cn.edu.tsinghua.iot.benchmark.mode.BaseMode:102 - DataClientService-thread-3 100.00% workload is done. 
2026-06-01 17:47:45,594 INFO  cn.edu.tsinghua.iot.benchmark.mode.BaseMode:102 - DataClientService-thread-4 100.00% workload is done. 
2026-06-01 17:47:45,594 INFO  cn.edu.tsinghua.iot.benchmark.mode.BaseMode:102 - DataClientService-thread-5 100.00% workload is done. 
2026-06-01 17:47:45,594 INFO  cn.edu.tsinghua.iot.benchmark.mode.BaseMode:102 - DataClientService-thread-6 100.00% workload is done. 
2026-06-01 17:47:45,594 INFO  cn.edu.tsinghua.iot.benchmark.mode.BaseMode:102 - DataClientService-thread-7 100.00% workload is done. 
2026-06-01 17:47:45,594 INFO  cn.edu.tsinghua.iot.benchmark.mode.BaseMode:102 - DataClientService-thread-8 100.00% workload is done. 
2026-06-01 17:47:45,594 INFO  cn.edu.tsinghua.iot.benchmark.mode.BaseMode:102 - DataClientService-thread-9 100.00% workload is done. 
2026-06-01 17:47:45,594 INFO  cn.edu.tsinghua.iot.benchmark.mode.BaseMode:102 - DataClientService-thread-10 99.70% workload is done. 
2026-06-01 17:47:50,594 INFO  cn.edu.tsinghua.iot.benchmark.mode.BaseMode:102 - DataClientService-thread-1 100.00% workload is done. 
2026-06-01 17:47:50,594 INFO  cn.edu.tsinghua.iot.benchmark.mode.BaseMode:102 - DataClientService-thread-2 100.00% workload is done. 
2026-06-01 17:47:50,594 INFO  cn.edu.tsinghua.iot.benchmark.mode.BaseMode:102 - DataClientService-thread-3 100.00% workload is done. 
2026-06-01 17:47:50,594 INFO  cn.edu.tsinghua.iot.benchmark.mode.BaseMode:102 - DataClientService-thread-4 100.00% workload is done. 
2026-06-01 17:47:50,594 INFO  cn.edu.tsinghua.iot.benchmark.mode.BaseMode:102 - DataClientService-thread-5 100.00% workload is done. 
2026-06-01 17:47:50,594 INFO  cn.edu.tsinghua.iot.benchmark.mode.BaseMode:102 - DataClientService-thread-6 100.00% workload is done. 
2026-06-01 17:47:50,594 INFO  cn.edu.tsinghua.iot.benchmark.mode.BaseMode:102 - DataClientService-thread-7 100.00% workload is done. 
2026-06-01 17:47:50,594 INFO  cn.edu.tsinghua.iot.benchmark.mode.BaseMode:102 - DataClientService-thread-8 100.00% workload is done. 
2026-06-01 17:47:50,594 INFO  cn.edu.tsinghua.iot.benchmark.mode.BaseMode:102 - DataClientService-thread-9 100.00% workload is done. 
2026-06-01 17:47:50,594 INFO  cn.edu.tsinghua.iot.benchmark.mode.BaseMode:102 - DataClientService-thread-10 99.90% workload is done. 
2026-06-01 17:47:53,786 INFO  cn.edu.tsinghua.iot.benchmark.mode.BaseMode:313 - All dataClients finished. The final test result is: 
----------------------Main Configurations----------------------
########### Test Mode ###########
BENCHMARK_WORK_MODE=testWithDefaultPath
IoTDB_DIALECT_MODE=TABLE
########### Database Connection Information ###########
DOUBLE_WRITE=false
DBConfig=
  DB_SWITCH=IoTDB-200-SESSION_BY_TABLET
  HOST=[172.20.70.30, 172.20.70.26, 172.20.70.27, 172.20.70.14, 172.20.70.4]
########### Data Mode ###########
GROUP_NUMBER=1
IoTDB_TABLE_NUMBER=1
DEVICE_NUMBER=100
REAL_INSERT_RATE=1.0
SENSOR_NUMBER=12
IS_SENSOR_TS_ALIGNMENT=true
IS_OUT_OF_ORDER=false
OUT_OF_ORDER_RATIO=0.5
########### Data Amount ###########
OPERATION_PROPORTION=91:1:2:0:2:0:0:1:1:2:0:0:0
SCHEMA_CLIENT_NUMBER=1
DATA_CLIENT_NUMBER=10
LOOP=1000
BATCH_SIZE_PER_WRITE=1
DEVICE_NUM_PER_WRITE=1
START_TIME=2026-06-01T17:16:11+08:00
POINT_STEP=1000
OP_MIN_INTERVAL=0
OP_MIN_INTERVAL_RANDOM=false
INTERVAL_BETWEEN_WRITE_BATCH=200
INSERT_DATATYPE_PROPORTION=0:0:0:0:0:0:8:0:3:0:1
ENCODINGS=RLE/TS_2DIFF/TS_2DIFF/GORILLA/GORILLA/DICTIONARY/PLAIN/PLAIN/TS_2DIFF/TS_2DIFF
COMPRESSOR=LZ4
########### Query Param ###########
QUERY_DEVICE_NUM=1
QUERY_SENSOR_NUM=1
QUERY_INTERVAL=1000
STEP_SIZE=0
IS_RECENT_QUERY=false
########### Other Param ###########
IS_DELETE_DATA=false
CREATE_SCHEMA=true
BENCHMARK_CLUSTER=false
VECTOR=true

---------------------------------------------------------------

Create schema cost 0.18 second
Test elapsed time (not include schema creation): 1897.10 second
----------------------------------------------------------Result Matrix----------------------------------------------------------
Operation                okOperation              okPoint                  failOperation            failPoint                throughput(point/s)      
INGESTION                91060                    1092720                  0                        0                        575.99                   
PRECISE_POINT            93                       0                        0                        0                        0.00                     
TIME_RANGE               204                      0                        0                        0                        0.00                     
VALUE_RANGE              0                        0                        0                        0                        0.00                     
AGG_RANGE                200                      0                        0                        0                        0.00                     
AGG_VALUE                0                        0                        0                        0                        0.00                     
AGG_RANGE_VALUE          0                        0                        0                        0                        0.00                     
GROUP_BY                 118                      0                        0                        0                        0.00                     
LATEST_POINT             94                       94                       0                        0                        0.05                     
RANGE_QUERY_DESC         185                      0                        0                        0                        0.00                     
VALUE_RANGE_QUERY_DESC   0                        0                        0                        0                        0.00                     
GROUP_BY_DESC            0                        0                        0                        0                        0.00                     
SET_OPERATION            0                        0                        0                        0                        0.00                     
---------------------------------------------------------------------------------------------------------------------------------

--------------------------------------------------------------------------Latency (ms) Matrix--------------------------------------------------------------------------
Operation                AVG         MIN         P10         P25         MEDIAN      P75         P90         P95         P99         P999        MAX         SLOWEST_THREAD
INGESTION                14.34       4.87        5.82        6.28        7.35        9.49        13.44       17.83       140.57      660.10      15256.99    141649.77   
PRECISE_POINT            251.84      7.22        7.61        8.54        9.85        18.69       421.32      1488.07     6495.51     5284.88     5150.36     6730.22     
TIME_RANGE               154.10      6.74        7.72        8.46        9.92        17.13       330.68      519.26      2043.50     5238.62     5068.82     6583.74     
VALUE_RANGE              0.00        0.00        0.00        0.00        0.00        0.00        0.00        0.00        0.00        0.00        0.00        0.00        
AGG_RANGE                264.38      8.40        9.58        10.63       12.34       71.03       416.36      731.42      4805.91     7368.54     7247.47     16780.71    
AGG_VALUE                0.00        0.00        0.00        0.00        0.00        0.00        0.00        0.00        0.00        0.00        0.00        0.00        
AGG_RANGE_VALUE          0.00        0.00        0.00        0.00        0.00        0.00        0.00        0.00        0.00        0.00        0.00        0.00        
GROUP_BY                 58.91       8.95        10.07       11.00       12.38       16.94       214.66      227.16      546.83      933.22      903.87      2305.65     
LATEST_POINT             199.81      10.58       11.56       12.64       15.10       46.84       226.65      825.49      4053.19     3956.44     3945.69     7937.09     
RANGE_QUERY_DESC         229.47      7.77        9.00        10.08       12.43       88.00       412.64      823.42      4181.31     7447.60     6942.86     8736.57     
VALUE_RANGE_QUERY_DESC   0.00        0.00        0.00        0.00        0.00        0.00        0.00        0.00        0.00        0.00        0.00        0.00        
GROUP_BY_DESC            0.00        0.00        0.00        0.00        0.00        0.00        0.00        0.00        0.00        0.00        0.00        0.00        
SET_OPERATION            0.00        0.00        0.00        0.00        0.00        0.00        0.00        0.00        0.00        0.00        0.00        0.00        
-----------------------------------------------------------------------------------------------------------------------------------------------------------------------
 
